situation_id,street,facing_bet,pot_size,to_call,pot_odds,bet_to_pot,hero_position,villain_position,is_ip,hand_category,hand_rank,is_made_hand,is_strong_made,is_monster,has_flush_draw,has_straight_draw,draw_outs,is_monotone,is_two_tone,is_rainbow,is_paired,is_double_paired,connectivity_score,high_card_rank,danger_score,flush_danger,straight_danger,raw_equity,equity_vs_range,better_hand_pct,worse_hand_pct,equity_margin,spr,is_3bet_pot,villain_aggression_count,villain_checked_back,villain_call_count,num_opponents,villain_top_pair_plus_pct,villain_draw_pct,villain_air_pct,villain_range_capped,board_favour,num_callers_to_bet,facing_raise,flush_block_pct,overcard_outs,improvement_probability,hero_range_percentile,has_showdown_value,villain_fold_equity_estimate,flush_draw_rank,is_preflop_aggressor,villain_medium_made_pct,attn_street,attn_facing_bet,attn_pot_size,attn_to_call,attn_pot_odds,attn_bet_to_pot,attn_hero_position,attn_villain_position,attn_is_ip,attn_hand_category,attn_hand_rank,attn_is_made_hand,attn_is_strong_made,attn_is_monster,attn_has_flush_draw,attn_has_straight_draw,attn_draw_outs,attn_is_monotone,attn_is_two_tone,attn_is_rainbow,attn_is_paired,attn_is_double_paired,attn_connectivity_score,attn_high_card_rank,attn_danger_score,attn_flush_danger,attn_straight_danger,attn_raw_equity,attn_equity_vs_range,attn_better_hand_pct,attn_worse_hand_pct,attn_equity_margin,attn_spr,attn_is_3bet_pot,attn_villain_aggression_count,attn_villain_checked_back,attn_villain_call_count,attn_num_opponents,attn_villain_top_pair_plus_pct,attn_villain_draw_pct,attn_villain_air_pct,attn_villain_range_capped,attn_board_favour,attn_num_callers_to_bet,attn_facing_raise,attn_flush_block_pct,attn_overcard_outs,attn_improvement_probability,attn_hero_range_percentile,attn_has_showdown_value,attn_villain_fold_equity_estimate,attn_flush_draw_rank,attn_is_preflop_aggressor,attn_villain_medium_made_pct,label,label_source
BP1_01,0,1.0,90.0,30.0,0.25,0.333333,3,0,1.0,1.0,0.34,0.0,0.0,0.0,1.0,0.0,9.0,0.0,1.0,0.0,0.0,0.0,2.0,10.0,0.25,0.25,0.0,0.45475,0.45475,0.679513,0.319826,0.20475,1.1111,0.0,0.0,0.0,1.0,2.0,0.3149,0.0174,0.3386,1.0,-0.0149,0.0,0.0,0.238095,3.0,0.191489,0.60315,0.0,0.457517,14.0,1.0,0.3291,0.0,0.0,0.0,0.0,0.0,1.0,0.0,0.0,1.0,0.0,1.0,0.0,0.0,0.0,1.0,0.0,1.0,0.0,0.0,0.0,0.0,0.0,0.0,1.0,0.0,0.0,0.0,1.0,1.0,0.0,0.0,0.0,1.0,0.0,0.0,0.0,0.0,0.0,1.0,1.0,1.0,0.0,0.0,0.0,0.0,1.0,0.0,1.0,1.0,0.0,1.0,1.0,1.0,1.0,RAISE,Pass1+relabel consensus
BP1_02,0,1.0,90.0,30.0,0.25,0.333333,3,0,1.0,1.0,0.34,0.0,0.0,0.0,1.0,0.0,9.0,0.0,1.0,0.0,0.0,0.0,2.0,10.0,0.25,0.25,0.0,0.45325,0.45325,0.693086,0.280366,0.20325,1.1111,0.0,0.0,0.0,1.0,2.0,0.3149,0.0174,0.3386,1.0,-0.0149,0.0,0.0,0.157542,3.0,0.191489,0.572416,0.0,0.457517,14.0,1.0,0.3291,0.0,0.0,0.0,0.0,1.0,1.0,0.0,0.0,1.0,1.0,1.0,0.0,0.0,0.0,1.0,0.0,1.0,0.0,1.0,0.0,0.0,0.0,0.0,1.0,0.0,1.0,0.0,1.0,1.0,0.0,0.0,1.0,0.0,0.0,0.0,0.0,0.0,0.0,1.0,1.0,1.0,1.0,0.0,0.0,0.0,1.0,1.0,1.0,1.0,0.0,1.0,1.0,1.0,1.0,RAISE,Pass1+relabel consensus
BP1_03,0,1.0,90.0,30.0,0.25,0.333333,5,0,0.0,1.0,0.34,0.0,0.0,0.0,1.0,0.0,9.0,0.0,1.0,0.0,0.0,0.0,2.0,12.0,0.25,0.25,0.0,0.378,0.378,0.912147,0.021355,0.128,1.1111,0.0,0.0,0.0,1.0,2.0,0.3436,0.3913,0.0168,1.0,-0.0436,0.0,0.0,0.058275,3.0,0.191489,0.548204,0.0,0.212291,14.0,0.0,0.2483,0.0,0.0,0.0,0.0,1.0,1.0,0.0,0.0,1.0,1.0,0.0,0.0,0.0,0.0,1.0,0.0,1.0,0.0,1.0,0.0,0.0,0.0,0.0,0.0,0.0,1.0,0.0,1.0,1.0,0.0,0.0,0.0,1.0,0.0,0.0,0.0,0.0,0.0,1.0,1.0,1.0,1.0,1.0,0.0,0.0,1.0,1.0,1.0,1.0,0.0,1.0,1.0,1.0,1.0,RAISE,Pass1+relabel consensus
BP1_04,0,1.0,90.0,30.0,0.25,0.333333,5,0,0.0,1.0,0.34,0.0,0.0,0.0,1.0,0.0,9.0,0.0,1.0,0.0,0.0,0.0,2.0,12.0,0.25,0.25,0.0,0.40075,0.40075,0.978405,0.019141,0.15075,1.1111,0.0,0.0,0.0,1.0,2.0,0.3436,0.3913,0.0168,1.0,-0.0436,0.0,0.0,0.057537,3.0,0.191489,0.540643,0.0,0.212291,14.0,0.0,0.2483,0.0,1.0,0.0,0.0,1.0,1.0,0.0,0.0,1.0,1.0,1.0,1.0,0.0,0.0,1.0,0.0,1.0,0.0,1.0,0.0,0.0,0.0,0.0,0.0,0.0,1.0,0.0,1.0,1.0,1.0,1.0,0.0,0.0,0.0,0.0,0.0,0.0,0.0,1.0,1.0,1.0,1.0,0.0,0.0,0.0,1.0,1.0,1.0,1.0,0.0,1.0,1.0,0.0,1.0,CALL,Pass1+relabel consensus
BP1_05,0,1.0,90.0,30.0,0.25,0.333333,2,0,1.0,1.0,0.34,0.0,0.0,0.0,1.0,0.0,9.0,0.0,1.0,0.0,0.0,0.0,2.0,11.0,0.25,0.25,0.0,0.41175,0.41175,0.743955,0.255401,0.16175,1.1111,0.0,0.0,0.0,1.0,2.0,0.314,0.0,0.372,1.0,-0.014,0.0,0.0,0.124654,3.0,0.191489,0.507075,0.0,0.470596,14.0,1.0,0.314,0.0,0.0,0.0,0.0,1.0,1.0,0.0,0.0,1.0,1.0,1.0,0.0,0.0,0.0,0.0,0.0,1.0,0.0,1.0,0.0,0.0,0.0,0.0,1.0,0.0,1.0,0.0,1.0,1.0,0.0,1.0,1.0,1.0,0.0,0.0,0.0,0.0,1.0,1.0,1.0,1.0,1.0,0.0,0.0,0.0,1.0,0.0,1.0,1.0,0.0,1.0,1.0,0.0,1.0,RAISE,Pass1+relabel consensus
BP1_06,0,1.0,90.0,30.0,0.25,0.333333,2,0,1.0,1.0,0.34,0.0,0.0,0.0,1.0,0.0,9.0,0.0,1.0,0.0,0.0,0.0,2.0,11.0,0.25,0.25,0.0,0.4285,0.4285,0.753272,0.236045,0.1785,1.1111,0.0,0.0,0.0,1.0,2.0,0.314,0.0,0.372,1.0,-0.014,0.0,0.0,0.140751,3.0,0.191489,0.483491,0.0,0.470596,14.0,1.0,0.314,0.0,1.0,0.0,0.0,1.0,1.0,0.0,0.0,1.0,1.0,1.0,0.0,0.0,0.0,1.0,0.0,1.0,0.0,1.0,0.0,0.0,0.0,0.0,1.0,0.0,0.0,0.0,0.0,1.0,0.0,1.0,0.0,1.0,0.0,0.0,0.0,0.0,0.0,1.0,1.0,1.0,1.0,1.0,1.0,0.0,1.0,0.0,1.0,1.0,0.0,1.0,1.0,0.0,1.0,RAISE,Pass1+relabel consensus
BP1_07,0,1.0,90.0,30.0,0.25,0.333333,5,0,0.0,1.0,0.34,0.0,0.0,0.0,1.0,0.0,9.0,0.0,1.0,0.0,0.0,0.0,2.0,13.0,0.25,0.25,0.0,0.38825,0.38825,0.820765,0.179235,0.13825,1.1111,0.0,0.0,0.0,1.0,2.0,0.4013,0.0,0.2173,1.0,-0.1013,0.0,0.0,0.065161,3.0,0.191489,0.543726,0.0,0.358442,14.0,0.0,0.3814,0.0,0.0,0.0,0.0,1.0,1.0,0.0,0.0,1.0,0.0,0.0,0.0,0.0,0.0,1.0,0.0,1.0,0.0,1.0,0.0,0.0,0.0,0.0,1.0,0.0,0.0,0.0,1.0,1.0,0.0,1.0,0.0,0.0,0.0,0.0,0.0,0.0,1.0,1.0,1.0,1.0,0.0,0.0,0.0,0.0,1.0,1.0,1.0,1.0,0.0,1.0,1.0,0.0,1.0,RAISE,Pass1+relabel consensus
BP1_08,0,1.0,90.0,30.0,0.25,0.333333,5,0,0.0,1.0,0.34,0.0,0.0,0.0,1.0,0.0,9.0,0.0,1.0,0.0,0.0,0.0,2.0,13.0,0.25,0.25,0.0,0.39875,0.39875,0.872004,0.076337,0.14875,1.1111,0.0,0.0,0.0,1.0,2.0,0.4013,0.0,0.2173,1.0,-0.1013,0.0,0.0,0.063105,3.0,0.191489,0.528517,0.0,0.358442,14.0,0.0,0.3814,0.0,0.0,0.0,0.0,1.0,1.0,0.0,0.0,1.0,1.0,1.0,1.0,0.0,0.0,1.0,0.0,1.0,0.0,0.0,0.0,0.0,0.0,0.0,1.0,0.0,0.0,0.0,0.0,1.0,1.0,0.0,0.0,0.0,0.0,0.0,0.0,0.0,0.0,1.0,1.0,1.0,1.0,0.0,0.0,0.0,1.0,0.0,1.0,1.0,0.0,1.0,1.0,1.0,1.0,RAISE,SOLVER revert — Pass 1 majority RAISE was correct (Pass 2 CALL override wrong)
BP1_09,0,1.0,90.0,30.0,0.25,0.333333,3,0,1.0,0.0,0.18,0.0,0.0,0.0,1.0,1.0,13.0,0.0,1.0,0.0,0.0,0.0,2.0,10.0,0.25,0.25,0.0,0.46525,0.46525,0.97511,0.024333,0.21525,1.1111,0.0,0.0,0.0,1.0,2.0,0.3149,0.0174,0.3386,1.0,-0.0149,0.0,0.0,0.042373,0.0,0.255319,0.395697,0.0,0.457517,8.0,1.0,0.3291,0.0,0.0,0.0,0.0,1.0,1.0,0.0,0.0,1.0,0.0,0.0,0.0,0.0,0.0,1.0,1.0,1.0,0.0,0.0,0.0,0.0,0.0,0.0,0.0,0.0,0.0,0.0,1.0,1.0,0.0,0.0,1.0,0.0,0.0,0.0,0.0,0.0,1.0,1.0,1.0,1.0,1.0,0.0,0.0,0.0,1.0,0.0,1.0,1.0,0.0,0.0,1.0,0.0,1.0,CALL,Pass1+relabel consensus
BP1_10,0,1.0,90.0,30.0,0.25,0.333333,3,0,1.0,0.0,0.18,0.0,0.0,0.0,1.0,1.0,17.0,0.0,1.0,0.0,0.0,0.0,2.0,9.0,0.25,0.25,0.0,0.53875,0.53875,0.942275,0.056795,0.28875,1.1111,0.0,0.0,0.0,1.0,2.0,0.2542,0.4442,0.0855,1.0,0.0458,0.0,0.0,0.025619,0.0,0.319149,0.400916,0.0,0.274262,8.0,1.0,0.2162,0.0,1.0,0.0,0.0,1.0,1.0,0.0,0.0,1.0,1.0,0.0,1.0,0.0,0.0,1.0,1.0,1.0,0.0,0.0,0.0,0.0,0.0,0.0,0.0,0.0,0.0,0.0,1.0,1.0,1.0,0.0,0.0,0.0,0.0,0.0,0.0,0.0,0.0,1.0,1.0,1.0,0.0,0.0,0.0,0.0,1.0,0.0,1.0,1.0,0.0,1.0,1.0,0.0,1.0,CALL,Pass1+relabel consensus
BP1_11,0,1.0,90.0,30.0,0.25,0.333333,3,0,1.0,1.0,0.3,0.0,0.0,0.0,1.0,1.0,13.0,0.0,1.0,0.0,0.0,0.0,2.0,9.0,0.25,0.25,0.0,0.4795,0.4795,0.907763,0.067947,0.2295,1.1111,0.0,0.0,0.0,1.0,2.0,0.2542,0.4442,0.0855,1.0,0.0458,0.0,0.0,0.087931,3.0,0.255319,0.416189,0.0,0.274262,10.0,1.0,0.2162,0.0,0.0,0.0,0.0,1.0,1.0,0.0,0.0,1.0,1.0,0.0,0.0,0.0,0.0,1.0,0.0,1.0,0.0,1.0,0.0,0.0,0.0,1.0,1.0,0.0,0.0,0.0,1.0,1.0,0.0,1.0,1.0,1.0,0.0,0.0,0.0,0.0,1.0,1.0,1.0,1.0,1.0,0.0,0.0,0.0,1.0,0.0,1.0,1.0,0.0,1.0,1.0,0.0,1.0,CALL,Pass1+relabel consensus
BP1_12,0,1.0,90.0,30.0,0.25,0.333333,4,0,0.0,0.0,0.21,0.0,0.0,0.0,1.0,1.0,17.0,0.0,1.0,0.0,0.0,0.0,2.0,12.0,0.25,0.25,0.0,0.5155,0.5155,0.933868,0.031121,0.2655,1.1111,0.0,0.0,0.0,1.0,2.0,0.4221,0.0453,0.1958,1.0,-0.1221,0.0,0.0,0.0,0.0,0.319149,0.19322,0.0,0.308303,11.0,0.0,0.3368,0.0,0.0,0.0,0.0,1.0,1.0,0.0,0.0,1.0,1.0,0.0,1.0,0.0,0.0,1.0,1.0,1.0,0.0,0.0,0.0,0.0,0.0,0.0,0.0,0.0,0.0,0.0,1.0,1.0,1.0,0.0,0.0,1.0,0.0,0.0,0.0,0.0,0.0,1.0,1.0,1.0,0.0,0.0,0.0,0.0,1.0,0.0,1.0,1.0,0.0,1.0,1.0,0.0,1.0,CALL,Pass1+relabel consensus
BP1_13,0,1.0,90.0,30.0,0.25,0.333333,4,0,0.0,0.0,0.18,0.0,0.0,0.0,1.0,1.0,13.0,0.0,1.0,0.0,0.0,0.0,2.0,12.0,0.25,0.25,0.0,0.428,0.428,0.978029,0.010986,0.178,1.1111,0.0,0.0,0.0,1.0,2.0,0.4221,0.0453,0.1958,1.0,-0.1221,0.0,0.0,0.0,0.0,0.255319,0.161017,0.0,0.308303,8.0,0.0,0.3368,0.0,0.0,0.0,0.0,1.0,1.0,0.0,0.0,1.0,1.0,1.0,0.0,0.0,0.0,0.0,0.0,1.0,0.0,1.0,0.0,0.0,0.0,1.0,0.0,0.0,1.0,0.0,1.0,1.0,1.0,1.0,1.0,1.0,0.0,0.0,0.0,0.0,0.0,1.0,1.0,1.0,0.0,0.0,0.0,0.0,1.0,0.0,1.0,1.0,0.0,1.0,1.0,1.0,1.0,CALL,Pass1+relabel consensus
BP1_14,1,1.0,90.0,30.0,0.25,0.333333,2,0,1.0,0.0,0.21,0.0,0.0,0.0,1.0,1.0,13.0,0.0,0.0,1.0,0.0,0.0,2.0,13.0,0.08,0.0,0.0,0.327,0.327,0.959104,0.040086,0.077,1.1111,0.0,0.0,1.0,1.0,2.0,0.2942,0.4046,0.0701,1.0,0.0058,0.0,0.0,0.179927,0.0,0.326087,0.231214,0.0,0.253512,11.0,1.0,0.2312,0.0,0.0,0.0,0.0,1.0,1.0,0.0,0.0,1.0,0.0,0.0,0.0,0.0,0.0,0.0,0.0,1.0,0.0,0.0,0.0,0.0,0.0,1.0,1.0,1.0,0.0,0.0,0.0,1.0,1.0,0.0,0.0,0.0,0.0,0.0,0.0,0.0,0.0,1.0,1.0,1.0,1.0,1.0,0.0,0.0,1.0,0.0,1.0,1.0,0.0,1.0,1.0,1.0,1.0,CALL,Pass1+relabel consensus
BP1_15,1,1.0,180.0,59.0,0.246862,0.327778,3,0,1.0,1.0,0.33,0.0,0.0,0.0,1.0,1.0,17.0,0.0,0.0,1.0,0.0,0.0,4.0,12.0,0.38,0.0,0.3,0.357,0.357,0.798638,0.199629,0.110138,0.5556,0.0,1.0,0.0,1.0,2.0,0.3118,0.0837,0.3042,1.0,-0.0118,0.0,0.0,0.107438,3.0,0.326087,0.454911,0.0,0.417768,13.0,1.0,0.3004,0.0,1.0,0.0,0.0,1.0,1.0,0.0,0.0,1.0,1.0,0.0,0.0,0.0,0.0,1.0,1.0,1.0,0.0,0.0,0.0,0.0,0.0,1.0,0.0,0.0,0.0,0.0,1.0,1.0,1.0,0.0,1.0,1.0,0.0,0.0,0.0,1.0,0.0,1.0,1.0,1.0,1.0,0.0,0.0,0.0,1.0,0.0,1.0,1.0,0.0,1.0,1.0,1.0,1.0,CALL,Pass1+relabel consensus
BP1_16,0,1.0,90.0,30.0,0.25,0.333333,5,0,0.0,0.0,0.17,0.0,0.0,0.0,1.0,1.0,17.0,0.0,1.0,0.0,0.0,0.0,2.0,10.0,0.25,0.25,0.0,0.5045,0.5045,1.0,0.0,0.2545,1.1111,0.0,0.0,0.0,1.0,2.0,0.4768,0.0,0.2096,1.0,-0.1768,0.0,0.0,0.0,0.0,0.319149,0.380769,0.0,0.273738,7.0,0.0,0.3135,0.0,0.0,0.0,0.0,1.0,1.0,0.0,0.0,1.0,1.0,1.0,0.0,0.0,0.0,1.0,1.0,1.0,0.0,0.0,0.0,0.0,0.0,0.0,0.0,0.0,0.0,0.0,1.0,1.0,0.0,0.0,0.0,1.0,0.0,0.0,0.0,0.0,0.0,1.0,1.0,1.0,1.0,0.0,0.0,0.0,1.0,0.0,1.0,1.0,0.0,1.0,1.0,0.0,1.0,CALL,Pass1+relabel consensus
BP1_17,0,1.0,90.0,30.0,0.25,0.333333,3,0,1.0,10.0,2.6725,1.0,1.0,0.0,0.0,0.0,0.0,0.0,0.0,1.0,0.0,0.0,2.0,13.0,0.0,0.0,0.0,0.7885,0.7885,0.019471,0.970443,0.5385,1.1111,0.0,0.0,0.0,1.0,2.0,0.2405,0.0,0.3234,1.0,0.0595,0.0,0.0,0.0,0.0,1.0,0.973193,1.0,0.57684,0.0,1.0,0.4362,0.0,0.0,0.0,0.0,0.0,1.0,0.0,0.0,1.0,1.0,1.0,1.0,0.0,0.0,0.0,0.0,0.0,0.0,0.0,0.0,0.0,0.0,0.0,0.0,1.0,0.0,0.0,1.0,1.0,0.0,1.0,0.0,1.0,0.0,0.0,0.0,0.0,0.0,1.0,1.0,1.0,0.0,1.0,0.0,0.0,0.0,0.0,0.0,1.0,0.0,1.0,0.0,0.0,1.0,RAISE,Pass1+relabel consensus
BP1_18,0,1.0,90.0,30.0,0.25,0.333333,2,0,1.0,10.0,2.57,1.0,1.0,0.0,0.0,0.0,0.0,0.0,0.0,1.0,0.0,0.0,2.0,11.0,0.0,0.0,0.0,0.70775,0.70775,0.030352,0.969455,0.45775,1.1111,0.0,0.0,0.0,1.0,2.0,0.3289,0.0421,0.3327,1.0,-0.0289,0.0,0.0,0.0,0.0,1.0,0.921506,1.0,0.422565,0.0,1.0,0.2964,0.0,1.0,0.0,0.0,0.0,1.0,0.0,0.0,1.0,1.0,0.0,1.0,0.0,0.0,0.0,0.0,0.0,0.0,0.0,0.0,0.0,0.0,0.0,0.0,1.0,0.0,0.0,1.0,1.0,1.0,1.0,0.0,1.0,0.0,0.0,0.0,0.0,0.0,1.0,1.0,1.0,1.0,0.0,0.0,0.0,0.0,0.0,1.0,1.0,0.0,1.0,0.0,0.0,1.0,RAISE,Pass1+relabel consensus
BP1_19,1,1.0,180.0,59.0,0.246862,0.327778,5,0,0.0,10.0,2.6775,1.0,1.0,0.0,0.0,0.0,0.0,0.0,0.0,1.0,0.0,0.0,2.0,13.0,0.08,0.0,0.0,0.67,0.67,0.060661,0.939339,0.423138,0.5556,0.0,0.0,0.0,2.0,2.0,0.5319,0.1144,0.1013,1.0,-0.2319,0.0,0.0,0.0,0.0,1.0,0.969246,1.0,0.168839,0.0,0.0,0.2524,0.0,0.0,0.0,0.0,1.0,1.0,0.0,0.0,1.0,1.0,1.0,1.0,0.0,0.0,0.0,0.0,0.0,0.0,0.0,0.0,1.0,0.0,0.0,0.0,1.0,1.0,0.0,1.0,1.0,1.0,1.0,1.0,1.0,0.0,0.0,0.0,0.0,0.0,1.0,1.0,1.0,1.0,0.0,0.0,0.0,0.0,0.0,1.0,1.0,0.0,1.0,0.0,0.0,1.0,RAISE,Pass1+relabel consensus
BP1_20,1,1.0,90.0,30.0,0.25,0.333333,2,0,1.0,10.0,2.6675,1.0,1.0,0.0,0.0,0.0,0.0,0.0,0.0,1.0,0.0,0.0,2.0,13.0,0.08,0.0,0.0,0.70375,0.70375,0.057789,0.942052,0.45375,1.1111,0.0,0.0,1.0,1.0,2.0,0.2942,0.4046,0.0701,1.0,0.0058,0.0,0.0,0.0,0.0,1.0,0.882884,1.0,0.253512,0.0,1.0,0.2312,0.0,0.0,0.0,0.0,0.0,0.0,0.0,0.0,1.0,1.0,1.0,1.0,1.0,0.0,0.0,0.0,0.0,0.0,1.0,0.0,0.0,0.0,0.0,0.0,1.0,0.0,0.0,1.0,1.0,1.0,1.0,1.0,1.0,0.0,0.0,1.0,0.0,0.0,1.0,1.0,1.0,1.0,0.0,0.0,0.0,0.0,0.0,1.0,1.0,0.0,1.0,0.0,0.0,1.0,RAISE,Pass1+relabel consensus
BP1_21,0,1.0,90.0,30.0,0.25,0.333333,3,0,1.0,1.0,0.32,0.0,0.0,0.0,1.0,0.0,9.0,0.0,1.0,0.0,0.0,0.0,2.0,10.0,0.25,0.25,0.0,0.4105,0.4105,0.883073,0.090713,0.1605,1.1111,0.0,0.0,0.0,1.0,2.0,0.3149,0.0174,0.3386,1.0,-0.0149,0.0,0.0,0.102591,3.0,0.191489,0.487899,0.0,0.457517,12.0,1.0,0.3291,0.0,0.0,0.0,0.0,1.0,1.0,0.0,0.0,1.0,1.0,0.0,0.0,0.0,0.0,1.0,0.0,1.0,0.0,1.0,0.0,0.0,0.0,1.0,0.0,0.0,0.0,0.0,1.0,1.0,0.0,1.0,0.0,1.0,0.0,0.0,0.0,1.0,0.0,1.0,1.0,1.0,1.0,0.0,0.0,0.0,1.0,1.0,1.0,1.0,0.0,1.0,1.0,1.0,1.0,CALL,Pass1+relabel consensus
BP1_22,0,1.0,90.0,30.0,0.25,0.333333,3,0,1.0,1.0,0.31,0.0,0.0,0.0,1.0,0.0,9.0,0.0,1.0,0.0,0.0,0.0,2.0,10.0,0.25,0.25,0.0,0.38375,0.38375,0.94868,0.051167,0.13375,1.1111,0.0,0.0,0.0,1.0,2.0,0.3149,0.0174,0.3386,1.0,-0.0149,0.0,0.0,0.082434,3.0,0.191489,0.434114,0.0,0.457517,11.0,1.0,0.3291,0.0,0.0,0.0,0.0,1.0,1.0,0.0,0.0,1.0,1.0,0.0,0.0,0.0,0.0,1.0,0.0,1.0,0.0,1.0,0.0,0.0,0.0,0.0,0.0,0.0,0.0,0.0,1.0,1.0,0.0,0.0,0.0,1.0,0.0,0.0,0.0,0.0,1.0,1.0,1.0,1.0,1.0,0.0,0.0,0.0,1.0,0.0,1.0,1.0,0.0,1.0,1.0,1.0,1.0,CALL,Pass1+relabel consensus
BP1_23,0,1.0,90.0,30.0,0.25,0.333333,5,0,0.0,1.0,0.33,0.0,0.0,0.0,1.0,0.0,9.0,0.0,1.0,0.0,0.0,0.0,2.0,12.0,0.25,0.25,0.0,0.36225,0.36225,0.991373,0.008627,0.11225,1.1111,0.0,0.0,0.0,1.0,2.0,0.3436,0.3913,0.0168,1.0,-0.0436,0.0,0.0,0.054328,3.0,0.191489,0.495274,0.0,0.212291,13.0,0.0,0.2483,0.0,0.0,0.0,0.0,1.0,1.0,0.0,0.0,1.0,0.0,0.0,0.0,0.0,0.0,1.0,0.0,1.0,0.0,1.0,0.0,0.0,0.0,0.0,0.0,0.0,0.0,0.0,1.0,1.0,1.0,0.0,1.0,1.0,0.0,0.0,0.0,0.0,0.0,1.0,1.0,1.0,0.0,0.0,0.0,0.0,1.0,1.0,1.0,1.0,0.0,1.0,1.0,0.0,1.0,CALL,Pass1+relabel consensus
BP1_24,0,1.0,90.0,30.0,0.25,0.333333,5,0,0.0,0.0,0.21,0.0,0.0,0.0,1.0,0.0,9.0,0.0,1.0,0.0,0.0,0.0,2.0,13.0,0.25,0.25,0.0,0.36,0.36,0.974577,0.002545,0.11,1.1111,0.0,0.0,0.0,1.0,2.0,0.4013,0.0,0.2173,1.0,-0.1013,0.0,0.0,0.022624,0.0,0.191489,0.467681,0.0,0.358442,11.0,0.0,0.3814,0.0,1.0,0.0,0.0,1.0,1.0,0.0,0.0,1.0,1.0,0.0,1.0,0.0,0.0,1.0,0.0,1.0,0.0,1.0,0.0,0.0,0.0,0.0,1.0,0.0,0.0,0.0,1.0,1.0,0.0,1.0,0.0,1.0,0.0,0.0,0.0,1.0,0.0,1.0,1.0,1.0,1.0,0.0,0.0,0.0,1.0,0.0,1.0,1.0,0.0,1.0,1.0,0.0,1.0,CALL,Pass1+relabel consensus
BP1_25,0,1.0,90.0,30.0,0.25,0.333333,3,0,1.0,0.0,0.21,0.0,0.0,0.0,0.0,1.0,4.0,0.0,0.0,1.0,0.0,0.0,2.0,13.0,0.0,0.0,0.0,0.22525,0.22525,0.859843,0.139484,-0.02475,1.1111,0.0,0.0,0.0,1.0,2.0,0.2405,0.0,0.3234,1.0,0.0595,0.0,0.0,0.0,0.0,0.085106,0.468626,0.0,0.57684,0.0,1.0,0.4362,0.0,1.0,0.0,0.0,1.0,1.0,0.0,0.0,1.0,0.0,1.0,1.0,0.0,0.0,0.0,1.0,1.0,0.0,0.0,0.0,0.0,0.0,0.0,1.0,1.0,0.0,0.0,0.0,1.0,0.0,1.0,0.0,1.0,0.0,0.0,0.0,0.0,0.0,1.0,1.0,1.0,1.0,1.0,0.0,0.0,0.0,1.0,1.0,1.0,1.0,1.0,1.0,1.0,1.0,FOLD,Pass1+relabel consensus
BP1_26,0,1.0,90.0,30.0,0.25,0.333333,2,0,1.0,0.0,0.2,0.0,0.0,0.0,0.0,1.0,8.0,0.0,0.0,1.0,0.0,0.0,2.0,11.0,0.0,0.0,0.0,0.324,0.324,0.94375,0.041641,0.074,1.1111,0.0,0.0,0.0,1.0,2.0,0.3289,0.0421,0.3327,1.0,-0.0289,0.0,0.0,0.0,0.0,0.170213,0.455909,0.0,0.422565,0.0,1.0,0.2964,0.0,1.0,0.0,0.0,1.0,1.0,0.0,0.0,1.0,1.0,1.0,0.0,0.0,0.0,1.0,0.0,1.0,0.0,0.0,1.0,0.0,0.0,1.0,1.0,0.0,0.0,0.0,1.0,1.0,1.0,1.0,0.0,1.0,0.0,0.0,0.0,0.0,0.0,1.0,1.0,1.0,1.0,0.0,1.0,0.0,0.0,0.0,1.0,1.0,1.0,0.0,1.0,0.0,1.0,CALL,Pass1+relabel consensus
BP1_27,0,1.0,90.0,30.0,0.25,0.333333,4,0,0.0,6.0,1.346,1.0,0.0,0.0,0.0,0.0,0.0,0.0,1.0,0.0,0.0,0.0,5.0,14.0,0.45,0.25,0.3,0.45775,0.45775,0.19174,0.791825,0.20775,1.1111,0.0,0.0,0.0,1.0,2.0,0.4439,0.0,0.1795,1.0,-0.1439,0.0,0.0,0.0,0.0,0.234043,0.638793,1.0,0.309247,6.0,0.0,0.3766,0.0,0.0,0.0,0.0,1.0,1.0,0.0,0.0,1.0,1.0,0.0,1.0,0.0,0.0,0.0,0.0,0.0,0.0,0.0,0.0,0.0,0.0,0.0,0.0,1.0,1.0,0.0,1.0,1.0,1.0,1.0,1.0,1.0,0.0,0.0,0.0,0.0,1.0,1.0,1.0,1.0,1.0,0.0,1.0,0.0,0.0,0.0,1.0,1.0,1.0,0.0,0.0,0.0,1.0,CALL,Pass1+relabel consensus
BP1_28,0,1.0,90.0,30.0,0.25,0.333333,4,0,0.0,6.0,1.33,1.0,0.0,0.0,0.0,0.0,0.0,0.0,1.0,0.0,0.0,0.0,2.0,12.0,0.25,0.25,0.0,0.36875,0.36875,0.177108,0.818956,0.11875,1.1111,0.0,0.0,0.0,1.0,2.0,0.4221,0.0453,0.1958,1.0,-0.1221,0.0,0.0,0.0,0.0,0.234043,0.660169,1.0,0.308303,0.0,0.0,0.3368,0.0,0.0,0.0,0.0,1.0,1.0,0.0,0.0,1.0,1.0,1.0,1.0,0.0,0.0,0.0,0.0,0.0,0.0,0.0,0.0,0.0,0.0,1.0,0.0,1.0,1.0,0.0,0.0,1.0,1.0,1.0,1.0,1.0,0.0,0.0,0.0,1.0,0.0,1.0,1.0,1.0,1.0,0.0,0.0,0.0,0.0,0.0,1.0,1.0,1.0,0.0,0.0,0.0,1.0,CALL,Pass1+relabel consensus
BP2_01,0,1.0,90.0,30.0,0.25,0.333333,3,0,1.0,1.0,0.32,0.0,0.0,0.0,1.0,0.0,9.0,0.0,1.0,0.0,0.0,0.0,2.0,10.0,0.25,0.25,0.0,0.40775,0.40775,0.896727,0.103116,0.15775,1.1111,0.0,0.0,0.0,1.0,2.0,0.3149,0.0174,0.3386,1.0,-0.0149,0.0,0.0,0.097826,3.0,0.191489,0.480215,0.0,0.457517,12.0,1.0,0.3291,0.0,0.0,0.0,0.0,1.0,1.0,0.0,0.0,1.0,1.0,0.0,0.0,0.0,0.0,1.0,0.0,1.0,0.0,1.0,0.0,0.0,0.0,0.0,1.0,0.0,0.0,0.0,1.0,1.0,0.0,0.0,0.0,1.0,0.0,0.0,0.0,0.0,0.0,1.0,1.0,1.0,0.0,0.0,0.0,0.0,1.0,0.0,1.0,1.0,0.0,1.0,1.0,1.0,1.0,CALL,Pass1+relabel consensus
BP2_02,0,1.0,90.0,30.0,0.25,0.333333,3,0,1.0,2.0,0.43,0.0,0.0,0.0,1.0,0.0,9.0,0.0,1.0,0.0,0.0,0.0,2.0,9.0,0.25,0.25,0.0,0.44125,0.44125,0.860755,0.138939,0.19125,1.1111,0.0,0.0,0.0,1.0,2.0,0.2542,0.4442,0.0855,1.0,0.0458,0.0,0.0,0.07554,6.0,0.191489,0.561283,0.0,0.274262,13.0,1.0,0.2162,0.0,0.0,0.0,0.0,1.0,1.0,0.0,0.0,1.0,0.0,1.0,1.0,0.0,0.0,1.0,0.0,1.0,0.0,1.0,0.0,0.0,0.0,1.0,0.0,0.0,0.0,0.0,1.0,1.0,0.0,1.0,1.0,0.0,0.0,0.0,0.0,0.0,1.0,1.0,1.0,1.0,0.0,0.0,0.0,0.0,1.0,1.0,1.0,1.0,0.0,1.0,1.0,0.0,1.0,CALL,Pass1+relabel consensus
BP2_03,0,1.0,90.0,30.0,0.25,0.333333,5,0,0.0,0.0,0.21,0.0,0.0,0.0,1.0,0.0,9.0,0.0,1.0,0.0,0.0,0.0,2.0,12.0,0.25,0.25,0.0,0.336,0.336,0.995384,0.004616,0.086,1.1111,0.0,0.0,0.0,1.0,2.0,0.3436,0.3913,0.0168,1.0,-0.0436,0.0,0.0,0.0,0.0,0.191489,0.431002,0.0,0.212291,11.0,0.0,0.2483,0.0,0.0,0.0,0.0,1.0,1.0,0.0,0.0,1.0,1.0,0.0,0.0,0.0,0.0,0.0,0.0,1.0,0.0,1.0,0.0,0.0,0.0,1.0,0.0,0.0,0.0,0.0,1.0,1.0,1.0,1.0,1.0,1.0,0.0,0.0,0.0,0.0,0.0,1.0,1.0,1.0,1.0,0.0,0.0,0.0,1.0,0.0,1.0,1.0,0.0,1.0,1.0,0.0,1.0,CALL,Pass1+relabel consensus
BP2_04,0,1.0,90.0,30.0,0.25,0.333333,2,0,1.0,1.0,0.33,0.0,0.0,0.0,1.0,0.0,9.0,0.0,1.0,0.0,0.0,0.0,2.0,11.0,0.25,0.25,0.0,0.39975,0.39975,0.896902,0.10289,0.14975,1.1111,0.0,0.0,0.0,1.0,2.0,0.314,0.0,0.372,1.0,-0.014,0.0,0.0,0.114796,3.0,0.191489,0.424528,0.0,0.470596,13.0,1.0,0.314,0.0,0.0,0.0,0.0,1.0,1.0,0.0,0.0,1.0,0.0,1.0,0.0,0.0,0.0,1.0,0.0,1.0,0.0,1.0,0.0,0.0,0.0,1.0,1.0,1.0,1.0,0.0,0.0,1.0,0.0,0.0,0.0,0.0,0.0,0.0,0.0,0.0,0.0,1.0,1.0,1.0,1.0,0.0,0.0,0.0,1.0,1.0,1.0,1.0,0.0,1.0,1.0,1.0,1.0,CALL,Pass1+relabel consensus
BP2_05,0,1.0,90.0,30.0,0.25,0.333333,2,0,1.0,0.0,0.2,0.0,0.0,0.0,0.0,1.0,8.0,0.0,0.0,1.0,0.0,0.0,2.0,11.0,0.0,0.0,0.0,0.32975,0.32975,0.94375,0.041641,0.07975,1.1111,0.0,0.0,0.0,1.0,2.0,0.3289,0.0421,0.3327,1.0,-0.0289,0.0,0.0,0.0,0.0,0.170213,0.455909,0.0,0.422565,0.0,1.0,0.2964,0.0,0.0,0.0,0.0,1.0,1.0,0.0,0.0,1.0,0.0,0.0,0.0,0.0,0.0,0.0,1.0,1.0,0.0,0.0,0.0,0.0,0.0,1.0,0.0,0.0,0.0,0.0,1.0,1.0,0.0,0.0,1.0,1.0,0.0,0.0,0.0,1.0,0.0,1.0,1.0,1.0,1.0,0.0,0.0,0.0,0.0,0.0,1.0,1.0,0.0,1.0,0.0,0.0,1.0,CALL,Pass1+relabel consensus
BP2_06,0,1.0,90.0,30.0,0.25,0.333333,3,0,1.0,0.0,0.22,0.0,0.0,0.0,0.0,1.0,4.0,0.0,0.0,1.0,0.0,0.0,2.0,13.0,0.0,0.0,0.0,0.2245,0.2245,0.854137,0.145171,-0.0255,1.1111,0.0,0.0,0.0,1.0,2.0,0.2405,0.0,0.3234,1.0,0.0595,0.0,0.0,0.0,0.0,0.085106,0.500397,0.0,0.57684,0.0,1.0,0.4362,1.0,1.0,0.0,0.0,1.0,1.0,0.0,0.0,1.0,1.0,1.0,1.0,0.0,0.0,0.0,1.0,1.0,0.0,0.0,0.0,0.0,0.0,1.0,0.0,0.0,0.0,0.0,0.0,1.0,1.0,0.0,1.0,1.0,0.0,0.0,0.0,0.0,1.0,1.0,1.0,1.0,1.0,0.0,0.0,0.0,0.0,1.0,1.0,1.0,1.0,1.0,0.0,1.0,1.0,FOLD,Pass1+relabel consensus
BP2_07,1,1.0,90.0,30.0,0.25,0.333333,2,0,1.0,0.0,0.19,0.0,0.0,0.0,1.0,1.0,17.0,0.0,0.0,1.0,0.0,0.0,2.0,13.0,0.08,0.0,0.0,0.30375,0.30375,0.961601,0.015943,0.05375,1.1111,0.0,0.0,1.0,1.0,2.0,0.2942,0.4046,0.0701,1.0,0.0058,0.0,0.0,0.092968,0.0,0.326087,0.205523,0.0,0.253512,9.0,1.0,0.2312,0.0,0.0,0.0,0.0,1.0,1.0,0.0,0.0,1.0,0.0,0.0,0.0,0.0,0.0,1.0,1.0,1.0,0.0,0.0,0.0,0.0,0.0,0.0,0.0,0.0,0.0,0.0,0.0,1.0,0.0,0.0,1.0,1.0,0.0,0.0,0.0,0.0,0.0,1.0,1.0,1.0,1.0,0.0,0.0,0.0,1.0,0.0,1.0,1.0,0.0,0.0,1.0,1.0,1.0,CALL,Pass1+relabel consensus
BP2_08,1,1.0,90.0,30.0,0.25,0.333333,4,0,0.0,0.0,0.21,0.0,0.0,0.0,0.0,0.0,0.0,0.0,0.0,1.0,0.0,0.0,4.0,14.0,0.38,0.0,0.3,0.0225,0.0225,0.921527,0.052315,-0.2275,1.1111,0.0,0.0,1.0,1.0,2.0,0.5217,0.0486,0.1061,1.0,-0.2217,0.0,0.0,0.0,0.0,0.0,0.0,0.0,0.206116,0.0,0.0,0.3236,0.0,0.0,0.0,0.0,1.0,1.0,0.0,0.0,1.0,1.0,0.0,0.0,0.0,0.0,0.0,0.0,0.0,0.0,0.0,0.0,0.0,0.0,0.0,0.0,0.0,0.0,0.0,0.0,1.0,1.0,1.0,1.0,1.0,0.0,0.0,1.0,0.0,0.0,1.0,1.0,1.0,1.0,0.0,0.0,0.0,0.0,1.0,0.0,1.0,1.0,1.0,0.0,0.0,1.0,FOLD,Pass1+relabel consensus
BP2_09,1,1.0,180.0,59.0,0.246862,0.327778,3,0,1.0,0.0,0.18,0.0,0.0,0.0,0.0,0.0,0.0,0.0,0.0,1.0,0.0,0.0,4.0,12.0,0.38,0.0,0.3,0.0225,0.0225,0.922302,0.060712,-0.224362,0.5556,0.0,1.0,0.0,1.0,2.0,0.3118,0.0837,0.3042,1.0,-0.0118,0.0,0.0,0.042901,0.0,0.0,0.0,0.0,0.417768,8.0,1.0,0.3004,0.0,0.0,0.0,0.0,1.0,1.0,0.0,0.0,1.0,1.0,0.0,1.0,0.0,0.0,0.0,0.0,1.0,0.0,0.0,0.0,0.0,0.0,0.0,0.0,0.0,0.0,0.0,1.0,1.0,1.0,0.0,1.0,1.0,0.0,1.0,0.0,0.0,0.0,1.0,1.0,1.0,0.0,0.0,0.0,0.0,0.0,1.0,1.0,1.0,1.0,1.0,0.0,1.0,1.0,FOLD,Pass1+relabel consensus
BP2_10,2,1.0,180.0,59.0,0.246862,0.327778,3,0,1.0,5.0,1.19,1.0,0.0,0.0,0.0,0.0,0.0,0.0,0.0,1.0,0.0,0.0,2.0,13.0,0.12,0.0,0.0,0.3155,0.3155,0.484936,0.514945,0.068638,0.5556,0.0,1.0,1.0,1.0,2.0,0.4889,0.0,0.4107,1.0,-0.1889,0.0,0.0,0.0,0.0,0.0,0.665557,1.0,0.261223,0.0,1.0,0.1004,0.0,1.0,0.0,0.0,1.0,1.0,0.0,0.0,1.0,1.0,1.0,1.0,0.0,0.0,0.0,0.0,0.0,0.0,0.0,0.0,0.0,0.0,0.0,0.0,1.0,0.0,0.0,1.0,1.0,1.0,1.0,0.0,1.0,0.0,1.0,1.0,0.0,0.0,1.0,1.0,1.0,0.0,0.0,0.0,0.0,0.0,0.0,0.0,1.0,1.0,0.0,0.0,1.0,1.0,CALL,Pass1+relabel consensus
BP2_11,2,1.0,180.0,59.0,0.246862,0.327778,5,0,0.0,5.0,1.21,1.0,0.0,0.0,0.0,0.0,0.0,0.0,0.0,1.0,0.0,0.0,2.0,13.0,0.12,0.0,0.0,0.132,0.132,0.526805,0.473113,-0.114862,0.5556,0.0,0.0,1.0,2.0,2.0,0.7062,0.0,0.2128,1.0,-0.4062,0.0,0.0,0.0,0.0,0.0,0.747433,1.0,0.086318,10.0,0.0,0.081,0.0,0.0,0.0,0.0,1.0,1.0,0.0,0.0,1.0,1.0,1.0,0.0,0.0,0.0,0.0,0.0,0.0,0.0,0.0,0.0,0.0,0.0,0.0,0.0,1.0,0.0,0.0,1.0,1.0,1.0,1.0,1.0,0.0,0.0,0.0,0.0,0.0,0.0,1.0,1.0,1.0,1.0,1.0,0.0,0.0,0.0,0.0,0.0,1.0,1.0,0.0,0.0,0.0,1.0,FOLD,Pass1+relabel consensus
BP2_12,2,1.0,180.0,59.0,0.246862,0.327778,4,0,0.0,5.0,1.19,1.0,0.0,0.0,0.0,1.0,4.0,0.0,0.0,1.0,0.0,0.0,5.0,14.0,0.42,0.0,0.3,0.119,0.119,0.525003,0.4572,-0.127862,0.5556,0.0,0.0,1.0,2.0,2.0,0.729,0.0,0.181,1.0,-0.429,0.0,0.0,0.0,0.0,0.0,0.381776,1.0,0.073441,0.0,0.0,0.09,0.0,0.0,0.0,0.0,1.0,0.0,0.0,0.0,1.0,1.0,0.0,1.0,0.0,0.0,0.0,1.0,0.0,0.0,0.0,0.0,0.0,0.0,0.0,0.0,1.0,0.0,1.0,1.0,1.0,1.0,0.0,0.0,0.0,0.0,0.0,1.0,0.0,0.0,1.0,1.0,1.0,1.0,1.0,0.0,0.0,0.0,0.0,0.0,1.0,1.0,0.0,0.0,0.0,1.0,FOLD,Pass1+relabel consensus
BP2_13,2,1.0,360.0,119.0,0.248434,0.330556,2,0,1.0,6.0,1.331,1.0,0.0,0.0,0.0,1.0,4.0,0.0,0.0,1.0,0.0,0.0,2.0,12.0,0.12,0.0,0.0,0.3845,0.3845,0.263963,0.720541,0.136066,0.2778,0.0,2.0,0.0,1.0,2.0,0.5896,0.0,0.3231,1.0,-0.2896,0.0,0.0,0.0,0.0,0.0,0.757297,1.0,0.168428,0.0,1.0,0.0873,0.0,0.0,0.0,0.0,1.0,1.0,0.0,0.0,1.0,1.0,0.0,1.0,0.0,0.0,0.0,1.0,1.0,0.0,0.0,0.0,0.0,0.0,0.0,0.0,1.0,0.0,0.0,0.0,1.0,1.0,1.0,0.0,1.0,0.0,1.0,0.0,0.0,0.0,1.0,1.0,1.0,1.0,0.0,0.0,0.0,0.0,0.0,0.0,1.0,1.0,0.0,0.0,0.0,1.0,CALL,Pass1+relabel consensus
BP2_14,2,1.0,360.0,119.0,0.248434,0.330556,2,0,1.0,5.0,1.2,1.0,0.0,0.0,0.0,1.0,4.0,0.0,0.0,1.0,0.0,0.0,2.0,12.0,0.12,0.0,0.0,0.28475,0.28475,0.400882,0.591532,0.036316,0.2778,0.0,2.0,0.0,1.0,2.0,0.5896,0.0,0.3231,1.0,-0.2896,0.0,0.0,0.010817,0.0,0.0,0.555854,1.0,0.168428,10.0,1.0,0.0873,0.0,0.0,0.0,0.0,1.0,1.0,0.0,0.0,1.0,1.0,0.0,1.0,0.0,0.0,0.0,1.0,1.0,0.0,0.0,0.0,0.0,0.0,0.0,0.0,1.0,0.0,0.0,1.0,1.0,1.0,1.0,1.0,0.0,0.0,1.0,0.0,0.0,0.0,1.0,1.0,1.0,0.0,0.0,0.0,0.0,1.0,0.0,0.0,1.0,1.0,0.0,0.0,0.0,1.0,CALL,Pass1+relabel consensus
BP2_15,2,1.0,360.0,270.0,0.428571,0.75,5,0,0.0,10.0,2.6775,1.0,1.0,0.0,0.0,0.0,0.0,0.0,0.0,1.0,0.0,0.0,2.0,13.0,0.12,0.0,0.0,0.5715,0.5715,0.078814,0.919053,0.142929,0.2778,0.0,0.0,0.0,3.0,2.0,0.7519,0.0,0.1883,1.0,-0.4519,0.0,0.0,0.0,0.0,0.0,0.928421,1.0,0.061554,0.0,0.0,0.0598,0.0,0.0,0.0,0.0,1.0,1.0,0.0,0.0,1.0,1.0,0.0,1.0,1.0,0.0,0.0,0.0,0.0,0.0,0.0,0.0,0.0,0.0,0.0,0.0,1.0,0.0,0.0,0.0,1.0,1.0,1.0,1.0,1.0,0.0,0.0,1.0,0.0,0.0,1.0,1.0,1.0,1.0,0.0,0.0,0.0,0.0,0.0,0.0,1.0,1.0,0.0,0.0,0.0,1.0,CALL,Pass1+relabel consensus
BP2_16,2,1.0,360.0,270.0,0.428571,0.75,5,0,0.0,10.0,2.6725,1.0,1.0,0.0,0.0,0.0,0.0,0.0,0.0,1.0,0.0,0.0,2.0,13.0,0.12,0.0,0.0,0.53825,0.53825,0.122351,0.877281,0.109679,0.2778,0.0,0.0,0.0,3.0,2.0,0.7519,0.0,0.1883,1.0,-0.4519,0.0,0.0,0.0,0.0,0.0,0.912632,1.0,0.061554,0.0,0.0,0.0598,0.0,1.0,0.0,0.0,1.0,1.0,0.0,0.0,1.0,1.0,1.0,1.0,1.0,0.0,0.0,0.0,0.0,0.0,0.0,0.0,0.0,0.0,0.0,0.0,1.0,0.0,0.0,1.0,1.0,1.0,1.0,1.0,1.0,0.0,0.0,0.0,1.0,0.0,1.0,1.0,1.0,1.0,0.0,0.0,0.0,0.0,0.0,0.0,1.0,1.0,0.0,0.0,0.0,1.0,CALL,Pass1+relabel consensus
BP2_17,2,1.0,360.0,270.0,0.428571,0.75,5,0,0.0,10.0,2.6775,1.0,1.0,0.0,0.0,0.0,0.0,0.0,0.0,1.0,0.0,0.0,2.0,13.0,0.12,0.0,0.0,0.56275,0.56275,0.078814,0.919053,0.134179,0.2778,0.0,0.0,0.0,3.0,2.0,0.7519,0.0,0.1883,1.0,-0.4519,0.0,0.0,0.0,0.0,0.0,0.928421,1.0,0.061554,0.0,0.0,0.0598,1.0,1.0,0.0,0.0,1.0,1.0,0.0,0.0,1.0,1.0,1.0,1.0,1.0,0.0,0.0,0.0,0.0,0.0,0.0,1.0,0.0,0.0,0.0,0.0,1.0,0.0,0.0,1.0,1.0,1.0,1.0,0.0,1.0,0.0,0.0,0.0,1.0,0.0,1.0,1.0,1.0,0.0,0.0,0.0,0.0,0.0,0.0,1.0,1.0,0.0,1.0,0.0,0.0,1.0,CALL,Pass1+relabel consensus
BP2_18,1,1.0,180.0,59.0,0.246862,0.327778,5,0,0.0,7.0,1.342,1.0,0.0,0.0,0.0,0.0,0.0,0.0,0.0,1.0,0.0,0.0,2.0,13.0,0.08,0.0,0.0,0.25925,0.25925,0.479355,0.517833,0.012388,0.5556,0.0,0.0,0.0,2.0,2.0,0.5319,0.1144,0.1013,1.0,-0.2319,0.0,0.0,0.0,0.0,0.304348,0.905754,1.0,0.168839,0.0,0.0,0.2524,0.0,1.0,0.0,0.0,1.0,1.0,0.0,0.0,1.0,1.0,1.0,1.0,0.0,0.0,0.0,0.0,0.0,0.0,0.0,0.0,0.0,0.0,0.0,0.0,1.0,0.0,0.0,1.0,1.0,1.0,1.0,1.0,1.0,0.0,0.0,0.0,1.0,0.0,1.0,1.0,1.0,1.0,1.0,1.0,0.0,0.0,0.0,1.0,1.0,1.0,1.0,0.0,0.0,1.0,CALL,Pass1+relabel consensus
BP2_19,1,1.0,180.0,59.0,0.246862,0.327778,5,0,0.0,5.0,1.21,1.0,0.0,0.0,0.0,0.0,0.0,0.0,0.0,1.0,0.0,0.0,2.0,13.0,0.08,0.0,0.0,0.163,0.163,0.667935,0.331255,-0.083862,0.5556,0.0,0.0,0.0,2.0,2.0,0.5319,0.1144,0.1013,1.0,-0.2319,0.0,0.0,0.0,0.0,0.304348,0.765873,1.0,0.168839,10.0,0.0,0.2524,0.0,0.0,0.0,0.0,1.0,1.0,0.0,0.0,1.0,1.0,0.0,1.0,0.0,0.0,0.0,0.0,0.0,0.0,0.0,0.0,0.0,0.0,0.0,0.0,1.0,0.0,0.0,1.0,1.0,1.0,0.0,1.0,1.0,0.0,0.0,0.0,0.0,1.0,1.0,1.0,1.0,1.0,1.0,0.0,0.0,0.0,0.0,0.0,1.0,1.0,0.0,0.0,1.0,1.0,FOLD,Pass1+relabel consensus
BP2_20,1,1.0,180.0,59.0,0.246862,0.327778,3,0,1.0,10.0,2.6275,1.0,1.0,0.0,0.0,0.0,0.0,0.0,0.0,1.0,0.0,0.0,4.0,12.0,0.38,0.0,0.3,0.79675,0.79675,0.019733,0.979442,0.549888,0.5556,0.0,1.0,0.0,1.0,2.0,0.3118,0.0837,0.3042,1.0,-0.0118,0.0,0.0,0.0,0.0,1.0,0.969203,1.0,0.417768,0.0,1.0,0.3004,0.0,1.0,0.0,0.0,0.0,1.0,0.0,0.0,1.0,1.0,1.0,1.0,1.0,1.0,0.0,0.0,0.0,0.0,1.0,0.0,0.0,0.0,0.0,1.0,1.0,0.0,1.0,1.0,1.0,1.0,1.0,1.0,1.0,0.0,0.0,0.0,0.0,0.0,1.0,1.0,1.0,1.0,0.0,1.0,0.0,0.0,0.0,1.0,1.0,0.0,1.0,0.0,1.0,1.0,RAISE,Pass1+relabel consensus
BP2_21,1,1.0,180.0,59.0,0.246862,0.327778,3,0,1.0,6.0,1.33,1.0,0.0,0.0,0.0,0.0,0.0,0.0,0.0,1.0,0.0,0.0,4.0,12.0,0.38,0.0,0.3,0.4665,0.4665,0.24217,0.757206,0.219638,0.5556,0.0,1.0,0.0,1.0,2.0,0.3118,0.0837,0.3042,1.0,-0.0118,0.0,0.0,0.0,0.0,0.304348,0.867552,1.0,0.417768,0.0,1.0,0.3004,0.0,0.0,0.0,0.0,1.0,1.0,0.0,0.0,1.0,1.0,1.0,1.0,0.0,0.0,0.0,0.0,0.0,0.0,0.0,0.0,0.0,0.0,1.0,0.0,1.0,0.0,1.0,1.0,1.0,1.0,1.0,0.0,1.0,0.0,1.0,0.0,0.0,0.0,1.0,1.0,1.0,1.0,0.0,0.0,0.0,0.0,0.0,1.0,1.0,1.0,1.0,0.0,0.0,1.0,CALL,Pass1+relabel consensus
BP2_22,2,1.0,180.0,59.0,0.246862,0.327778,3,0,1.0,7.0,1.342,1.0,0.0,0.0,0.0,0.0,0.0,0.0,0.0,1.0,0.0,0.0,2.0,13.0,0.12,0.0,0.0,0.56475,0.56475,0.225688,0.763158,0.317888,0.5556,0.0,1.0,1.0,1.0,2.0,0.4889,0.0,0.4107,1.0,-0.1889,0.0,0.0,0.0,0.0,0.0,0.883943,1.0,0.261223,0.0,1.0,0.1004,0.0,1.0,0.0,0.0,1.0,1.0,0.0,0.0,1.0,1.0,1.0,1.0,0.0,0.0,0.0,0.0,0.0,0.0,0.0,0.0,0.0,0.0,0.0,0.0,1.0,0.0,0.0,1.0,1.0,1.0,1.0,1.0,1.0,0.0,0.0,1.0,0.0,0.0,1.0,1.0,1.0,0.0,0.0,0.0,0.0,0.0,0.0,0.0,1.0,1.0,0.0,0.0,0.0,1.0,CALL,Pass1+relabel consensus
BP2_23,2,1.0,180.0,59.0,0.246862,0.327778,4,0,0.0,6.0,1.35,1.0,0.0,0.0,0.0,0.0,0.0,0.0,0.0,1.0,0.0,0.0,5.0,14.0,0.42,0.0,0.3,0.26325,0.26325,0.204956,0.776125,0.016388,0.5556,0.0,0.0,1.0,2.0,2.0,0.729,0.0,0.181,1.0,-0.429,0.0,0.0,0.0,0.0,0.0,0.528271,1.0,0.073441,0.0,0.0,0.09,0.0,0.0,0.0,0.0,1.0,1.0,0.0,0.0,1.0,1.0,1.0,1.0,0.0,0.0,0.0,0.0,0.0,0.0,0.0,1.0,0.0,0.0,0.0,1.0,1.0,0.0,0.0,1.0,1.0,1.0,1.0,1.0,0.0,0.0,0.0,1.0,0.0,0.0,1.0,1.0,1.0,1.0,1.0,0.0,0.0,0.0,0.0,0.0,1.0,1.0,0.0,0.0,0.0,1.0,CALL,Pass1+relabel consensus
BP2_24,0,1.0,90.0,30.0,0.25,0.333333,5,0,0.0,6.0,1.337,1.0,0.0,0.0,0.0,0.0,0.0,0.0,1.0,0.0,0.0,0.0,2.0,13.0,0.25,0.25,0.0,0.38525,0.38525,0.263723,0.736277,0.13525,1.1111,0.0,0.0,0.0,1.0,2.0,0.4013,0.0,0.2173,1.0,-0.1013,0.0,0.0,0.0,0.0,0.234043,0.813641,1.0,0.358442,0.0,0.0,0.3814,0.0,1.0,0.0,0.0,1.0,1.0,0.0,0.0,1.0,1.0,1.0,1.0,0.0,0.0,0.0,0.0,0.0,0.0,1.0,0.0,0.0,0.0,0.0,0.0,1.0,0.0,0.0,1.0,1.0,1.0,1.0,1.0,0.0,0.0,0.0,0.0,0.0,0.0,1.0,1.0,1.0,1.0,0.0,0.0,0.0,0.0,0.0,1.0,1.0,1.0,0.0,0.0,0.0,1.0,CALL,Pass1+relabel consensus
BP2_25,0,1.0,90.0,30.0,0.25,0.333333,5,0,0.0,5.0,1.18,1.0,0.0,0.0,0.0,0.0,0.0,0.0,1.0,0.0,0.0,0.0,2.0,13.0,0.25,0.25,0.0,0.19675,0.19675,0.601099,0.398901,-0.05325,1.1111,0.0,0.0,0.0,1.0,2.0,0.4013,0.0,0.2173,1.0,-0.1013,0.0,0.0,0.0,3.0,0.234043,0.819392,1.0,0.358442,0.0,0.0,0.3814,0.0,1.0,0.0,0.0,1.0,1.0,0.0,0.0,1.0,1.0,1.0,1.0,0.0,0.0,0.0,0.0,0.0,0.0,1.0,0.0,0.0,0.0,1.0,1.0,1.0,0.0,0.0,1.0,1.0,1.0,0.0,1.0,0.0,0.0,0.0,0.0,0.0,1.0,1.0,1.0,1.0,0.0,0.0,0.0,0.0,0.0,1.0,1.0,1.0,1.0,0.0,0.0,0.0,1.0,FOLD,Pass1+relabel consensus
BP2_26,0,1.0,90.0,30.0,0.25,0.333333,3,0,1.0,5.0,1.19,1.0,0.0,0.0,0.0,0.0,0.0,0.0,0.0,1.0,0.0,0.0,2.0,13.0,0.0,0.0,0.0,0.3295,0.3295,0.463965,0.535417,0.0795,1.1111,0.0,0.0,0.0,1.0,2.0,0.2405,0.0,0.3234,1.0,0.0595,0.0,0.0,0.0,0.0,0.234043,0.692216,1.0,0.57684,0.0,1.0,0.4362,0.0,0.0,0.0,0.0,1.0,1.0,0.0,0.0,1.0,1.0,1.0,1.0,0.0,0.0,0.0,0.0,0.0,0.0,0.0,1.0,0.0,0.0,0.0,0.0,1.0,0.0,0.0,1.0,1.0,1.0,1.0,1.0,1.0,0.0,0.0,0.0,0.0,0.0,1.0,1.0,1.0,1.0,0.0,0.0,0.0,0.0,0.0,0.0,1.0,1.0,0.0,0.0,1.0,1.0,CALL,Pass1+relabel consensus
BP2_27,0,1.0,90.0,30.0,0.25,0.333333,3,0,1.0,5.0,1.19,1.0,0.0,0.0,0.0,0.0,0.0,0.0,0.0,1.0,0.0,0.0,2.0,13.0,0.0,0.0,0.0,0.335,0.335,0.425619,0.555898,0.085,1.1111,0.0,0.0,0.0,1.0,2.0,0.2405,0.0,0.3234,1.0,0.0595,0.0,0.0,0.0,0.0,0.234043,0.739873,1.0,0.57684,0.0,1.0,0.4362,0.0,0.0,0.0,0.0,1.0,1.0,0.0,0.0,1.0,1.0,0.0,1.0,0.0,0.0,0.0,0.0,0.0,0.0,0.0,0.0,0.0,0.0,0.0,0.0,1.0,0.0,0.0,1.0,1.0,0.0,1.0,0.0,1.0,0.0,0.0,0.0,0.0,0.0,1.0,1.0,1.0,1.0,1.0,0.0,0.0,0.0,0.0,1.0,1.0,1.0,0.0,0.0,0.0,1.0,CALL,Pass1+relabel consensus
BP2_28,0,1.0,90.0,30.0,0.25,0.333333,4,0,0.0,5.0,1.19,1.0,0.0,0.0,0.0,0.0,0.0,0.0,1.0,0.0,0.0,0.0,2.0,12.0,0.25,0.25,0.0,0.27,0.27,0.330725,0.665517,0.02,1.1111,0.0,0.0,0.0,1.0,2.0,0.4221,0.0453,0.1958,1.0,-0.1221,0.0,0.0,0.0,0.0,0.234043,0.611864,1.0,0.308303,0.0,0.0,0.3368,0.0,0.0,0.0,0.0,1.0,1.0,0.0,0.0,1.0,1.0,1.0,1.0,0.0,0.0,0.0,0.0,0.0,0.0,1.0,0.0,0.0,0.0,0.0,0.0,1.0,1.0,0.0,1.0,1.0,1.0,1.0,1.0,1.0,0.0,0.0,0.0,1.0,0.0,1.0,1.0,1.0,1.0,0.0,1.0,0.0,0.0,0.0,0.0,1.0,1.0,0.0,0.0,0.0,1.0,FOLD,Pass1+relabel consensus
BP2_29,0,1.0,90.0,30.0,0.25,0.333333,4,0,0.0,5.0,1.19,1.0,0.0,0.0,0.0,0.0,0.0,0.0,1.0,0.0,0.0,0.0,2.0,12.0,0.25,0.25,0.0,0.3055,0.3055,0.299539,0.696571,0.0555,1.1111,0.0,0.0,0.0,1.0,2.0,0.4221,0.0453,0.1958,1.0,-0.1221,0.0,0.0,0.0,3.0,0.234043,0.648093,1.0,0.308303,0.0,0.0,0.3368,0.0,0.0,0.0,0.0,1.0,1.0,0.0,0.0,1.0,1.0,1.0,1.0,0.0,0.0,0.0,0.0,0.0,0.0,0.0,0.0,0.0,0.0,0.0,0.0,1.0,0.0,0.0,1.0,1.0,1.0,1.0,0.0,1.0,0.0,0.0,0.0,0.0,0.0,1.0,1.0,1.0,1.0,0.0,0.0,0.0,0.0,0.0,0.0,1.0,1.0,0.0,0.0,0.0,1.0,CALL,Pass1+relabel consensus
BP2_30,1,1.0,90.0,30.0,0.25,0.333333,2,0,1.0,10.0,2.675,1.0,1.0,0.0,0.0,0.0,0.0,0.0,0.0,1.0,0.0,0.0,2.0,13.0,0.08,0.0,0.0,0.74625,0.74625,0.057631,0.941508,0.49625,1.1111,0.0,0.0,1.0,1.0,2.0,0.2942,0.4046,0.0701,1.0,0.0058,0.0,0.0,0.0,0.0,1.0,0.947013,1.0,0.253512,0.0,1.0,0.2312,0.0,0.0,0.0,0.0,0.0,1.0,0.0,0.0,1.0,1.0,1.0,1.0,1.0,0.0,0.0,0.0,0.0,0.0,0.0,0.0,0.0,0.0,0.0,0.0,1.0,0.0,0.0,1.0,1.0,1.0,0.0,0.0,1.0,0.0,0.0,0.0,0.0,1.0,1.0,1.0,1.0,0.0,0.0,0.0,0.0,0.0,0.0,1.0,1.0,0.0,1.0,0.0,1.0,1.0,RAISE,Pass1+relabel consensus
BP2_31,1,1.0,90.0,30.0,0.25,0.333333,4,0,0.0,10.0,2.465,1.0,1.0,0.0,0.0,0.0,0.0,0.0,0.0,1.0,0.0,0.0,4.0,14.0,0.38,0.0,0.3,0.636,0.636,0.062841,0.937159,0.386,1.1111,0.0,0.0,1.0,1.0,2.0,0.5217,0.0486,0.1061,1.0,-0.2217,0.0,0.0,0.0,0.0,1.0,0.880275,1.0,0.206116,0.0,0.0,0.3236,0.0,0.0,0.0,0.0,1.0,0.0,0.0,0.0,1.0,1.0,1.0,1.0,0.0,0.0,0.0,0.0,0.0,0.0,0.0,0.0,1.0,0.0,1.0,0.0,1.0,0.0,0.0,1.0,1.0,1.0,1.0,0.0,1.0,0.0,0.0,0.0,1.0,0.0,1.0,1.0,1.0,0.0,1.0,0.0,0.0,0.0,0.0,1.0,1.0,1.0,1.0,0.0,0.0,1.0,RAISE,Pass1+relabel consensus
BP2_32,2,1.0,180.0,59.0,0.246862,0.327778,5,0,0.0,10.0,2.415,1.0,1.0,0.0,0.0,0.0,0.0,0.0,0.0,1.0,0.0,0.0,2.0,13.0,0.12,0.0,0.0,0.6355,0.6355,0.10013,0.89987,0.388638,0.5556,0.0,0.0,1.0,2.0,2.0,0.7062,0.0,0.2128,1.0,-0.4062,0.0,0.0,0.0,0.0,0.0,0.887577,1.0,0.086318,0.0,0.0,0.081,0.0,1.0,0.0,0.0,1.0,1.0,0.0,0.0,1.0,1.0,1.0,1.0,0.0,0.0,0.0,0.0,0.0,0.0,0.0,0.0,0.0,0.0,0.0,1.0,1.0,0.0,0.0,1.0,1.0,1.0,1.0,1.0,1.0,0.0,0.0,0.0,0.0,0.0,1.0,1.0,1.0,1.0,1.0,0.0,0.0,0.0,0.0,0.0,1.0,1.0,1.0,0.0,0.0,1.0,CALL,Pass1+relabel consensus
BP2_33,2,1.0,180.0,59.0,0.246862,0.327778,3,0,1.0,10.0,2.36,1.0,1.0,0.0,0.0,0.0,0.0,0.0,0.0,1.0,0.0,0.0,2.0,13.0,0.12,0.0,0.0,0.73925,0.73925,0.092437,0.907355,0.492388,0.5556,0.0,1.0,1.0,1.0,2.0,0.4889,0.0,0.4107,1.0,-0.1889,0.0,0.0,0.0,0.0,0.0,0.887167,1.0,0.261223,0.0,1.0,0.1004,0.0,0.0,0.0,0.0,1.0,1.0,0.0,0.0,1.0,1.0,1.0,1.0,1.0,0.0,0.0,0.0,0.0,0.0,0.0,0.0,0.0,0.0,0.0,0.0,0.0,0.0,0.0,1.0,1.0,1.0,1.0,1.0,0.0,0.0,0.0,1.0,0.0,0.0,1.0,1.0,1.0,1.0,0.0,0.0,0.0,0.0,0.0,0.0,1.0,1.0,0.0,0.0,1.0,1.0,CALL,Pass1+relabel consensus
BP2_34,0,1.0,90.0,30.0,0.25,0.333333,3,0,1.0,12.0,3.63,1.0,1.0,1.0,0.0,0.0,0.0,0.0,0.0,1.0,0.0,0.0,2.0,13.0,0.0,0.0,0.0,0.934,0.934,0.0,1.0,0.684,1.1111,0.0,0.0,0.0,1.0,2.0,0.2405,0.0,0.3234,1.0,0.0595,0.0,0.0,0.0,0.0,1.0,0.997021,1.0,0.57684,0.0,1.0,0.4362,0.0,0.0,0.0,0.0,0.0,1.0,0.0,0.0,1.0,1.0,1.0,0.0,1.0,1.0,0.0,0.0,0.0,0.0,0.0,0.0,0.0,0.0,0.0,0.0,1.0,0.0,0.0,0.0,1.0,1.0,1.0,1.0,1.0,0.0,0.0,0.0,0.0,0.0,1.0,1.0,1.0,1.0,1.0,0.0,0.0,0.0,0.0,1.0,1.0,0.0,1.0,0.0,1.0,1.0,RAISE,Pass1+relabel consensus
BP2_35,0,1.0,90.0,30.0,0.25,0.333333,2,0,1.0,12.0,3.61,1.0,1.0,1.0,0.0,0.0,0.0,0.0,0.0,1.0,0.0,0.0,2.0,11.0,0.0,0.0,0.0,0.9005,0.9005,0.0,1.0,0.6505,1.1111,0.0,0.0,0.0,1.0,2.0,0.3289,0.0421,0.3327,1.0,-0.0289,0.0,0.0,0.0,0.0,1.0,0.995501,1.0,0.422565,0.0,1.0,0.2964,0.0,0.0,0.0,0.0,0.0,1.0,0.0,0.0,1.0,1.0,1.0,1.0,1.0,0.0,0.0,0.0,0.0,0.0,0.0,0.0,0.0,0.0,0.0,0.0,1.0,0.0,0.0,1.0,1.0,1.0,1.0,0.0,1.0,0.0,0.0,0.0,0.0,0.0,1.0,1.0,1.0,0.0,0.0,0.0,0.0,0.0,0.0,1.0,1.0,0.0,1.0,0.0,1.0,1.0,RAISE,Pass1+relabel consensus
BP2_36,1,1.0,180.0,59.0,0.246862,0.327778,3,0,1.0,12.0,3.62,1.0,1.0,1.0,0.0,0.0,0.0,0.0,0.0,1.0,0.0,0.0,4.0,12.0,0.38,0.0,0.3,0.91,0.91,0.0,1.0,0.663138,0.5556,0.0,1.0,0.0,1.0,2.0,0.3118,0.0837,0.3042,1.0,-0.0118,0.0,0.0,0.0,0.0,1.0,0.996981,1.0,0.417768,0.0,1.0,0.3004,0.0,0.0,0.0,0.0,0.0,1.0,0.0,0.0,1.0,1.0,1.0,1.0,1.0,1.0,0.0,0.0,0.0,0.0,0.0,0.0,0.0,0.0,0.0,0.0,0.0,0.0,1.0,1.0,1.0,1.0,0.0,0.0,1.0,0.0,0.0,0.0,0.0,0.0,1.0,1.0,1.0,1.0,0.0,0.0,0.0,0.0,0.0,0.0,1.0,0.0,1.0,0.0,1.0,1.0,RAISE,Pass1+relabel consensus
BP2_37,2,1.0,180.0,59.0,0.246862,0.327778,3,0,1.0,12.0,3.63,1.0,1.0,1.0,0.0,0.0,0.0,0.0,0.0,1.0,0.0,0.0,2.0,13.0,0.12,0.0,0.0,1.0,1.0,0.0,1.0,0.753138,0.5556,0.0,1.0,1.0,1.0,2.0,0.4889,0.0,0.4107,1.0,-0.1889,0.0,0.0,0.0,0.0,0.0,0.99688,1.0,0.261223,0.0,1.0,0.1004,0.0,0.0,0.0,0.0,0.0,1.0,0.0,0.0,1.0,1.0,1.0,1.0,1.0,1.0,0.0,0.0,0.0,0.0,0.0,0.0,1.0,0.0,0.0,0.0,0.0,0.0,0.0,1.0,1.0,0.0,1.0,0.0,1.0,0.0,0.0,0.0,0.0,0.0,1.0,1.0,1.0,1.0,0.0,0.0,0.0,0.0,0.0,0.0,1.0,0.0,1.0,0.0,1.0,1.0,RAISE,Pass1+relabel consensus
BP2_38,2,1.0,180.0,59.0,0.246862,0.327778,5,0,0.0,12.0,3.63,1.0,1.0,1.0,0.0,0.0,0.0,0.0,0.0,1.0,0.0,0.0,2.0,13.0,0.12,0.0,0.0,1.0,1.0,0.0,1.0,0.753138,0.5556,0.0,0.0,1.0,2.0,2.0,0.7062,0.0,0.2128,1.0,-0.4062,0.0,0.0,0.0,0.0,0.0,0.99692,1.0,0.086318,0.0,0.0,0.081,0.0,0.0,0.0,0.0,0.0,1.0,0.0,0.0,1.0,1.0,1.0,0.0,1.0,1.0,0.0,0.0,0.0,0.0,0.0,0.0,1.0,0.0,0.0,0.0,1.0,0.0,0.0,1.0,1.0,1.0,1.0,1.0,1.0,0.0,0.0,0.0,0.0,0.0,1.0,1.0,1.0,1.0,0.0,0.0,0.0,0.0,0.0,0.0,1.0,0.0,1.0,0.0,0.0,1.0,RAISE,Pass1+relabel consensus
BP2_39,0,1.0,90.0,30.0,0.25,0.333333,3,0,1.0,0.0,0.14,0.0,0.0,0.0,0.0,1.0,4.0,0.0,1.0,0.0,0.0,0.0,2.0,9.0,0.25,0.25,0.0,0.214,0.214,0.999792,0.0,-0.036,1.1111,0.0,0.0,0.0,1.0,2.0,0.2542,0.4442,0.0855,1.0,0.0458,0.0,0.0,0.010571,0.0,0.085106,0.32646,0.0,0.274262,3.0,1.0,0.2162,0.0,0.0,0.0,0.0,1.0,1.0,0.0,0.0,1.0,0.0,0.0,0.0,0.0,0.0,0.0,1.0,1.0,0.0,1.0,0.0,0.0,0.0,0.0,0.0,0.0,0.0,0.0,1.0,1.0,1.0,0.0,1.0,1.0,0.0,0.0,0.0,0.0,0.0,1.0,1.0,1.0,0.0,0.0,0.0,0.0,0.0,1.0,1.0,1.0,1.0,1.0,0.0,0.0,1.0,FOLD,Pass1+relabel consensus
BP2_40,0,1.0,90.0,30.0,0.25,0.333333,2,0,1.0,2.0,0.43,0.0,0.0,0.0,0.0,0.0,0.0,0.0,1.0,0.0,0.0,0.0,2.0,11.0,0.25,0.25,0.0,0.16225,0.16225,0.827617,0.139671,-0.08775,1.1111,0.0,0.0,0.0,1.0,2.0,0.314,0.0,0.372,1.0,-0.014,0.0,0.0,0.0,6.0,0.0,0.194575,0.0,0.470596,0.0,1.0,0.314,0.0,1.0,0.0,0.0,1.0,1.0,0.0,0.0,1.0,1.0,1.0,1.0,0.0,0.0,0.0,0.0,0.0,0.0,1.0,0.0,0.0,0.0,0.0,0.0,0.0,1.0,0.0,1.0,1.0,1.0,1.0,1.0,1.0,0.0,0.0,0.0,0.0,0.0,1.0,1.0,1.0,1.0,1.0,0.0,0.0,0.0,1.0,1.0,1.0,1.0,1.0,0.0,1.0,1.0,FOLD,Pass1+relabel consensus
BP2_41,1,1.0,90.0,30.0,0.25,0.333333,5,0,0.0,0.0,0.14,0.0,0.0,0.0,0.0,1.0,8.0,0.0,0.0,1.0,0.0,0.0,2.0,9.0,0.08,0.0,0.0,0.171,0.171,1.0,0.0,-0.079,1.1111,0.0,0.0,1.0,1.0,2.0,0.5366,0.0,0.2692,1.0,-0.2366,0.0,0.0,0.0,0.0,0.173913,0.201176,0.0,0.21474,3.0,0.0,0.1942,0.0,1.0,0.0,0.0,1.0,1.0,0.0,0.0,1.0,1.0,0.0,1.0,0.0,0.0,0.0,1.0,1.0,0.0,0.0,0.0,0.0,0.0,0.0,0.0,0.0,0.0,0.0,1.0,1.0,0.0,1.0,1.0,0.0,0.0,0.0,0.0,0.0,1.0,1.0,1.0,1.0,1.0,1.0,0.0,0.0,0.0,0.0,1.0,1.0,0.0,1.0,0.0,1.0,1.0,FOLD,Pass1+relabel consensus
BP2_42,2,1.0,180.0,59.0,0.246862,0.327778,4,0,0.0,0.0,0.23,0.0,0.0,0.0,0.0,0.0,0.0,0.0,0.0,1.0,0.0,0.0,5.0,14.0,0.42,0.0,0.3,0.0415,0.0415,0.724011,0.248725,-0.205362,0.5556,0.0,0.0,1.0,2.0,2.0,0.729,0.0,0.181,1.0,-0.429,0.0,0.0,0.053327,0.0,0.0,0.0,0.0,0.073441,12.0,0.0,0.09,0.0,0.0,0.0,0.0,1.0,1.0,0.0,0.0,1.0,1.0,1.0,1.0,0.0,0.0,0.0,0.0,0.0,0.0,0.0,0.0,0.0,0.0,0.0,0.0,0.0,0.0,0.0,1.0,1.0,1.0,0.0,1.0,1.0,0.0,0.0,0.0,0.0,0.0,1.0,1.0,1.0,0.0,0.0,0.0,0.0,1.0,1.0,0.0,1.0,1.0,1.0,0.0,0.0,1.0,FOLD,Pass1+relabel consensus
BP2_43,1,1.0,180.0,59.0,0.246862,0.327778,5,0,0.0,0.0,0.17,0.0,0.0,0.0,0.0,0.0,0.0,0.0,0.0,1.0,0.0,0.0,2.0,13.0,0.08,0.0,0.0,0.00925,0.00925,0.999472,0.00025,-0.237612,0.5556,0.0,0.0,0.0,2.0,2.0,0.5319,0.1144,0.1013,1.0,-0.2319,0.0,0.0,0.0,0.0,0.0,0.035714,0.0,0.168839,0.0,0.0,0.2524,1.0,1.0,0.0,0.0,1.0,1.0,0.0,0.0,1.0,1.0,1.0,1.0,0.0,0.0,0.0,0.0,0.0,0.0,0.0,1.0,0.0,0.0,0.0,0.0,1.0,0.0,0.0,1.0,1.0,1.0,1.0,1.0,1.0,0.0,0.0,0.0,0.0,0.0,1.0,1.0,1.0,1.0,1.0,0.0,0.0,0.0,1.0,0.0,1.0,1.0,1.0,0.0,0.0,1.0,FOLD,Pass1+relabel consensus
BP2_44,2,1.0,360.0,119.0,0.248434,0.330556,2,0,1.0,1.0,0.34,0.0,0.0,0.0,0.0,1.0,4.0,0.0,0.0,1.0,0.0,0.0,2.0,12.0,0.12,0.0,0.0,0.0225,0.0225,0.88781,0.084405,-0.225934,0.2778,0.0,2.0,0.0,1.0,2.0,0.5896,0.0,0.3231,1.0,-0.2896,0.0,0.0,0.0,3.0,0.0,0.037389,0.0,0.168428,0.0,1.0,0.0873,0.0,1.0,0.0,0.0,1.0,1.0,0.0,0.0,1.0,1.0,1.0,1.0,0.0,0.0,0.0,1.0,1.0,0.0,0.0,0.0,0.0,0.0,0.0,0.0,0.0,0.0,0.0,1.0,1.0,1.0,1.0,0.0,1.0,0.0,0.0,0.0,0.0,0.0,1.0,1.0,1.0,1.0,0.0,0.0,0.0,0.0,1.0,0.0,1.0,1.0,1.0,0.0,1.0,1.0,FOLD,Pass1+relabel consensus
BP2_45,2,1.0,360.0,270.0,0.428571,0.75,5,0,0.0,5.0,1.16,1.0,0.0,0.0,0.0,0.0,0.0,0.0,0.0,1.0,0.0,0.0,2.0,13.0,0.12,0.0,0.0,0.05025,0.05025,0.755448,0.244445,-0.378321,0.2778,0.0,0.0,0.0,3.0,2.0,0.7519,0.0,0.1883,1.0,-0.4519,0.0,0.0,0.0,0.0,0.0,0.463158,1.0,0.061554,6.0,0.0,0.0598,0.0,1.0,0.0,0.0,1.0,0.0,0.0,0.0,1.0,0.0,1.0,1.0,0.0,0.0,0.0,0.0,0.0,0.0,0.0,0.0,0.0,0.0,0.0,0.0,0.0,0.0,0.0,1.0,1.0,1.0,0.0,1.0,1.0,0.0,1.0,0.0,0.0,0.0,1.0,1.0,1.0,0.0,1.0,0.0,0.0,0.0,0.0,0.0,1.0,1.0,1.0,0.0,0.0,1.0,FOLD,Pass1+relabel consensus
BP3_01,0,1.0,90.0,30.0,0.25,0.333333,3,0,1.0,0.0,0.17,0.0,0.0,0.0,0.0,0.0,0.0,0.0,0.0,1.0,0.0,0.0,2.0,13.0,0.0,0.0,0.0,0.07775,0.07775,0.94764,0.035248,-0.17225,1.1111,0.0,0.0,0.0,1.0,2.0,0.2405,0.0,0.3234,1.0,0.0595,0.0,0.0,0.0,0.0,0.0,0.02641,0.0,0.57684,0.0,1.0,0.4362,0.0,1.0,0.0,0.0,1.0,1.0,0.0,0.0,1.0,1.0,1.0,0.0,0.0,0.0,0.0,1.0,1.0,0.0,0.0,1.0,0.0,0.0,0.0,1.0,0.0,0.0,0.0,1.0,1.0,1.0,1.0,1.0,1.0,0.0,0.0,0.0,1.0,0.0,1.0,1.0,1.0,1.0,1.0,0.0,0.0,0.0,1.0,1.0,1.0,1.0,1.0,0.0,1.0,1.0,FOLD,Pass1+relabel consensus
BP3_02,0,1.0,90.0,30.0,0.25,0.333333,3,0,1.0,0.0,0.22,0.0,0.0,0.0,0.0,1.0,4.0,0.0,0.0,1.0,0.0,0.0,2.0,13.0,0.0,0.0,0.0,0.23075,0.23075,0.845592,0.153874,-0.01925,1.1111,0.0,0.0,0.0,1.0,2.0,0.2405,0.0,0.3234,1.0,0.0595,0.0,0.0,0.0,0.0,0.085106,0.532168,0.0,0.57684,0.0,1.0,0.4362,0.0,0.0,0.0,0.0,1.0,1.0,0.0,0.0,1.0,1.0,1.0,1.0,0.0,0.0,1.0,1.0,1.0,0.0,0.0,0.0,0.0,0.0,0.0,0.0,0.0,0.0,0.0,1.0,1.0,0.0,0.0,1.0,1.0,0.0,0.0,0.0,0.0,1.0,1.0,1.0,1.0,0.0,0.0,0.0,0.0,0.0,1.0,1.0,1.0,1.0,1.0,0.0,1.0,1.0,FOLD,Pass1+relabel consensus
BP3_03,0,1.0,90.0,30.0,0.25,0.333333,3,0,1.0,0.0,0.14,0.0,0.0,0.0,0.0,1.0,4.0,0.0,1.0,0.0,0.0,0.0,2.0,10.0,0.25,0.25,0.0,0.17975,0.17975,1.0,0.0,-0.07025,1.1111,0.0,0.0,0.0,1.0,2.0,0.3149,0.0174,0.3386,1.0,-0.0149,0.0,0.0,0.0,0.0,0.085106,0.328467,0.0,0.457517,0.0,1.0,0.3291,0.0,0.0,0.0,0.0,1.0,1.0,0.0,0.0,1.0,0.0,0.0,0.0,0.0,0.0,0.0,1.0,1.0,0.0,0.0,0.0,0.0,0.0,0.0,0.0,0.0,0.0,0.0,0.0,1.0,1.0,0.0,1.0,1.0,0.0,0.0,0.0,0.0,0.0,1.0,1.0,1.0,1.0,0.0,0.0,0.0,0.0,1.0,1.0,1.0,1.0,1.0,1.0,1.0,1.0,FOLD,Pass1+relabel consensus
BP3_04,0,1.0,90.0,30.0,0.25,0.333333,2,0,1.0,0.0,0.16,0.0,0.0,0.0,0.0,0.0,0.0,0.0,0.0,1.0,0.0,0.0,2.0,11.0,0.0,0.0,0.0,0.09275,0.09275,0.993032,0.000306,-0.15725,1.1111,0.0,0.0,0.0,1.0,2.0,0.3289,0.0421,0.3327,1.0,-0.0289,0.0,0.0,0.0,0.0,0.0,0.002849,0.0,0.422565,0.0,1.0,0.2964,0.0,0.0,0.0,0.0,1.0,0.0,0.0,0.0,1.0,0.0,1.0,1.0,0.0,0.0,0.0,1.0,0.0,0.0,0.0,0.0,0.0,0.0,0.0,0.0,0.0,0.0,0.0,1.0,1.0,1.0,0.0,0.0,0.0,0.0,0.0,0.0,0.0,0.0,1.0,1.0,1.0,0.0,0.0,0.0,0.0,0.0,1.0,1.0,1.0,1.0,1.0,0.0,0.0,1.0,FOLD,Pass1+relabel consensus
BP3_05,0,1.0,90.0,30.0,0.25,0.333333,2,0,1.0,2.0,0.43,0.0,0.0,0.0,0.0,0.0,0.0,0.0,0.0,1.0,0.0,0.0,2.0,11.0,0.0,0.0,0.0,0.1635,0.1635,0.82756,0.139747,-0.0865,1.1111,0.0,0.0,0.0,1.0,2.0,0.3289,0.0421,0.3327,1.0,-0.0289,0.0,0.0,0.0,6.0,0.0,0.329934,0.0,0.422565,0.0,1.0,0.2964,0.0,1.0,0.0,0.0,1.0,1.0,0.0,0.0,1.0,1.0,0.0,1.0,0.0,0.0,0.0,0.0,0.0,0.0,0.0,0.0,0.0,0.0,0.0,0.0,0.0,0.0,0.0,1.0,1.0,1.0,1.0,1.0,1.0,0.0,0.0,0.0,0.0,0.0,1.0,1.0,1.0,1.0,1.0,0.0,0.0,0.0,1.0,0.0,1.0,1.0,1.0,0.0,1.0,1.0,FOLD,Pass1+relabel consensus
BP3_06,0,1.0,90.0,30.0,0.25,0.333333,5,0,0.0,0.0,0.16,0.0,0.0,0.0,0.0,1.0,4.0,0.0,1.0,0.0,0.0,0.0,2.0,12.0,0.25,0.25,0.0,0.198,0.198,0.999587,0.0,-0.052,1.1111,0.0,0.0,0.0,1.0,2.0,0.3436,0.3913,0.0168,1.0,-0.0436,0.0,0.0,0.0,0.0,0.085106,0.283554,0.0,0.212291,0.0,0.0,0.2483,0.0,0.0,0.0,0.0,1.0,1.0,0.0,0.0,1.0,1.0,1.0,1.0,0.0,0.0,0.0,1.0,1.0,0.0,0.0,0.0,0.0,0.0,0.0,0.0,0.0,0.0,0.0,1.0,1.0,0.0,0.0,1.0,0.0,0.0,0.0,0.0,0.0,0.0,1.0,1.0,1.0,1.0,0.0,0.0,0.0,0.0,0.0,1.0,1.0,0.0,0.0,0.0,0.0,1.0,FOLD,Pass1+relabel consensus
BP3_07,1,1.0,90.0,30.0,0.25,0.333333,4,0,0.0,0.0,0.15,0.0,0.0,0.0,0.0,1.0,4.0,0.0,0.0,1.0,0.0,0.0,4.0,14.0,0.38,0.0,0.3,0.10225,0.10225,0.99461,0.0,-0.14775,1.1111,0.0,0.0,1.0,1.0,2.0,0.5217,0.0486,0.1061,1.0,-0.2217,0.0,0.0,0.0,0.0,0.086957,0.104587,0.0,0.206116,0.0,0.0,0.3236,0.0,0.0,0.0,0.0,1.0,1.0,0.0,0.0,1.0,1.0,0.0,0.0,0.0,0.0,0.0,1.0,1.0,0.0,0.0,0.0,0.0,0.0,1.0,0.0,0.0,0.0,1.0,1.0,1.0,0.0,1.0,1.0,1.0,0.0,0.0,1.0,0.0,0.0,1.0,1.0,1.0,1.0,1.0,0.0,0.0,0.0,1.0,1.0,1.0,1.0,1.0,0.0,0.0,1.0,FOLD,Pass1+relabel consensus
BP3_08,1,1.0,90.0,30.0,0.25,0.333333,5,0,0.0,2.0,0.43,0.0,0.0,0.0,0.0,0.0,0.0,0.0,0.0,1.0,0.0,0.0,2.0,9.0,0.08,0.0,0.0,0.04975,0.04975,0.993634,0.004783,-0.20025,1.1111,0.0,0.0,1.0,1.0,2.0,0.5366,0.0,0.2692,1.0,-0.2366,0.0,0.0,0.074751,6.0,0.0,0.105882,0.0,0.21474,13.0,0.0,0.1942,1.0,1.0,0.0,0.0,1.0,1.0,0.0,0.0,1.0,1.0,1.0,1.0,0.0,0.0,1.0,1.0,0.0,0.0,0.0,1.0,0.0,0.0,0.0,0.0,0.0,0.0,0.0,1.0,1.0,1.0,1.0,1.0,1.0,0.0,0.0,0.0,0.0,0.0,1.0,1.0,1.0,0.0,0.0,0.0,0.0,0.0,1.0,0.0,1.0,1.0,1.0,0.0,0.0,1.0,FOLD,Pass1+relabel consensus
BP3_09,2,1.0,180.0,59.0,0.246862,0.327778,3,0,1.0,0.0,0.22,0.0,0.0,0.0,0.0,1.0,4.0,0.0,0.0,1.0,0.0,0.0,2.0,13.0,0.12,0.0,0.0,0.023,0.023,0.875937,0.123044,-0.223862,0.5556,0.0,1.0,1.0,1.0,2.0,0.4889,0.0,0.4107,1.0,-0.1889,0.0,0.0,0.081301,0.0,0.0,0.212146,0.0,0.261223,11.0,1.0,0.1004,0.0,0.0,0.0,0.0,1.0,1.0,0.0,0.0,1.0,1.0,1.0,0.0,0.0,0.0,0.0,1.0,1.0,0.0,0.0,0.0,0.0,0.0,0.0,0.0,1.0,0.0,0.0,1.0,1.0,1.0,1.0,1.0,0.0,0.0,0.0,1.0,1.0,0.0,1.0,1.0,1.0,1.0,0.0,0.0,0.0,0.0,1.0,0.0,1.0,1.0,1.0,1.0,1.0,1.0,FOLD,Pass1+relabel consensus
BP3_10,2,1.0,180.0,59.0,0.246862,0.327778,5,0,0.0,1.0,0.34,0.0,0.0,0.0,0.0,0.0,0.0,0.0,0.0,1.0,0.0,0.0,2.0,13.0,0.12,0.0,0.0,0.01825,0.01825,0.809507,0.0422,-0.228612,0.5556,0.0,0.0,1.0,2.0,2.0,0.7062,0.0,0.2128,1.0,-0.4062,0.0,0.0,0.0,3.0,0.0,0.01232,0.0,0.086318,0.0,0.0,0.081,0.0,1.0,0.0,0.0,1.0,1.0,0.0,0.0,1.0,1.0,1.0,1.0,0.0,0.0,0.0,0.0,0.0,0.0,0.0,0.0,0.0,0.0,0.0,0.0,0.0,0.0,0.0,1.0,1.0,1.0,1.0,1.0,1.0,0.0,0.0,1.0,0.0,0.0,1.0,1.0,1.0,1.0,1.0,0.0,0.0,0.0,0.0,0.0,1.0,1.0,1.0,0.0,0.0,1.0,FOLD,Pass1+relabel consensus
BP3_11,2,1.0,360.0,119.0,0.248434,0.330556,2,0,1.0,3.0,1.03,1.0,0.0,0.0,0.0,0.0,0.0,0.0,0.0,1.0,0.0,0.0,2.0,12.0,0.12,0.0,0.0,0.1155,0.1155,0.677969,0.314124,-0.132934,0.2778,0.0,2.0,0.0,1.0,2.0,0.5896,0.0,0.3231,1.0,-0.2896,0.0,0.0,0.0,3.0,0.0,0.34554,1.0,0.168428,0.0,1.0,0.0873,0.0,0.0,0.0,0.0,1.0,1.0,0.0,0.0,1.0,1.0,0.0,0.0,0.0,0.0,0.0,0.0,0.0,0.0,0.0,0.0,0.0,0.0,0.0,0.0,0.0,0.0,0.0,1.0,1.0,1.0,1.0,0.0,1.0,0.0,1.0,0.0,0.0,0.0,1.0,1.0,1.0,1.0,0.0,0.0,0.0,0.0,0.0,0.0,1.0,1.0,0.0,0.0,1.0,1.0,FOLD,Pass1+relabel consensus
BP3_12,2,1.0,360.0,270.0,0.428571,0.75,5,0,0.0,0.0,0.18,0.0,0.0,0.0,0.0,0.0,0.0,0.0,0.0,1.0,0.0,0.0,2.0,13.0,0.12,0.0,0.0,0.0,0.0,1.0,0.0,-0.428571,0.2778,0.0,0.0,0.0,3.0,2.0,0.7519,0.0,0.1883,1.0,-0.4519,0.0,0.0,0.0,0.0,0.0,0.0,0.0,0.061554,2.0,0.0,0.0598,1.0,0.0,0.0,1.0,1.0,1.0,0.0,0.0,1.0,0.0,1.0,1.0,0.0,0.0,0.0,0.0,0.0,0.0,0.0,0.0,0.0,0.0,0.0,0.0,0.0,0.0,0.0,1.0,1.0,1.0,1.0,0.0,1.0,0.0,0.0,0.0,0.0,0.0,1.0,1.0,1.0,1.0,0.0,0.0,0.0,0.0,1.0,0.0,1.0,1.0,1.0,0.0,0.0,1.0,FOLD,Pass1+relabel consensus
BP3_13,1,1.0,180.0,59.0,0.246862,0.327778,5,0,0.0,0.0,0.19,0.0,0.0,0.0,0.0,0.0,0.0,0.0,0.0,1.0,0.0,0.0,2.0,13.0,0.08,0.0,0.0,0.0105,0.0105,0.999332,0.000668,-0.236362,0.5556,0.0,0.0,0.0,2.0,2.0,0.5319,0.1144,0.1013,1.0,-0.2319,0.0,0.0,0.0,0.0,0.0,0.045238,0.0,0.168839,9.0,0.0,0.2524,0.0,1.0,0.0,0.0,1.0,1.0,0.0,0.0,1.0,0.0,1.0,1.0,0.0,0.0,0.0,0.0,0.0,0.0,0.0,0.0,0.0,0.0,1.0,0.0,0.0,0.0,0.0,1.0,1.0,1.0,0.0,0.0,0.0,0.0,0.0,0.0,0.0,0.0,1.0,1.0,1.0,1.0,1.0,0.0,0.0,0.0,1.0,1.0,1.0,1.0,1.0,0.0,0.0,1.0,FOLD,Pass1+relabel consensus
BP3_14,1,1.0,180.0,59.0,0.246862,0.327778,3,0,1.0,0.0,0.19,0.0,0.0,0.0,0.0,1.0,4.0,0.0,0.0,1.0,0.0,0.0,4.0,12.0,0.38,0.0,0.3,0.091,0.091,0.899902,0.099339,-0.155862,0.5556,0.0,1.0,0.0,1.0,2.0,0.3118,0.0837,0.3042,1.0,-0.0118,0.0,0.0,0.0,0.0,0.086957,0.157005,0.0,0.417768,0.0,1.0,0.3004,0.0,0.0,0.0,0.0,1.0,1.0,0.0,0.0,1.0,0.0,1.0,1.0,0.0,0.0,0.0,1.0,1.0,0.0,0.0,0.0,0.0,0.0,1.0,0.0,1.0,0.0,1.0,1.0,1.0,0.0,0.0,1.0,1.0,0.0,1.0,0.0,0.0,0.0,1.0,1.0,1.0,1.0,0.0,0.0,0.0,0.0,1.0,1.0,1.0,1.0,1.0,0.0,0.0,1.0,FOLD,Pass1+relabel consensus
BP3_15,2,1.0,180.0,59.0,0.246862,0.327778,4,0,0.0,5.0,1.15,1.0,0.0,0.0,0.0,1.0,4.0,0.0,0.0,1.0,0.0,0.0,5.0,14.0,0.42,0.0,0.3,0.07025,0.07025,0.646158,0.342797,-0.176612,0.5556,0.0,0.0,1.0,2.0,2.0,0.729,0.0,0.181,1.0,-0.429,0.0,0.0,0.0,0.0,0.0,0.168692,1.0,0.073441,5.0,0.0,0.09,0.0,0.0,0.0,0.0,1.0,1.0,0.0,0.0,1.0,1.0,1.0,1.0,0.0,0.0,0.0,1.0,0.0,0.0,0.0,0.0,0.0,0.0,1.0,0.0,0.0,0.0,0.0,1.0,1.0,1.0,0.0,1.0,1.0,0.0,0.0,0.0,1.0,0.0,1.0,1.0,1.0,1.0,1.0,1.0,0.0,0.0,0.0,0.0,1.0,1.0,0.0,0.0,0.0,1.0,FOLD,Pass1+relabel consensus
BP3_16,2,1.0,180.0,59.0,0.246862,0.327778,3,0,1.0,0.0,0.16,0.0,0.0,0.0,0.0,1.0,4.0,0.0,0.0,1.0,0.0,0.0,2.0,13.0,0.12,0.0,0.0,0.00025,0.00025,0.971719,0.027064,-0.246612,0.5556,0.0,1.0,1.0,1.0,2.0,0.4889,0.0,0.4107,1.0,-0.1889,0.0,0.0,0.0,0.0,0.0,0.118552,0.0,0.261223,0.0,1.0,0.1004,1.0,0.0,0.0,0.0,1.0,1.0,0.0,0.0,1.0,1.0,1.0,1.0,0.0,0.0,0.0,1.0,0.0,0.0,0.0,0.0,0.0,0.0,0.0,0.0,0.0,0.0,0.0,1.0,1.0,1.0,0.0,1.0,1.0,0.0,0.0,0.0,0.0,0.0,1.0,1.0,1.0,1.0,0.0,0.0,0.0,0.0,0.0,1.0,1.0,1.0,0.0,0.0,1.0,1.0,FOLD,Pass1+relabel consensus
BP3_17,1,1.0,180.0,59.0,0.246862,0.327778,3,0,1.0,0.0,0.16,0.0,0.0,0.0,0.0,1.0,8.0,0.0,0.0,1.0,0.0,0.0,2.0,13.0,0.08,0.0,0.0,0.1845,0.1845,0.971749,0.02666,-0.062362,0.5556,0.0,1.0,0.0,1.0,2.0,0.3504,0.0602,0.2536,1.0,-0.0504,0.0,0.0,0.0,0.0,0.173913,0.141439,0.0,0.38378,0.0,1.0,0.3358,0.0,1.0,0.0,0.0,1.0,1.0,0.0,0.0,1.0,1.0,0.0,1.0,0.0,0.0,0.0,1.0,1.0,0.0,0.0,0.0,0.0,0.0,0.0,0.0,0.0,0.0,0.0,1.0,1.0,0.0,0.0,0.0,1.0,0.0,0.0,0.0,0.0,0.0,1.0,1.0,1.0,1.0,0.0,0.0,0.0,0.0,0.0,1.0,1.0,0.0,0.0,0.0,0.0,1.0,FOLD,Pass1+relabel consensus
BP3_18,1,1.0,180.0,59.0,0.246862,0.327778,2,0,1.0,0.0,0.14,0.0,0.0,0.0,0.0,1.0,4.0,0.0,0.0,1.0,0.0,0.0,2.0,11.0,0.08,0.0,0.0,0.12,0.12,1.0,0.0,-0.126862,0.5556,0.0,1.0,0.0,1.0,2.0,0.3264,0.3819,0.1042,1.0,-0.0264,0.0,0.0,0.0,0.0,0.086957,0.20988,0.0,0.232951,0.0,1.0,0.1875,0.0,1.0,0.0,0.0,1.0,0.0,0.0,0.0,1.0,1.0,0.0,1.0,0.0,0.0,0.0,1.0,1.0,0.0,0.0,0.0,0.0,0.0,0.0,0.0,0.0,0.0,0.0,1.0,1.0,1.0,0.0,1.0,1.0,0.0,0.0,0.0,0.0,0.0,1.0,1.0,1.0,0.0,0.0,0.0,0.0,0.0,1.0,1.0,1.0,1.0,1.0,0.0,0.0,1.0,FOLD,Pass1+relabel consensus
BP3_19,2,1.0,360.0,270.0,0.428571,0.75,5,0,0.0,5.0,1.21,1.0,0.0,0.0,0.0,1.0,4.0,0.0,0.0,1.0,0.0,0.0,2.0,13.0,0.12,0.0,0.0,0.0875,0.0875,0.665273,0.334502,-0.341071,0.2778,0.0,0.0,0.0,3.0,2.0,0.7519,0.0,0.1883,1.0,-0.4519,0.0,0.0,0.0,0.0,0.0,0.683,1.0,0.061554,0.0,0.0,0.0598,0.0,1.0,0.0,0.0,1.0,1.0,0.0,0.0,1.0,1.0,1.0,1.0,1.0,0.0,0.0,0.0,0.0,0.0,0.0,0.0,0.0,0.0,0.0,0.0,1.0,0.0,0.0,1.0,1.0,1.0,1.0,1.0,0.0,0.0,0.0,0.0,0.0,0.0,1.0,1.0,1.0,1.0,0.0,1.0,0.0,0.0,0.0,0.0,1.0,1.0,0.0,0.0,0.0,1.0,FOLD,Pass1+relabel consensus
BP3_20,2,1.0,360.0,119.0,0.248434,0.330556,2,0,1.0,5.0,1.21,1.0,0.0,0.0,0.0,1.0,4.0,0.0,0.0,1.0,0.0,0.0,2.0,13.0,0.12,0.0,0.0,0.404339,0.404339,0.594104,0.402782,0.155905,0.2778,0.0,2.0,0.0,1.0,1.0,0.6675,0.0,0.2406,1.0,-0.3675,0.0,0.0,0.180932,0.0,0.0,0.575818,1.0,0.3325,12.0,1.0,0.092,0.0,0.0,0.0,0.0,1.0,1.0,0.0,0.0,1.0,1.0,0.0,0.0,0.0,0.0,0.0,1.0,0.0,0.0,0.0,0.0,0.0,0.0,0.0,0.0,0.0,0.0,0.0,0.0,1.0,1.0,1.0,1.0,1.0,0.0,1.0,0.0,0.0,1.0,1.0,1.0,1.0,1.0,0.0,0.0,0.0,1.0,0.0,0.0,1.0,1.0,0.0,1.0,1.0,1.0,CALL,Pass1+relabel consensus
BP3_21,2,1.0,360.0,119.0,0.248434,0.330556,3,0,1.0,0.0,0.17,0.0,0.0,0.0,0.0,1.0,8.0,0.0,0.0,1.0,0.0,0.0,2.0,13.0,0.12,0.0,0.0,0.044119,0.044119,0.947694,0.035932,-0.204315,0.2778,0.0,2.0,0.0,1.0,1.0,0.4664,0.0,0.4281,1.0,-0.1664,0.0,0.0,0.0,0.0,0.0,0.242656,0.0,0.5336,0.0,1.0,0.1055,0.0,0.0,0.0,0.0,1.0,1.0,0.0,0.0,1.0,1.0,1.0,1.0,0.0,0.0,0.0,1.0,1.0,0.0,0.0,0.0,0.0,0.0,0.0,0.0,0.0,0.0,0.0,1.0,1.0,1.0,1.0,1.0,1.0,0.0,1.0,0.0,0.0,0.0,1.0,1.0,1.0,1.0,0.0,0.0,0.0,0.0,1.0,1.0,1.0,1.0,1.0,0.0,1.0,1.0,FOLD,Pass1+relabel consensus
BP3_22,1,1.0,180.0,59.0,0.246862,0.327778,5,0,0.0,0.0,0.17,0.0,0.0,0.0,0.0,1.0,8.0,0.0,0.0,1.0,0.0,0.0,2.0,14.0,0.08,0.0,0.0,0.165,0.165,0.998505,0.0,-0.081862,0.5556,0.0,0.0,0.0,2.0,2.0,0.4918,0.1352,0.0574,1.0,-0.1918,0.0,0.0,0.0,0.0,0.173913,0.037736,0.0,0.194128,0.0,0.0,0.3156,0.0,1.0,0.0,0.0,1.0,1.0,0.0,0.0,1.0,1.0,1.0,1.0,0.0,0.0,0.0,1.0,1.0,0.0,0.0,1.0,0.0,0.0,1.0,1.0,0.0,0.0,0.0,0.0,1.0,1.0,1.0,1.0,0.0,0.0,0.0,0.0,0.0,0.0,1.0,1.0,1.0,0.0,0.0,1.0,0.0,0.0,0.0,1.0,1.0,0.0,0.0,0.0,0.0,1.0,FOLD,Pass1+relabel consensus
BP3_23,2,1.0,360.0,119.0,0.248434,0.330556,2,0,1.0,1.0,0.34,0.0,0.0,0.0,0.0,1.0,4.0,0.0,0.0,1.0,0.0,0.0,2.0,12.0,0.12,0.0,0.0,0.01175,0.01175,0.88781,0.084405,-0.236684,0.2778,0.0,2.0,0.0,1.0,2.0,0.5896,0.0,0.3231,1.0,-0.2896,0.0,0.0,0.0,3.0,0.0,0.037389,0.0,0.168428,0.0,1.0,0.0873,0.0,1.0,0.0,0.0,1.0,1.0,0.0,0.0,1.0,1.0,0.0,1.0,0.0,0.0,0.0,0.0,0.0,0.0,0.0,0.0,0.0,0.0,1.0,0.0,0.0,0.0,0.0,1.0,1.0,1.0,1.0,0.0,1.0,0.0,1.0,0.0,1.0,0.0,1.0,1.0,1.0,1.0,1.0,0.0,0.0,0.0,1.0,0.0,1.0,1.0,1.0,0.0,1.0,1.0,FOLD,Pass1+relabel consensus
BP3_24,2,1.0,360.0,270.0,0.428571,0.75,5,0,0.0,5.0,1.16,1.0,0.0,0.0,0.0,0.0,0.0,0.0,0.0,1.0,0.0,0.0,2.0,13.0,0.12,0.0,0.0,0.0465,0.0465,0.771372,0.228499,-0.382071,0.2778,0.0,0.0,0.0,3.0,2.0,0.7519,0.0,0.1883,1.0,-0.4519,0.0,0.0,0.0,0.0,0.0,0.437895,1.0,0.061554,0.0,0.0,0.0598,1.0,1.0,0.0,0.0,1.0,1.0,0.0,0.0,1.0,0.0,1.0,1.0,0.0,0.0,0.0,0.0,0.0,0.0,0.0,0.0,0.0,0.0,0.0,0.0,0.0,0.0,0.0,0.0,1.0,1.0,1.0,0.0,1.0,0.0,1.0,0.0,1.0,0.0,1.0,1.0,1.0,1.0,1.0,0.0,0.0,0.0,0.0,0.0,1.0,1.0,0.0,0.0,0.0,1.0,FOLD,Pass1+relabel consensus
BP3_25,2,1.0,360.0,119.0,0.248434,0.330556,2,0,1.0,3.0,1.03,1.0,0.0,0.0,0.0,0.0,0.0,0.0,0.0,1.0,0.0,0.0,2.0,12.0,0.12,0.0,0.0,0.135,0.135,0.660455,0.339545,-0.113434,0.2778,0.0,2.0,0.0,1.0,2.0,0.5896,0.0,0.3231,1.0,-0.2896,0.0,0.0,0.0,0.0,0.0,0.331519,1.0,0.168428,0.0,1.0,0.0873,0.0,0.0,0.0,0.0,1.0,1.0,0.0,0.0,1.0,1.0,1.0,0.0,0.0,0.0,0.0,0.0,0.0,0.0,0.0,0.0,0.0,0.0,1.0,0.0,0.0,0.0,0.0,1.0,1.0,1.0,0.0,1.0,0.0,0.0,1.0,0.0,0.0,0.0,1.0,1.0,1.0,0.0,0.0,0.0,0.0,0.0,0.0,0.0,1.0,1.0,0.0,0.0,0.0,1.0,FOLD,Pass1+relabel consensus
BP3_26,1,1.0,180.0,59.0,0.246862,0.327778,5,0,0.0,0.0,0.15,0.0,0.0,0.0,0.0,0.0,0.0,0.0,0.0,1.0,0.0,0.0,2.0,13.0,0.08,0.0,0.0,0.004,0.004,1.0,0.0,-0.242862,0.5556,0.0,0.0,0.0,2.0,2.0,0.5319,0.1144,0.1013,1.0,-0.2319,0.0,0.0,0.0,0.0,0.0,0.0,0.0,0.168839,4.0,0.0,0.2524,0.0,0.0,0.0,0.0,1.0,1.0,0.0,0.0,1.0,0.0,1.0,1.0,0.0,0.0,0.0,0.0,1.0,0.0,0.0,0.0,0.0,0.0,0.0,1.0,0.0,0.0,0.0,1.0,1.0,1.0,0.0,0.0,1.0,0.0,0.0,0.0,0.0,0.0,1.0,1.0,1.0,1.0,0.0,0.0,0.0,0.0,1.0,0.0,1.0,1.0,1.0,0.0,0.0,1.0,FOLD,Pass1+relabel consensus
BP3_27,1,1.0,180.0,59.0,0.246862,0.327778,3,0,1.0,0.0,0.13,0.0,0.0,0.0,0.0,0.0,0.0,0.0,0.0,1.0,0.0,0.0,2.0,13.0,0.08,0.0,0.0,0.018,0.018,1.0,0.0,-0.228862,0.5556,0.0,1.0,0.0,1.0,2.0,0.3504,0.0602,0.2536,1.0,-0.0504,0.0,0.0,0.0,0.0,0.0,0.0,0.0,0.38378,0.0,1.0,0.3358,0.0,1.0,0.0,0.0,1.0,1.0,0.0,0.0,1.0,1.0,1.0,1.0,0.0,0.0,0.0,0.0,0.0,0.0,0.0,1.0,0.0,0.0,0.0,0.0,0.0,0.0,0.0,1.0,1.0,1.0,1.0,1.0,0.0,0.0,0.0,0.0,0.0,0.0,1.0,1.0,1.0,1.0,0.0,0.0,0.0,0.0,1.0,0.0,1.0,1.0,0.0,0.0,1.0,1.0,FOLD,Pass1+relabel consensus
BP3_28,1,1.0,180.0,59.0,0.246862,0.327778,2,0,1.0,2.0,0.43,0.0,0.0,0.0,0.0,0.0,0.0,0.0,0.0,1.0,0.0,0.0,2.0,11.0,0.08,0.0,0.0,0.08075,0.08075,0.866504,0.09959,-0.166112,0.5556,0.0,1.0,0.0,1.0,2.0,0.3264,0.3819,0.1042,1.0,-0.0264,0.0,0.0,0.102345,6.0,0.0,0.128874,0.0,0.232951,12.0,1.0,0.1875,0.0,0.0,0.0,0.0,1.0,1.0,0.0,0.0,1.0,1.0,0.0,1.0,0.0,0.0,0.0,0.0,0.0,0.0,0.0,0.0,0.0,0.0,0.0,0.0,0.0,0.0,0.0,1.0,1.0,0.0,1.0,1.0,1.0,0.0,1.0,0.0,0.0,0.0,1.0,1.0,1.0,1.0,0.0,0.0,0.0,1.0,1.0,0.0,1.0,1.0,1.0,0.0,0.0,1.0,FOLD,Pass1+relabel consensus
BP3_29,2,1.0,360.0,119.0,0.248434,0.330556,2,0,1.0,0.0,0.13,0.0,0.0,0.0,0.0,0.0,0.0,0.0,0.0,1.0,0.0,0.0,2.0,13.0,0.12,0.0,0.0,0.0,0.0,1.0,0.0,-0.248434,0.2778,0.0,2.0,0.0,1.0,1.0,0.6675,0.0,0.2406,1.0,-0.3675,0.0,0.0,0.0,0.0,0.0,0.0,0.0,0.3325,0.0,1.0,0.092,1.0,0.0,0.0,0.0,1.0,1.0,0.0,0.0,1.0,0.0,1.0,1.0,0.0,0.0,0.0,0.0,0.0,0.0,0.0,0.0,0.0,0.0,0.0,0.0,0.0,0.0,0.0,1.0,1.0,1.0,1.0,1.0,1.0,0.0,1.0,0.0,0.0,0.0,1.0,1.0,1.0,1.0,0.0,0.0,0.0,0.0,0.0,0.0,1.0,1.0,0.0,0.0,0.0,1.0,FOLD,Pass1+relabel consensus
BP3_30,1,1.0,180.0,59.0,0.246862,0.327778,5,0,0.0,0.0,0.13,0.0,0.0,0.0,0.0,1.0,4.0,0.0,0.0,1.0,0.0,0.0,2.0,14.0,0.08,0.0,0.0,0.0815,0.0815,1.0,0.0,-0.165362,0.5556,0.0,0.0,0.0,2.0,2.0,0.4918,0.1352,0.0574,1.0,-0.1918,0.0,0.0,0.0,0.0,0.086957,0.023899,0.0,0.194128,2.0,0.0,0.3156,0.0,0.0,0.0,0.0,1.0,1.0,0.0,0.0,1.0,1.0,1.0,1.0,0.0,0.0,0.0,1.0,1.0,0.0,0.0,0.0,0.0,0.0,0.0,1.0,0.0,0.0,0.0,0.0,1.0,0.0,0.0,0.0,1.0,0.0,0.0,0.0,1.0,0.0,1.0,1.0,1.0,1.0,0.0,1.0,0.0,0.0,1.0,1.0,1.0,1.0,1.0,0.0,0.0,1.0,FOLD,Pass1+relabel consensus
BP4_01,0,0.0,90.0,0.0,0.0,0.0,3,0,1.0,7.0,1.353,1.0,0.0,0.0,0.0,0.0,0.0,0.0,1.0,0.0,0.0,0.0,2.0,14.0,0.25,0.25,0.0,0.67375,0.67375,0.043779,0.942396,0.67375,1.1111,0.0,0.0,0.0,1.0,2.0,0.2222,0.0,0.2963,1.0,0.0778,0.0,0.0,0.0,0.0,0.234043,0.948576,1.0,0.604973,0.0,1.0,0.4815,0.0,0.0,0.0,0.0,0.0,1.0,0.0,0.0,1.0,1.0,1.0,1.0,0.0,0.0,0.0,0.0,0.0,0.0,0.0,0.0,0.0,0.0,0.0,1.0,1.0,1.0,0.0,1.0,1.0,1.0,1.0,0.0,1.0,0.0,0.0,0.0,0.0,0.0,1.0,1.0,1.0,1.0,1.0,0.0,0.0,0.0,0.0,0.0,1.0,0.0,1.0,1.0,1.0,1.0,BET,Pass1+relabel consensus
BP4_02,0,0.0,90.0,0.0,0.0,0.0,3,0,1.0,7.0,1.352,1.0,0.0,0.0,0.0,0.0,0.0,0.0,1.0,0.0,0.0,0.0,2.0,14.0,0.25,0.25,0.0,0.6265,0.6265,0.061927,0.924312,0.6265,1.1111,0.0,0.0,0.0,1.0,2.0,0.2222,0.0,0.2963,1.0,0.0778,0.0,0.0,0.0,0.0,0.234043,0.924842,1.0,0.604973,0.0,1.0,0.4815,0.0,0.0,0.0,0.0,0.0,0.0,0.0,0.0,1.0,0.0,1.0,0.0,1.0,0.0,0.0,0.0,0.0,0.0,1.0,1.0,0.0,0.0,0.0,0.0,1.0,1.0,0.0,0.0,1.0,0.0,1.0,0.0,0.0,0.0,0.0,0.0,0.0,0.0,1.0,1.0,1.0,0.0,1.0,0.0,0.0,0.0,0.0,0.0,1.0,0.0,1.0,0.0,1.0,1.0,BET,Pass1+relabel consensus
BP4_03,0,0.0,90.0,0.0,0.0,0.0,3,0,1.0,7.0,1.342,1.0,0.0,0.0,0.0,0.0,0.0,0.0,0.0,1.0,0.0,0.0,2.0,13.0,0.0,0.0,0.0,0.6335,0.6335,0.050314,0.937107,0.6335,1.1111,0.0,0.0,0.0,1.0,2.0,0.2222,0.0,0.4444,1.0,0.0778,0.0,0.0,0.0,0.0,0.234043,0.912629,1.0,0.604973,0.0,1.0,0.3333,0.0,1.0,0.0,0.0,0.0,1.0,0.0,0.0,1.0,1.0,1.0,1.0,0.0,0.0,0.0,0.0,0.0,0.0,0.0,1.0,0.0,0.0,0.0,1.0,1.0,0.0,0.0,1.0,1.0,1.0,1.0,0.0,0.0,0.0,0.0,0.0,1.0,0.0,1.0,1.0,1.0,0.0,1.0,1.0,0.0,0.0,0.0,0.0,1.0,0.0,1.0,0.0,1.0,1.0,BET,Pass1+relabel consensus
BP4_04,0,0.0,90.0,0.0,0.0,0.0,3,0,1.0,6.0,1.341,1.0,0.0,0.0,0.0,0.0,0.0,0.0,0.0,1.0,0.0,0.0,2.0,13.0,0.0,0.0,0.0,0.6205,0.6205,0.066528,0.923077,0.6205,1.1111,0.0,0.0,0.0,1.0,2.0,0.2222,0.0,0.4444,1.0,0.0778,0.0,0.0,0.0,0.0,0.234043,0.888801,1.0,0.604973,0.0,1.0,0.3333,0.0,0.0,0.0,0.0,0.0,1.0,0.0,0.0,1.0,1.0,1.0,1.0,0.0,0.0,0.0,0.0,0.0,0.0,0.0,0.0,0.0,0.0,0.0,0.0,1.0,0.0,0.0,0.0,1.0,0.0,1.0,1.0,1.0,0.0,0.0,0.0,1.0,0.0,1.0,1.0,1.0,1.0,1.0,0.0,0.0,0.0,0.0,0.0,1.0,0.0,1.0,0.0,1.0,1.0,BET,Pass1+relabel consensus
BP4_05,1,0.0,90.0,0.0,0.0,0.0,3,0,1.0,10.0,2.68,1.0,1.0,0.0,0.0,0.0,0.0,0.0,0.0,1.0,0.0,0.0,4.0,13.0,0.38,0.0,0.3,0.87125,0.87125,0.017582,0.973626,0.87125,1.1111,0.0,0.0,1.0,1.0,2.0,0.2593,0.037,0.2963,1.0,0.0407,0.0,0.0,0.0,0.0,1.0,0.965668,1.0,0.521573,0.0,1.0,0.4074,0.0,1.0,0.0,0.0,0.0,0.0,0.0,0.0,1.0,1.0,1.0,1.0,1.0,0.0,0.0,0.0,0.0,0.0,0.0,0.0,0.0,0.0,0.0,1.0,1.0,0.0,1.0,1.0,1.0,0.0,1.0,0.0,0.0,0.0,0.0,1.0,1.0,0.0,1.0,1.0,1.0,0.0,1.0,0.0,0.0,0.0,0.0,1.0,1.0,0.0,1.0,0.0,0.0,1.0,BET,Pass1+relabel consensus
BP4_06,1,0.0,90.0,0.0,0.0,0.0,3,0,1.0,6.0,1.341,1.0,0.0,0.0,0.0,0.0,0.0,0.0,0.0,1.0,0.0,0.0,4.0,13.0,0.38,0.0,0.3,0.6325,0.6325,0.074398,0.914661,0.6325,1.1111,0.0,0.0,1.0,1.0,2.0,0.2593,0.037,0.2963,1.0,0.0407,0.0,0.0,0.0,0.0,0.304348,0.875156,1.0,0.521573,0.0,1.0,0.4074,0.0,0.0,0.0,0.0,0.0,1.0,0.0,0.0,1.0,1.0,0.0,1.0,0.0,0.0,0.0,0.0,0.0,0.0,0.0,0.0,0.0,0.0,0.0,0.0,1.0,0.0,1.0,0.0,1.0,0.0,1.0,0.0,1.0,0.0,0.0,1.0,0.0,0.0,1.0,1.0,1.0,1.0,0.0,0.0,0.0,0.0,0.0,0.0,1.0,0.0,1.0,0.0,1.0,1.0,BET,Pass1+relabel consensus
BP4_07,0,0.0,90.0,0.0,0.0,0.0,2,0,1.0,7.0,1.342,1.0,0.0,0.0,0.0,0.0,0.0,0.0,0.0,1.0,0.0,0.0,2.0,13.0,0.0,0.0,0.0,0.64475,0.64475,0.057592,0.926702,0.64475,1.1111,0.0,0.0,0.0,1.0,2.0,0.1268,0.0,0.5352,1.0,0.1732,0.0,0.0,0.0,0.0,0.234043,0.901396,1.0,0.762478,0.0,1.0,0.338,0.0,0.0,0.0,0.0,0.0,0.0,0.0,0.0,1.0,1.0,1.0,1.0,0.0,0.0,0.0,0.0,0.0,0.0,0.0,0.0,0.0,0.0,0.0,1.0,1.0,0.0,0.0,0.0,1.0,0.0,1.0,0.0,1.0,0.0,0.0,0.0,1.0,0.0,1.0,1.0,1.0,1.0,1.0,0.0,0.0,0.0,0.0,1.0,1.0,0.0,1.0,0.0,1.0,1.0,BET,Pass1+relabel consensus
BP4_08,0,0.0,90.0,0.0,0.0,0.0,2,0,1.0,6.0,1.341,1.0,0.0,0.0,0.0,0.0,0.0,0.0,0.0,1.0,0.0,0.0,2.0,13.0,0.0,0.0,0.0,0.6185,0.6185,0.078329,0.906005,0.6185,1.1111,0.0,0.0,0.0,1.0,2.0,0.1268,0.0,0.5352,1.0,0.1732,0.0,0.0,0.0,0.0,0.234043,0.865756,1.0,0.762478,0.0,1.0,0.338,0.0,0.0,0.0,0.0,0.0,0.0,0.0,0.0,1.0,1.0,1.0,1.0,1.0,0.0,0.0,0.0,0.0,0.0,0.0,1.0,0.0,0.0,0.0,1.0,1.0,0.0,0.0,1.0,1.0,0.0,1.0,1.0,0.0,0.0,0.0,0.0,0.0,0.0,1.0,1.0,1.0,1.0,1.0,0.0,0.0,0.0,0.0,1.0,1.0,0.0,1.0,0.0,1.0,1.0,BET,Pass1+relabel consensus
BP4_09,2,0.0,180.0,0.0,0.0,0.0,3,0,1.0,7.0,1.342,1.0,0.0,0.0,0.0,1.0,4.0,0.0,0.0,1.0,0.0,0.0,2.0,13.0,0.12,0.0,0.0,0.6465,0.6465,0.137387,0.849099,0.6465,0.5556,0.0,0.0,1.0,2.0,2.0,0.3333,0.0,0.3333,1.0,-0.0333,0.0,0.0,0.0,0.0,0.0,0.813112,1.0,0.444489,0.0,1.0,0.3333,0.0,0.0,0.0,0.0,0.0,0.0,0.0,0.0,1.0,1.0,1.0,1.0,0.0,0.0,0.0,1.0,1.0,0.0,0.0,1.0,1.0,0.0,1.0,0.0,1.0,1.0,1.0,1.0,1.0,1.0,1.0,0.0,1.0,0.0,0.0,1.0,1.0,0.0,1.0,1.0,1.0,0.0,1.0,0.0,0.0,0.0,0.0,0.0,1.0,1.0,1.0,0.0,1.0,1.0,BET,Pass1+relabel consensus
BP4_10,2,0.0,180.0,0.0,0.0,0.0,3,0,1.0,10.0,2.6775,1.0,1.0,0.0,0.0,0.0,0.0,0.0,0.0,1.0,0.0,0.0,2.0,13.0,0.12,0.0,0.0,0.87825,0.87825,0.060268,0.933036,0.87825,0.5556,0.0,0.0,1.0,2.0,2.0,0.3333,0.0,0.3333,1.0,-0.0333,0.0,0.0,0.0,0.0,0.0,0.92699,1.0,0.444489,11.0,1.0,0.3333,0.0,0.0,0.0,0.0,0.0,0.0,0.0,0.0,1.0,1.0,1.0,1.0,1.0,0.0,0.0,0.0,0.0,0.0,0.0,0.0,0.0,0.0,0.0,0.0,1.0,0.0,0.0,1.0,1.0,1.0,1.0,1.0,0.0,0.0,0.0,1.0,0.0,0.0,1.0,1.0,1.0,1.0,0.0,0.0,0.0,0.0,0.0,0.0,1.0,0.0,1.0,0.0,1.0,1.0,BET,Pass1+relabel consensus
BP4_11,0,0.0,90.0,0.0,0.0,0.0,5,0,0.0,12.0,3.58,1.0,1.0,1.0,0.0,0.0,0.0,0.0,0.0,1.0,0.0,0.0,2.0,8.0,0.0,0.0,0.0,0.896,0.896,0.0,1.0,0.896,1.1111,0.0,1.0,0.0,0.0,2.0,0.1971,0.0159,0.6121,0.0,0.1029,0.0,0.0,0.0,0.0,1.0,0.997248,1.0,0.631946,0.0,0.0,0.1749,0.0,0.0,0.0,0.0,0.0,0.0,0.0,0.0,1.0,1.0,1.0,1.0,1.0,1.0,0.0,0.0,0.0,0.0,0.0,0.0,0.0,0.0,0.0,0.0,1.0,0.0,0.0,1.0,1.0,0.0,1.0,0.0,1.0,0.0,1.0,0.0,0.0,0.0,1.0,1.0,1.0,0.0,1.0,0.0,0.0,0.0,0.0,0.0,1.0,1.0,1.0,0.0,1.0,1.0,CHECK,Pass1+relabel consensus
BP4_12,0,0.0,90.0,0.0,0.0,0.0,5,0,0.0,10.0,2.41,1.0,1.0,0.0,0.0,0.0,0.0,0.0,0.0,1.0,0.0,0.0,2.0,8.0,0.0,0.0,0.0,0.7125,0.7125,0.030488,0.969512,0.7125,1.1111,0.0,1.0,0.0,0.0,2.0,0.1971,0.0159,0.6121,0.0,0.1029,0.0,0.0,0.0,0.0,1.0,0.934312,1.0,0.631946,0.0,0.0,0.1749,0.0,0.0,0.0,0.0,0.0,1.0,0.0,0.0,1.0,1.0,1.0,1.0,1.0,0.0,0.0,0.0,0.0,0.0,0.0,1.0,1.0,0.0,0.0,0.0,1.0,0.0,0.0,1.0,1.0,1.0,1.0,0.0,1.0,0.0,0.0,0.0,0.0,0.0,1.0,1.0,1.0,0.0,1.0,0.0,0.0,0.0,0.0,1.0,1.0,0.0,1.0,0.0,0.0,1.0,BET,Pass1+relabel consensus
BP4_13,0,0.0,90.0,0.0,0.0,0.0,5,0,0.0,12.0,3.63,1.0,1.0,1.0,0.0,0.0,0.0,0.0,1.0,0.0,0.0,0.0,2.0,13.0,0.25,0.25,0.0,0.8835,0.8835,0.0,1.0,0.8835,1.1111,0.0,1.0,0.0,0.0,2.0,0.159,0.0,0.4293,0.0,0.141,0.0,0.0,0.0,0.0,1.0,0.997076,1.0,0.707281,0.0,0.0,0.4118,0.0,0.0,0.0,0.0,0.0,0.0,0.0,0.0,1.0,1.0,1.0,1.0,1.0,0.0,0.0,0.0,0.0,0.0,1.0,0.0,0.0,0.0,0.0,0.0,1.0,1.0,0.0,1.0,1.0,0.0,1.0,0.0,1.0,0.0,0.0,0.0,0.0,0.0,1.0,1.0,1.0,0.0,0.0,0.0,0.0,0.0,0.0,1.0,1.0,1.0,1.0,0.0,0.0,1.0,BET,Pass1+relabel consensus
BP4_14,0,0.0,90.0,0.0,0.0,0.0,5,0,0.0,10.0,2.6725,1.0,1.0,0.0,0.0,0.0,0.0,0.0,1.0,0.0,0.0,0.0,2.0,13.0,0.25,0.25,0.0,0.70825,0.70825,0.03413,0.959044,0.70825,1.1111,0.0,1.0,0.0,0.0,2.0,0.159,0.0,0.4293,0.0,0.141,0.0,0.0,0.0,0.0,1.0,0.973684,1.0,0.707281,0.0,0.0,0.4118,0.0,0.0,0.0,0.0,0.0,0.0,0.0,0.0,1.0,1.0,1.0,1.0,1.0,0.0,0.0,0.0,0.0,0.0,1.0,0.0,0.0,0.0,0.0,1.0,1.0,1.0,0.0,1.0,1.0,1.0,1.0,0.0,1.0,0.0,1.0,0.0,0.0,0.0,1.0,1.0,1.0,1.0,1.0,0.0,0.0,0.0,0.0,1.0,1.0,0.0,1.0,0.0,0.0,1.0,BET,Pass1+relabel consensus
BP4_15,1,0.0,90.0,0.0,0.0,0.0,5,0,0.0,12.0,3.6,1.0,1.0,1.0,0.0,0.0,0.0,0.0,0.0,1.0,0.0,0.0,2.0,10.0,0.08,0.0,0.0,0.925,0.925,0.0,1.0,0.925,1.1111,0.0,1.0,1.0,0.0,2.0,0.2289,0.3736,0.1272,0.0,0.0711,0.0,0.0,0.0,0.0,1.0,0.99711,1.0,0.341406,0.0,0.0,0.2703,0.0,1.0,0.0,0.0,0.0,0.0,0.0,0.0,1.0,1.0,1.0,0.0,1.0,1.0,0.0,0.0,0.0,0.0,0.0,1.0,0.0,0.0,0.0,0.0,1.0,0.0,0.0,1.0,1.0,0.0,1.0,0.0,1.0,0.0,0.0,0.0,0.0,0.0,1.0,1.0,1.0,0.0,0.0,0.0,0.0,0.0,0.0,0.0,1.0,0.0,1.0,0.0,0.0,1.0,BET,Pass1+relabel consensus
BP4_16,1,0.0,90.0,0.0,0.0,0.0,5,0,0.0,10.0,2.5175,1.0,1.0,0.0,0.0,0.0,0.0,0.0,0.0,1.0,0.0,0.0,2.0,10.0,0.08,0.0,0.0,0.7925,0.7925,0.052632,0.947368,0.7925,1.1111,0.0,1.0,1.0,0.0,2.0,0.2289,0.3736,0.1272,0.0,0.0711,0.0,0.0,0.0,0.0,1.0,0.974952,1.0,0.341406,0.0,0.0,0.2703,0.0,0.0,0.0,0.0,0.0,0.0,0.0,0.0,1.0,1.0,0.0,1.0,0.0,0.0,0.0,0.0,0.0,0.0,0.0,1.0,0.0,0.0,0.0,0.0,1.0,1.0,0.0,1.0,1.0,0.0,1.0,0.0,1.0,0.0,0.0,1.0,0.0,0.0,1.0,1.0,1.0,0.0,1.0,0.0,0.0,0.0,0.0,1.0,1.0,0.0,1.0,0.0,0.0,1.0,BET,Pass1+relabel consensus
BP4_17,2,0.0,180.0,0.0,0.0,0.0,5,0,0.0,12.0,3.62,1.0,1.0,1.0,0.0,0.0,0.0,0.0,0.0,1.0,0.0,0.0,2.0,12.0,0.12,0.0,0.0,0.9545,0.9545,0.014652,0.985348,0.9545,0.5556,0.0,2.0,1.0,0.0,2.0,0.2862,0.0,0.2544,0.0,0.0138,0.0,0.0,0.0,0.0,0.0,0.955579,1.0,0.50951,0.0,0.0,0.4595,0.0,0.0,0.0,0.0,0.0,0.0,0.0,0.0,1.0,1.0,1.0,1.0,1.0,1.0,0.0,0.0,0.0,0.0,0.0,0.0,0.0,0.0,0.0,0.0,1.0,0.0,0.0,1.0,1.0,1.0,1.0,0.0,1.0,0.0,1.0,1.0,0.0,0.0,1.0,1.0,1.0,1.0,0.0,0.0,0.0,0.0,0.0,0.0,1.0,0.0,1.0,0.0,0.0,1.0,BET,Pass1+relabel consensus
BP4_18,2,0.0,180.0,0.0,0.0,0.0,5,0,0.0,10.0,2.625,1.0,1.0,0.0,0.0,0.0,0.0,0.0,0.0,1.0,0.0,0.0,2.0,12.0,0.12,0.0,0.0,0.8405,0.8405,0.095238,0.904762,0.8405,0.5556,0.0,2.0,1.0,0.0,2.0,0.2862,0.0,0.2544,0.0,0.0138,0.0,0.0,0.0,0.0,0.0,0.918388,1.0,0.50951,0.0,0.0,0.4595,0.0,0.0,0.0,0.0,0.0,1.0,0.0,0.0,1.0,1.0,0.0,1.0,1.0,0.0,0.0,0.0,0.0,0.0,0.0,1.0,0.0,0.0,0.0,0.0,1.0,0.0,0.0,1.0,1.0,0.0,1.0,0.0,1.0,0.0,0.0,1.0,0.0,0.0,1.0,1.0,1.0,1.0,0.0,0.0,0.0,0.0,0.0,0.0,1.0,0.0,1.0,0.0,0.0,1.0,BET,Pass1+relabel consensus
BP4_19,0,0.0,90.0,0.0,0.0,0.0,3,0,1.0,0.0,0.18,0.0,0.0,0.0,1.0,0.0,9.0,0.0,1.0,0.0,0.0,0.0,2.0,14.0,0.25,0.25,0.0,0.37175,0.37175,0.946921,0.046709,0.37175,1.1111,0.0,0.0,0.0,1.0,2.0,0.2222,0.0,0.2963,1.0,0.0778,0.0,0.0,0.0,0.0,0.191489,0.344146,0.0,0.604973,8.0,1.0,0.4815,0.0,0.0,0.0,0.0,0.0,0.0,0.0,0.0,1.0,1.0,1.0,1.0,0.0,0.0,1.0,0.0,1.0,0.0,1.0,0.0,0.0,0.0,0.0,1.0,0.0,0.0,0.0,1.0,1.0,0.0,1.0,0.0,1.0,0.0,0.0,0.0,1.0,0.0,1.0,1.0,1.0,1.0,1.0,0.0,0.0,1.0,0.0,1.0,1.0,1.0,1.0,1.0,1.0,1.0,BET,Pass1+relabel consensus
BP4_20,0,0.0,90.0,0.0,0.0,0.0,3,0,1.0,1.0,0.31,0.0,0.0,0.0,1.0,1.0,13.0,0.0,1.0,0.0,0.0,0.0,2.0,10.0,0.25,0.25,0.0,0.489,0.489,0.878601,0.102881,0.489,1.1111,0.0,0.0,0.0,1.0,2.0,0.2222,0.5556,0.0741,1.0,0.0778,0.0,0.0,0.0,3.0,0.255319,0.456288,0.0,0.25,11.0,1.0,0.1481,0.0,0.0,0.0,0.0,0.0,1.0,0.0,0.0,1.0,1.0,1.0,1.0,0.0,0.0,1.0,1.0,1.0,0.0,1.0,0.0,0.0,0.0,0.0,0.0,0.0,0.0,0.0,1.0,1.0,1.0,1.0,0.0,1.0,0.0,1.0,0.0,0.0,0.0,1.0,1.0,1.0,0.0,0.0,0.0,0.0,1.0,0.0,1.0,1.0,0.0,1.0,1.0,1.0,1.0,BET,Pass1+relabel consensus
BP4_21,0,0.0,90.0,0.0,0.0,0.0,3,0,1.0,2.0,0.43,0.0,0.0,0.0,0.0,1.0,4.0,0.0,0.0,1.0,0.0,0.0,2.0,11.0,0.0,0.0,0.0,0.26575,0.26575,0.769231,0.211538,0.26575,1.1111,0.0,0.0,0.0,1.0,2.0,0.2593,0.0,0.5185,1.0,0.0407,0.0,0.0,0.0,6.0,0.085106,0.51241,0.0,0.548636,0.0,1.0,0.2222,0.0,0.0,0.0,0.0,0.0,0.0,0.0,0.0,1.0,1.0,0.0,0.0,0.0,0.0,0.0,1.0,1.0,0.0,0.0,1.0,0.0,0.0,1.0,0.0,0.0,0.0,0.0,1.0,1.0,0.0,0.0,0.0,1.0,0.0,0.0,0.0,0.0,1.0,1.0,1.0,1.0,1.0,1.0,0.0,0.0,0.0,1.0,1.0,1.0,1.0,1.0,0.0,1.0,1.0,CHECK,"Pass 2 — solver said BET 25%, but owner keeps CHECK in mixed zone"
BP4_22,1,0.0,90.0,0.0,0.0,0.0,2,0,1.0,0.0,0.18,0.0,0.0,0.0,0.0,1.0,8.0,0.0,0.0,1.0,0.0,0.0,2.0,11.0,0.08,0.0,0.0,0.17825,0.17825,0.976253,0.01847,0.17825,1.1111,0.0,0.0,1.0,1.0,2.0,0.1972,0.0423,0.3662,1.0,0.1028,0.0,0.0,0.041379,0.0,0.173913,0.138728,0.0,0.610977,8.0,1.0,0.3944,0.0,0.0,0.0,0.0,0.0,0.0,0.0,0.0,1.0,0.0,1.0,1.0,0.0,0.0,0.0,1.0,1.0,0.0,0.0,0.0,0.0,0.0,0.0,1.0,0.0,0.0,0.0,0.0,1.0,0.0,0.0,0.0,1.0,0.0,0.0,1.0,0.0,0.0,1.0,1.0,1.0,1.0,0.0,0.0,0.0,1.0,0.0,1.0,1.0,1.0,1.0,1.0,1.0,1.0,CHECK,Pass1+relabel consensus
BP4_23,1,0.0,90.0,0.0,0.0,0.0,4,0,0.0,0.0,0.15,0.0,0.0,0.0,0.0,1.0,4.0,0.0,0.0,1.0,0.0,0.0,2.0,14.0,0.08,0.0,0.0,0.205,0.205,0.992268,0.0,0.205,1.1111,0.0,1.0,1.0,0.0,2.0,0.1908,0.0159,0.3339,0.0,0.1092,0.0,0.0,0.0,0.0,0.173913,0.135714,0.0,0.642002,0.0,0.0,0.4595,0.0,0.0,0.0,0.0,0.0,0.0,0.0,0.0,1.0,1.0,1.0,1.0,0.0,0.0,0.0,1.0,1.0,0.0,0.0,0.0,0.0,0.0,1.0,0.0,0.0,0.0,0.0,1.0,1.0,0.0,1.0,0.0,0.0,0.0,1.0,0.0,0.0,0.0,1.0,1.0,1.0,1.0,0.0,0.0,0.0,0.0,0.0,1.0,1.0,1.0,1.0,0.0,0.0,1.0,CHECK,Pass1+relabel consensus
BP4_24,0,0.0,90.0,0.0,0.0,0.0,2,0,1.0,1.0,0.34,0.0,0.0,0.0,0.0,0.0,0.0,0.0,1.0,0.0,0.0,0.0,2.0,12.0,0.25,0.25,0.0,0.1365,0.1365,0.520548,0.454795,0.1365,1.1111,0.0,0.0,0.0,1.0,2.0,0.1408,0.0141,0.493,1.0,0.1592,0.0,0.0,0.0,3.0,0.0,0.512821,0.0,0.72616,0.0,1.0,0.3521,0.0,0.0,0.0,0.0,0.0,0.0,0.0,0.0,1.0,1.0,0.0,0.0,0.0,0.0,0.0,0.0,0.0,0.0,0.0,0.0,0.0,0.0,1.0,1.0,0.0,1.0,0.0,1.0,1.0,0.0,0.0,0.0,0.0,0.0,0.0,0.0,0.0,1.0,1.0,1.0,1.0,1.0,1.0,0.0,0.0,0.0,1.0,0.0,1.0,1.0,1.0,0.0,1.0,1.0,CHECK,Pass1+relabel consensus
BP4_25,0,0.0,90.0,0.0,0.0,0.0,3,0,1.0,10.0,2.67,1.0,1.0,0.0,0.0,0.0,0.0,0.0,0.0,1.0,0.0,0.0,2.0,13.0,0.0,0.0,0.0,0.83675,0.83675,0.010395,0.987526,0.83675,1.1111,0.0,0.0,0.0,1.0,2.0,0.2222,0.0,0.4444,1.0,0.0778,0.0,0.0,0.0,0.0,1.0,0.973193,1.0,0.604973,0.0,1.0,0.3333,0.0,0.0,0.0,0.0,0.0,0.0,0.0,0.0,1.0,1.0,1.0,1.0,0.0,0.0,0.0,0.0,0.0,0.0,0.0,1.0,0.0,0.0,1.0,0.0,1.0,0.0,0.0,1.0,1.0,0.0,1.0,0.0,1.0,0.0,0.0,0.0,1.0,0.0,1.0,1.0,1.0,1.0,1.0,0.0,0.0,0.0,0.0,0.0,1.0,0.0,1.0,0.0,1.0,1.0,BET,Pass1+relabel consensus
BP4_26,0,0.0,90.0,0.0,0.0,0.0,3,0,1.0,6.0,1.32,1.0,0.0,0.0,0.0,0.0,0.0,0.0,0.0,1.0,0.0,0.0,2.0,11.0,0.0,0.0,0.0,0.518,0.518,0.111579,0.875789,0.518,1.1111,0.0,0.0,0.0,1.0,2.0,0.2593,0.0,0.5185,1.0,0.0407,0.0,0.0,0.0,0.0,0.234043,0.835869,1.0,0.548636,0.0,1.0,0.2222,0.0,0.0,0.0,0.0,0.0,0.0,0.0,0.0,1.0,1.0,0.0,1.0,1.0,0.0,0.0,0.0,0.0,0.0,0.0,0.0,0.0,0.0,0.0,0.0,1.0,0.0,1.0,1.0,1.0,0.0,1.0,0.0,0.0,0.0,0.0,0.0,0.0,0.0,1.0,1.0,1.0,0.0,1.0,0.0,0.0,0.0,0.0,1.0,1.0,1.0,1.0,0.0,1.0,1.0,BET,Pass1+relabel consensus
BP4_27,0,0.0,90.0,0.0,0.0,0.0,3,0,1.0,10.0,2.5175,1.0,1.0,0.0,0.0,0.0,0.0,0.0,1.0,0.0,0.0,0.0,2.0,10.0,0.25,0.25,0.0,0.719,0.719,0.010246,0.987705,0.719,1.1111,0.0,0.0,0.0,1.0,2.0,0.2222,0.5556,0.0741,1.0,0.0778,0.0,0.0,0.0,0.0,1.0,0.930876,1.0,0.25,0.0,1.0,0.1481,0.0,0.0,0.0,0.0,0.0,0.0,0.0,0.0,1.0,1.0,1.0,0.0,1.0,0.0,0.0,0.0,0.0,0.0,1.0,0.0,0.0,0.0,0.0,0.0,1.0,1.0,0.0,1.0,1.0,0.0,1.0,0.0,0.0,0.0,0.0,0.0,0.0,0.0,1.0,1.0,1.0,0.0,1.0,0.0,0.0,0.0,0.0,1.0,1.0,0.0,1.0,0.0,1.0,1.0,BET,Pass1+relabel consensus
BP4_28,1,0.0,90.0,0.0,0.0,0.0,3,0,1.0,10.0,2.67,1.0,1.0,0.0,0.0,0.0,0.0,0.0,0.0,1.0,0.0,0.0,4.0,13.0,0.38,0.0,0.3,0.81475,0.81475,0.030568,0.967249,0.81475,1.1111,0.0,0.0,1.0,1.0,2.0,0.2593,0.037,0.2963,1.0,0.0407,0.0,0.0,0.0,0.0,1.0,0.946941,1.0,0.521573,0.0,1.0,0.4074,0.0,0.0,0.0,0.0,0.0,0.0,0.0,0.0,1.0,1.0,1.0,1.0,0.0,0.0,0.0,0.0,0.0,0.0,0.0,0.0,0.0,0.0,0.0,0.0,1.0,0.0,1.0,1.0,1.0,1.0,1.0,0.0,1.0,0.0,0.0,1.0,0.0,0.0,1.0,1.0,1.0,1.0,0.0,0.0,0.0,0.0,0.0,1.0,1.0,0.0,1.0,0.0,1.0,1.0,BET,Pass1+relabel consensus
BP4_29,1,0.0,90.0,0.0,0.0,0.0,3,0,1.0,6.0,1.309,1.0,0.0,0.0,0.0,1.0,4.0,0.0,0.0,1.0,0.0,0.0,2.0,10.0,0.08,0.0,0.0,0.46,0.46,0.169197,0.817787,0.46,1.1111,0.0,0.0,1.0,1.0,2.0,0.4074,0.037,0.4444,1.0,-0.1074,0.0,0.0,0.0,0.0,0.391304,0.768575,1.0,0.329591,0.0,1.0,0.1111,0.0,1.0,0.0,0.0,0.0,0.0,0.0,0.0,1.0,1.0,1.0,1.0,0.0,0.0,0.0,1.0,1.0,0.0,0.0,0.0,0.0,0.0,0.0,0.0,1.0,0.0,0.0,1.0,1.0,0.0,1.0,0.0,0.0,0.0,0.0,1.0,1.0,1.0,1.0,1.0,1.0,1.0,1.0,0.0,0.0,0.0,0.0,1.0,1.0,1.0,1.0,0.0,0.0,1.0,BET,Pass1+relabel consensus
BP4_30,0,0.0,90.0,0.0,0.0,0.0,3,0,1.0,0.0,0.18,0.0,0.0,0.0,0.0,1.0,8.0,0.0,0.0,1.0,0.0,0.0,2.0,11.0,0.0,0.0,0.0,0.30925,0.30925,0.937238,0.043933,0.30925,1.1111,0.0,0.0,0.0,1.0,2.0,0.2593,0.0,0.5185,1.0,0.0407,0.0,0.0,0.0,0.0,0.170213,0.361289,0.0,0.548636,0.0,1.0,0.2222,0.0,0.0,0.0,0.0,0.0,0.0,0.0,0.0,1.0,1.0,0.0,0.0,0.0,0.0,0.0,1.0,1.0,0.0,0.0,1.0,0.0,0.0,1.0,0.0,0.0,1.0,1.0,1.0,1.0,0.0,1.0,0.0,1.0,0.0,0.0,1.0,0.0,0.0,1.0,1.0,1.0,1.0,1.0,1.0,0.0,0.0,0.0,1.0,1.0,1.0,1.0,0.0,1.0,1.0,CHECK,Pass1+relabel consensus
BP4_31,0,0.0,90.0,0.0,0.0,0.0,3,0,1.0,5.0,1.17,1.0,0.0,0.0,0.0,0.0,0.0,0.0,1.0,0.0,0.0,0.0,2.0,14.0,0.25,0.25,0.0,0.23,0.23,0.424686,0.573222,0.23,1.1111,0.0,0.0,0.0,1.0,2.0,0.2222,0.0,0.2963,1.0,0.0778,0.0,0.0,0.0,0.0,0.234043,0.658762,1.0,0.604973,0.0,1.0,0.4815,0.0,0.0,0.0,0.0,0.0,0.0,0.0,0.0,1.0,0.0,1.0,1.0,1.0,0.0,0.0,0.0,0.0,0.0,0.0,0.0,0.0,0.0,0.0,1.0,1.0,1.0,0.0,0.0,1.0,1.0,0.0,0.0,1.0,0.0,0.0,0.0,0.0,0.0,1.0,1.0,1.0,0.0,1.0,1.0,0.0,0.0,0.0,0.0,1.0,1.0,1.0,0.0,1.0,1.0,CHECK,Pass1+relabel consensus
BP4_32,1,0.0,90.0,0.0,0.0,0.0,3,0,1.0,0.0,0.19,0.0,0.0,0.0,0.0,0.0,0.0,0.0,0.0,1.0,0.0,0.0,4.0,13.0,0.38,0.0,0.3,0.03225,0.03225,0.897155,0.098468,0.03225,1.1111,0.0,0.0,1.0,1.0,2.0,0.2593,0.037,0.2963,1.0,0.0407,0.0,0.0,0.0,0.0,0.0,0.051394,0.0,0.521573,0.0,1.0,0.4074,0.0,0.0,0.0,0.0,0.0,0.0,0.0,0.0,1.0,1.0,0.0,1.0,0.0,0.0,0.0,0.0,0.0,0.0,0.0,0.0,0.0,0.0,1.0,0.0,1.0,0.0,1.0,1.0,1.0,1.0,0.0,0.0,0.0,0.0,0.0,1.0,0.0,0.0,1.0,1.0,1.0,1.0,0.0,0.0,0.0,0.0,1.0,0.0,1.0,1.0,1.0,0.0,1.0,1.0,CHECK,Pass1+relabel consensus
BP4_33,0,0.0,90.0,0.0,0.0,0.0,2,0,1.0,0.0,0.21,0.0,0.0,0.0,0.0,0.0,0.0,0.0,1.0,0.0,0.0,0.0,2.0,12.0,0.25,0.25,0.0,0.13475,0.13475,0.836788,0.139896,0.13475,1.1111,0.0,0.0,0.0,1.0,2.0,0.1408,0.0141,0.493,1.0,0.1592,0.0,0.0,0.0,0.0,0.0,0.017889,0.0,0.72616,0.0,1.0,0.3521,0.0,0.0,0.0,0.0,0.0,0.0,0.0,0.0,1.0,0.0,1.0,1.0,0.0,0.0,0.0,0.0,0.0,0.0,1.0,0.0,0.0,0.0,1.0,0.0,0.0,1.0,0.0,1.0,1.0,1.0,0.0,0.0,0.0,1.0,0.0,0.0,0.0,0.0,1.0,1.0,1.0,0.0,0.0,0.0,0.0,0.0,1.0,0.0,1.0,1.0,1.0,0.0,0.0,1.0,CHECK,Pass1+relabel consensus
BP4_34,2,0.0,180.0,0.0,0.0,0.0,5,0,0.0,5.0,1.16,1.0,0.0,0.0,0.0,1.0,4.0,0.0,0.0,1.0,0.0,0.0,2.0,12.0,0.12,0.0,0.0,0.2085,0.2085,0.540351,0.459649,0.2085,0.5556,0.0,2.0,1.0,0.0,2.0,0.2862,0.0,0.2544,0.0,0.0138,0.0,0.0,0.0,0.0,0.0,0.470093,1.0,0.50951,0.0,0.0,0.4595,0.0,1.0,0.0,0.0,0.0,1.0,0.0,0.0,1.0,1.0,1.0,1.0,0.0,0.0,0.0,0.0,0.0,0.0,0.0,0.0,0.0,0.0,0.0,0.0,1.0,0.0,0.0,1.0,1.0,1.0,0.0,0.0,1.0,0.0,0.0,1.0,0.0,0.0,1.0,1.0,1.0,0.0,1.0,0.0,0.0,0.0,0.0,0.0,1.0,1.0,1.0,0.0,0.0,1.0,CHECK,Pass1+relabel consensus
BP4_35,1,0.0,90.0,0.0,0.0,0.0,2,0,1.0,2.0,0.43,0.0,0.0,0.0,0.0,1.0,4.0,0.0,0.0,1.0,0.0,0.0,2.0,11.0,0.08,0.0,0.0,0.166,0.166,0.822222,0.152778,0.166,1.1111,0.0,0.0,1.0,1.0,2.0,0.1972,0.0423,0.3662,1.0,0.1028,0.0,0.0,0.088889,6.0,0.086957,0.237298,0.0,0.610977,12.0,1.0,0.3944,0.0,1.0,0.0,0.0,0.0,1.0,0.0,0.0,1.0,1.0,0.0,0.0,0.0,0.0,0.0,1.0,1.0,0.0,0.0,1.0,0.0,0.0,1.0,0.0,0.0,0.0,0.0,1.0,1.0,0.0,1.0,0.0,1.0,0.0,0.0,1.0,0.0,1.0,1.0,1.0,1.0,1.0,0.0,0.0,0.0,0.0,1.0,1.0,1.0,1.0,1.0,0.0,1.0,1.0,CHECK,Pass1+relabel consensus
BP5_01,0,0.0,90.0,0.0,0.0,0.0,5,0,0.0,10.0,2.205,1.0,1.0,0.0,0.0,0.0,0.0,0.0,0.0,1.0,0.0,0.0,2.0,8.0,0.0,0.0,0.0,0.72,0.72,0.030303,0.969697,0.72,1.1111,0.0,1.0,0.0,0.0,2.0,0.1971,0.0159,0.6121,0.0,0.1029,0.0,0.0,0.0,0.0,1.0,0.934312,1.0,0.631946,0.0,0.0,0.1749,0.0,0.0,0.0,0.0,0.0,1.0,0.0,0.0,1.0,1.0,1.0,1.0,1.0,0.0,0.0,0.0,0.0,0.0,0.0,1.0,0.0,0.0,0.0,0.0,1.0,0.0,0.0,0.0,1.0,0.0,1.0,0.0,1.0,0.0,0.0,0.0,1.0,0.0,1.0,1.0,1.0,1.0,1.0,0.0,0.0,0.0,0.0,1.0,1.0,1.0,1.0,0.0,1.0,1.0,CHECK,"Pass 2 + SOLVER override (was Pass 2 BET, solver said CHECK)"
BP5_02,0,0.0,90.0,0.0,0.0,0.0,5,0,0.0,12.0,3.59,1.0,1.0,1.0,0.0,0.0,0.0,0.0,1.0,0.0,0.0,0.0,2.0,13.0,0.25,0.25,0.0,0.8245,0.8245,0.019737,0.980263,0.8245,1.1111,0.0,1.0,0.0,0.0,2.0,0.159,0.0,0.4293,0.0,0.141,0.0,0.0,0.0,0.0,1.0,0.991228,1.0,0.707281,0.0,0.0,0.4118,0.0,0.0,0.0,0.0,0.0,0.0,0.0,0.0,1.0,1.0,1.0,0.0,1.0,1.0,0.0,0.0,0.0,0.0,1.0,0.0,0.0,0.0,0.0,0.0,0.0,1.0,0.0,1.0,1.0,0.0,0.0,0.0,1.0,0.0,0.0,0.0,0.0,0.0,1.0,1.0,1.0,0.0,0.0,0.0,0.0,0.0,0.0,1.0,1.0,0.0,1.0,0.0,0.0,1.0,BET,Pass1+relabel consensus
BP5_03,1,0.0,90.0,0.0,0.0,0.0,3,0,1.0,12.0,3.62,1.0,1.0,1.0,0.0,0.0,0.0,0.0,0.0,1.0,0.0,0.0,4.0,13.0,0.38,0.0,0.3,0.934,0.934,0.00655,0.99345,0.934,1.1111,0.0,0.0,1.0,1.0,2.0,0.2593,0.037,0.2963,1.0,0.0407,0.0,0.0,0.0,0.0,1.0,0.990637,1.0,0.521573,0.0,1.0,0.4074,0.0,0.0,0.0,0.0,0.0,1.0,0.0,0.0,1.0,1.0,1.0,1.0,1.0,0.0,0.0,0.0,0.0,0.0,0.0,0.0,0.0,0.0,0.0,0.0,1.0,0.0,0.0,1.0,1.0,0.0,1.0,0.0,1.0,0.0,0.0,0.0,1.0,0.0,1.0,1.0,1.0,1.0,0.0,0.0,0.0,0.0,0.0,1.0,1.0,0.0,1.0,0.0,1.0,1.0,BET,Pass1+relabel consensus
BP5_04,2,0.0,180.0,0.0,0.0,0.0,3,0,1.0,12.0,3.61,1.0,1.0,1.0,0.0,0.0,0.0,0.0,0.0,1.0,0.0,0.0,2.0,13.0,0.12,0.0,0.0,0.93,0.93,0.041943,0.958057,0.93,0.5556,0.0,0.0,1.0,2.0,2.0,0.3333,0.0,0.3333,1.0,-0.0333,0.0,0.0,0.0,0.0,0.0,0.956364,1.0,0.444489,11.0,1.0,0.3333,1.0,0.0,0.0,0.0,0.0,0.0,0.0,0.0,1.0,1.0,1.0,0.0,1.0,0.0,0.0,0.0,0.0,0.0,0.0,1.0,0.0,0.0,0.0,0.0,0.0,0.0,0.0,1.0,1.0,0.0,1.0,0.0,1.0,0.0,0.0,1.0,1.0,0.0,1.0,1.0,1.0,1.0,0.0,0.0,0.0,0.0,0.0,0.0,1.0,1.0,1.0,0.0,1.0,1.0,BET,Pass1+relabel consensus
BP5_05,0,0.0,90.0,0.0,0.0,0.0,2,0,1.0,12.0,3.62,1.0,1.0,1.0,0.0,0.0,0.0,0.0,1.0,0.0,0.0,0.0,2.0,12.0,0.25,0.25,0.0,0.88,0.88,0.0,1.0,0.88,1.1111,0.0,0.0,0.0,1.0,2.0,0.1408,0.0141,0.493,1.0,0.1592,0.0,0.0,0.0,0.0,1.0,0.995528,1.0,0.72616,0.0,1.0,0.3521,0.0,0.0,0.0,0.0,0.0,0.0,0.0,0.0,1.0,0.0,0.0,0.0,0.0,1.0,0.0,0.0,0.0,0.0,1.0,0.0,0.0,0.0,0.0,0.0,1.0,1.0,0.0,0.0,1.0,0.0,1.0,0.0,1.0,0.0,0.0,0.0,0.0,0.0,1.0,1.0,1.0,1.0,0.0,0.0,0.0,0.0,0.0,0.0,1.0,0.0,1.0,0.0,1.0,1.0,BET,Pass1+relabel consensus
BP5_06,1,0.0,90.0,0.0,0.0,0.0,5,0,0.0,10.0,2.205,1.0,1.0,0.0,0.0,0.0,0.0,0.0,0.0,1.0,0.0,0.0,2.0,10.0,0.08,0.0,0.0,0.7295,0.7295,0.050955,0.949045,0.7295,1.1111,0.0,1.0,1.0,0.0,2.0,0.2289,0.3736,0.1272,0.0,0.0711,0.0,0.0,0.0,0.0,1.0,0.920713,1.0,0.341406,0.0,0.0,0.2703,0.0,0.0,0.0,0.0,0.0,0.0,0.0,0.0,1.0,1.0,1.0,1.0,1.0,0.0,0.0,0.0,0.0,0.0,0.0,0.0,0.0,0.0,0.0,0.0,1.0,0.0,1.0,1.0,1.0,1.0,1.0,0.0,1.0,0.0,0.0,0.0,0.0,0.0,1.0,1.0,1.0,0.0,1.0,0.0,0.0,0.0,0.0,1.0,1.0,0.0,1.0,0.0,0.0,1.0,BET,Pass1+relabel consensus
BP5_07,0,0.0,90.0,0.0,0.0,0.0,3,0,1.0,6.0,1.34,1.0,0.0,0.0,0.0,0.0,0.0,0.0,0.0,1.0,0.0,0.0,2.0,13.0,0.0,0.0,0.0,0.60725,0.60725,0.079498,0.90795,0.60725,1.1111,0.0,0.0,0.0,1.0,2.0,0.2222,0.0,0.4444,1.0,0.0778,0.0,0.0,0.0,0.0,0.234043,0.864972,1.0,0.604973,0.0,1.0,0.3333,0.0,1.0,0.0,0.0,0.0,0.0,0.0,0.0,1.0,1.0,1.0,1.0,0.0,0.0,0.0,0.0,0.0,0.0,0.0,1.0,0.0,0.0,0.0,0.0,1.0,0.0,0.0,1.0,1.0,1.0,1.0,0.0,1.0,0.0,0.0,0.0,0.0,1.0,1.0,1.0,1.0,1.0,1.0,0.0,0.0,0.0,0.0,1.0,1.0,0.0,1.0,0.0,1.0,1.0,BET,Pass1+relabel consensus
BP5_08,0,0.0,90.0,0.0,0.0,0.0,2,0,1.0,6.0,1.339,1.0,0.0,0.0,0.0,0.0,0.0,0.0,0.0,1.0,0.0,0.0,2.0,13.0,0.0,0.0,0.0,0.56675,0.56675,0.121372,0.862797,0.56675,1.1111,0.0,0.0,0.0,1.0,2.0,0.1268,0.0,0.5352,1.0,0.1732,0.0,0.0,0.0,0.0,0.234043,0.767449,1.0,0.762478,0.0,1.0,0.338,0.0,0.0,0.0,0.0,0.0,1.0,0.0,0.0,1.0,1.0,1.0,1.0,1.0,0.0,0.0,0.0,0.0,0.0,0.0,0.0,0.0,0.0,1.0,0.0,1.0,0.0,0.0,1.0,1.0,0.0,1.0,0.0,0.0,0.0,0.0,0.0,1.0,1.0,1.0,1.0,1.0,1.0,1.0,0.0,0.0,0.0,0.0,1.0,1.0,0.0,1.0,0.0,1.0,1.0,BET,Pass1+relabel consensus
BP5_09,1,0.0,90.0,0.0,0.0,0.0,4,0,0.0,7.0,1.353,1.0,0.0,0.0,0.0,0.0,0.0,0.0,0.0,1.0,0.0,0.0,2.0,14.0,0.08,0.0,0.0,0.742,0.742,0.074184,0.908012,0.742,1.1111,0.0,1.0,1.0,0.0,2.0,0.1908,0.0159,0.3339,0.0,0.1092,0.0,0.0,0.0,0.0,0.304348,0.883929,1.0,0.642002,0.0,0.0,0.4595,0.0,1.0,0.0,0.0,0.0,1.0,0.0,0.0,1.0,1.0,1.0,1.0,0.0,0.0,0.0,0.0,0.0,0.0,0.0,1.0,0.0,0.0,1.0,1.0,1.0,0.0,0.0,1.0,1.0,0.0,0.0,0.0,1.0,0.0,0.0,1.0,1.0,0.0,1.0,1.0,1.0,0.0,1.0,0.0,0.0,0.0,0.0,0.0,1.0,0.0,1.0,0.0,1.0,1.0,BET,Pass1+relabel consensus
BP5_10,2,0.0,180.0,0.0,0.0,0.0,5,0,0.0,6.0,1.331,1.0,0.0,0.0,0.0,1.0,4.0,0.0,0.0,1.0,0.0,0.0,2.0,12.0,0.12,0.0,0.0,0.43875,0.43875,0.27037,0.722222,0.43875,0.5556,0.0,2.0,1.0,0.0,2.0,0.2862,0.0,0.2544,0.0,0.0138,0.0,0.0,0.0,0.0,0.0,0.81095,1.0,0.50951,0.0,0.0,0.4595,0.0,1.0,0.0,0.0,0.0,1.0,0.0,0.0,1.0,1.0,1.0,1.0,0.0,0.0,0.0,1.0,0.0,0.0,0.0,0.0,0.0,0.0,1.0,0.0,1.0,0.0,0.0,1.0,1.0,1.0,1.0,0.0,0.0,0.0,1.0,1.0,0.0,1.0,1.0,1.0,1.0,1.0,1.0,0.0,0.0,0.0,0.0,0.0,1.0,1.0,1.0,0.0,1.0,1.0,BET,Pass1+relabel consensus
BP5_11,0,0.0,90.0,0.0,0.0,0.0,3,0,1.0,0.0,0.19,0.0,0.0,0.0,0.0,0.0,0.0,0.0,1.0,0.0,0.0,0.0,2.0,14.0,0.25,0.25,0.0,0.0765,0.0765,0.909091,0.071429,0.0765,1.1111,0.0,0.0,0.0,1.0,2.0,0.2222,0.0,0.2963,1.0,0.0778,0.0,0.0,0.0,0.0,0.0,0.011867,0.0,0.604973,0.0,1.0,0.4815,0.0,1.0,0.0,0.0,0.0,1.0,0.0,0.0,1.0,1.0,1.0,1.0,0.0,0.0,0.0,0.0,0.0,0.0,1.0,0.0,0.0,0.0,0.0,1.0,0.0,1.0,0.0,1.0,1.0,1.0,1.0,0.0,0.0,0.0,0.0,0.0,0.0,0.0,1.0,1.0,1.0,1.0,1.0,1.0,0.0,0.0,1.0,0.0,1.0,1.0,1.0,0.0,0.0,1.0,CHECK,Pass1+relabel consensus
BP5_12,0,0.0,90.0,0.0,0.0,0.0,2,0,1.0,0.0,0.21,0.0,0.0,0.0,0.0,0.0,0.0,0.0,0.0,1.0,0.0,0.0,2.0,13.0,0.0,0.0,0.0,0.12,0.12,0.816062,0.160622,0.12,1.1111,0.0,0.0,0.0,1.0,2.0,0.1268,0.0,0.5352,1.0,0.1732,0.0,0.0,0.0,0.0,0.0,0.1188,0.0,0.762478,0.0,1.0,0.338,1.0,0.0,0.0,0.0,0.0,0.0,0.0,0.0,1.0,1.0,1.0,1.0,0.0,0.0,0.0,0.0,0.0,0.0,0.0,0.0,0.0,0.0,1.0,0.0,0.0,1.0,0.0,0.0,1.0,0.0,0.0,0.0,1.0,0.0,0.0,0.0,1.0,1.0,1.0,1.0,1.0,1.0,0.0,0.0,0.0,0.0,1.0,0.0,1.0,1.0,1.0,0.0,0.0,1.0,CHECK,Pass1+relabel consensus
BP5_13,1,0.0,90.0,0.0,0.0,0.0,3,0,1.0,0.0,0.16,0.0,0.0,0.0,0.0,0.0,0.0,0.0,0.0,1.0,0.0,0.0,4.0,13.0,0.38,0.0,0.3,0.021,0.021,0.968017,0.012793,0.021,1.1111,0.0,0.0,1.0,1.0,2.0,0.2593,0.037,0.2963,1.0,0.0407,0.0,0.0,0.0,0.0,0.0,0.019767,0.0,0.521573,0.0,1.0,0.4074,0.0,1.0,0.0,0.0,0.0,1.0,0.0,0.0,1.0,1.0,0.0,1.0,0.0,0.0,0.0,0.0,0.0,0.0,0.0,0.0,0.0,0.0,0.0,1.0,0.0,0.0,1.0,1.0,1.0,1.0,1.0,0.0,0.0,0.0,0.0,0.0,0.0,0.0,1.0,1.0,1.0,0.0,0.0,0.0,0.0,0.0,1.0,0.0,1.0,1.0,1.0,0.0,0.0,1.0,CHECK,Pass1+relabel consensus
BP5_14,1,0.0,90.0,0.0,0.0,0.0,4,0,0.0,0.0,0.21,0.0,0.0,0.0,0.0,0.0,0.0,0.0,0.0,1.0,0.0,0.0,2.0,14.0,0.08,0.0,0.0,0.0255,0.0255,0.925333,0.074667,0.0255,1.1111,0.0,1.0,1.0,0.0,2.0,0.1908,0.0159,0.3339,0.0,0.1092,0.0,0.0,0.0,0.0,0.0,0.0,0.0,0.642002,0.0,0.0,0.4595,0.0,1.0,0.0,0.0,0.0,1.0,0.0,0.0,1.0,1.0,1.0,1.0,0.0,0.0,0.0,0.0,0.0,0.0,0.0,0.0,0.0,0.0,0.0,0.0,0.0,0.0,0.0,1.0,1.0,1.0,1.0,0.0,0.0,0.0,1.0,1.0,0.0,0.0,1.0,1.0,1.0,0.0,0.0,0.0,0.0,0.0,1.0,0.0,1.0,1.0,1.0,0.0,0.0,1.0,CHECK,Pass1+relabel consensus
BP5_15,2,0.0,180.0,0.0,0.0,0.0,3,0,1.0,0.0,0.16,0.0,0.0,0.0,0.0,1.0,4.0,0.0,0.0,1.0,0.0,0.0,2.0,13.0,0.12,0.0,0.0,0.00025,0.00025,0.967249,0.0131,0.00025,0.5556,0.0,0.0,1.0,2.0,2.0,0.3333,0.0,0.3333,1.0,-0.0333,0.0,0.0,0.0,0.0,0.0,0.072797,0.0,0.444489,5.0,1.0,0.3333,0.0,0.0,0.0,0.0,0.0,0.0,0.0,0.0,1.0,0.0,1.0,0.0,0.0,0.0,0.0,1.0,0.0,0.0,0.0,0.0,0.0,0.0,0.0,0.0,0.0,0.0,0.0,0.0,1.0,1.0,1.0,0.0,1.0,0.0,0.0,1.0,0.0,0.0,1.0,1.0,1.0,1.0,0.0,0.0,0.0,0.0,1.0,0.0,1.0,1.0,1.0,0.0,1.0,1.0,CHECK,Pass1+relabel consensus
BP5_16,1,0.0,90.0,0.0,0.0,0.0,2,0,1.0,2.0,0.44,0.0,0.0,0.0,0.0,0.0,0.0,0.0,0.0,1.0,0.0,0.0,2.0,11.0,0.08,0.0,0.0,0.1175,0.1175,0.604046,0.369942,0.1175,1.1111,0.0,0.0,1.0,1.0,2.0,0.1972,0.0423,0.3662,1.0,0.1028,0.0,0.0,0.091603,6.0,0.0,0.091269,0.0,0.610977,12.0,1.0,0.3944,0.0,1.0,0.0,0.0,0.0,1.0,0.0,0.0,1.0,1.0,1.0,0.0,0.0,0.0,0.0,0.0,0.0,0.0,0.0,1.0,0.0,0.0,1.0,0.0,0.0,0.0,0.0,1.0,1.0,0.0,1.0,0.0,0.0,0.0,0.0,1.0,1.0,0.0,1.0,1.0,1.0,1.0,0.0,0.0,0.0,1.0,1.0,0.0,1.0,1.0,1.0,1.0,0.0,1.0,CHECK,Pass1+relabel consensus
BP5_17,0,0.0,90.0,0.0,0.0,0.0,3,0,1.0,2.0,0.44,0.0,0.0,0.0,0.0,0.0,0.0,0.0,0.0,1.0,0.0,0.0,2.0,11.0,0.0,0.0,0.0,0.23925,0.23925,0.498876,0.480899,0.23925,1.1111,0.0,0.0,0.0,1.0,2.0,0.2593,0.0,0.5185,1.0,0.0407,0.0,0.0,0.0,6.0,0.0,0.344275,0.0,0.548636,0.0,1.0,0.2222,0.0,0.0,0.0,0.0,0.0,1.0,0.0,0.0,1.0,1.0,1.0,1.0,0.0,0.0,0.0,0.0,0.0,0.0,0.0,1.0,0.0,0.0,1.0,1.0,1.0,0.0,0.0,1.0,1.0,0.0,1.0,1.0,0.0,0.0,0.0,0.0,1.0,1.0,1.0,1.0,1.0,1.0,1.0,1.0,0.0,0.0,1.0,0.0,1.0,1.0,1.0,0.0,1.0,1.0,BET,Pass1+relabel consensus
BP6_01,0,1.0,90.0,30.0,0.25,0.333333,3,0,1.0,1.0,0.34,0.0,0.0,0.0,1.0,0.0,9.0,1.0,0.0,0.0,0.0,0.0,2.0,13.0,0.5799,0.5799,0.0,0.39925,0.39925,0.815688,0.165371,0.14925,1.1111,0.0,0.0,0.0,1.0,2.0,0.2207,0.0,0.3294,1.0,0.0793,0.0,0.0,0.180965,3.0,0.191489,0.153061,0.0,0.607308,14.0,1.0,0.4499,0.0,0.0,0.0,0.0,1.0,1.0,0.0,0.0,1.0,1.0,0.0,0.0,0.0,0.0,1.0,0.0,1.0,1.0,0.0,0.0,0.0,0.0,1.0,1.0,0.0,0.0,0.0,1.0,1.0,0.0,1.0,0.0,1.0,0.0,0.0,0.0,1.0,0.0,1.0,1.0,1.0,1.0,0.0,0.0,0.0,1.0,1.0,1.0,1.0,0.0,1.0,1.0,1.0,1.0,RAISE,Pass1+relabel consensus
BP6_02,0,1.0,90.0,30.0,0.25,0.333333,3,0,1.0,0.0,0.22,0.0,0.0,0.0,1.0,0.0,9.0,1.0,0.0,0.0,0.0,0.0,2.0,13.0,0.5799,0.5799,0.0,0.30925,0.30925,0.900072,0.099928,0.05925,1.1111,0.0,0.0,0.0,1.0,2.0,0.2207,0.0,0.3294,1.0,0.0793,0.0,0.0,0.056167,0.0,0.191489,0.067111,0.0,0.607308,12.0,1.0,0.4499,0.0,0.0,0.0,0.0,1.0,1.0,0.0,0.0,1.0,0.0,0.0,0.0,0.0,0.0,1.0,0.0,1.0,1.0,0.0,0.0,0.0,0.0,0.0,0.0,0.0,0.0,0.0,0.0,1.0,1.0,0.0,0.0,1.0,0.0,0.0,0.0,0.0,0.0,1.0,1.0,1.0,0.0,0.0,0.0,0.0,1.0,0.0,1.0,1.0,0.0,1.0,1.0,1.0,1.0,CALL,Pass1+relabel consensus
BP6_03,0,1.0,90.0,30.0,0.25,0.333333,5,0,0.0,1.0,0.34,0.0,0.0,0.0,1.0,0.0,9.0,1.0,0.0,0.0,0.0,0.0,2.0,12.0,0.5799,0.5799,0.0,0.38375,0.38375,0.840603,0.159397,0.13375,1.1111,0.0,0.0,0.0,1.0,2.0,0.6303,0.0451,0.0,1.0,-0.3303,0.0,0.0,0.153966,3.0,0.191489,0.26087,0.0,0.120513,14.0,0.0,0.3246,0.0,0.0,0.0,0.0,1.0,1.0,0.0,0.0,1.0,1.0,0.0,0.0,0.0,0.0,1.0,0.0,1.0,1.0,0.0,0.0,0.0,0.0,0.0,1.0,0.0,0.0,0.0,1.0,1.0,0.0,0.0,0.0,1.0,0.0,0.0,0.0,0.0,0.0,1.0,1.0,1.0,1.0,0.0,1.0,0.0,1.0,1.0,1.0,1.0,0.0,1.0,1.0,0.0,1.0,CALL,Pass1+relabel consensus
BP6_04,0,1.0,90.0,30.0,0.25,0.333333,2,0,1.0,1.0,0.34,0.0,0.0,0.0,1.0,0.0,9.0,1.0,0.0,0.0,0.0,0.0,2.0,11.0,0.5799,0.5799,0.0,0.415,0.415,0.813467,0.185944,0.165,1.1111,0.0,0.0,0.0,1.0,2.0,0.3382,0.0597,0.2495,1.0,-0.0382,0.0,0.0,0.126761,3.0,0.191489,0.102426,0.0,0.399361,14.0,1.0,0.3526,0.0,0.0,0.0,0.0,1.0,1.0,0.0,0.0,1.0,1.0,1.0,0.0,0.0,0.0,1.0,0.0,1.0,1.0,0.0,0.0,0.0,0.0,0.0,0.0,1.0,1.0,0.0,1.0,1.0,0.0,0.0,0.0,0.0,0.0,0.0,0.0,0.0,0.0,1.0,1.0,1.0,1.0,1.0,0.0,0.0,1.0,0.0,1.0,1.0,0.0,1.0,1.0,1.0,1.0,CALL,Pass1+relabel consensus
BP6_05,0,0.0,90.0,0.0,0.0,0.0,3,0,1.0,0.0,0.21,0.0,0.0,0.0,1.0,0.0,9.0,1.0,0.0,0.0,0.0,0.0,2.0,14.0,0.5799,0.5799,0.0,0.32025,0.32025,0.841542,0.158458,0.32025,1.1111,0.0,0.0,0.0,1.0,2.0,0.2963,0.0,0.3333,1.0,0.0037,0.0,0.0,0.0,0.0,0.191489,0.02338,0.0,0.495194,11.0,1.0,0.3704,1.0,0.0,0.0,0.0,0.0,0.0,0.0,0.0,1.0,1.0,1.0,1.0,0.0,0.0,1.0,0.0,1.0,1.0,0.0,0.0,0.0,0.0,0.0,1.0,1.0,1.0,0.0,1.0,1.0,0.0,1.0,0.0,1.0,0.0,0.0,0.0,1.0,1.0,1.0,1.0,1.0,0.0,0.0,0.0,0.0,1.0,0.0,1.0,1.0,1.0,0.0,1.0,1.0,1.0,CHECK,Pass1+relabel consensus
BP6_06,0,1.0,90.0,30.0,0.25,0.333333,3,0,1.0,14.0,5.14,1.0,1.0,1.0,0.0,0.0,0.0,1.0,0.0,0.0,0.0,0.0,2.0,13.0,0.5799,0.5799,0.0,0.957,0.957,0.0,1.0,0.707,1.1111,0.0,0.0,0.0,1.0,2.0,0.2207,0.0,0.3294,1.0,0.0793,0.0,0.0,0.252019,3.0,1.0,0.955848,1.0,0.607308,14.0,1.0,0.4499,0.0,0.0,0.0,0.0,0.0,1.0,0.0,0.0,1.0,1.0,0.0,1.0,1.0,0.0,1.0,0.0,1.0,1.0,0.0,0.0,0.0,0.0,0.0,1.0,0.0,0.0,0.0,1.0,1.0,0.0,0.0,0.0,1.0,0.0,0.0,0.0,0.0,0.0,1.0,1.0,1.0,0.0,0.0,0.0,0.0,1.0,0.0,1.0,1.0,0.0,1.0,1.0,0.0,1.0,RAISE,Pass1+relabel consensus
BP6_07,0,1.0,90.0,30.0,0.25,0.333333,5,0,0.0,14.0,5.13,1.0,1.0,1.0,0.0,0.0,0.0,1.0,0.0,0.0,0.0,0.0,2.0,12.0,0.5799,0.5799,0.0,0.793,0.793,0.034916,0.965084,0.543,1.1111,0.0,0.0,0.0,1.0,2.0,0.6303,0.0451,0.0,1.0,-0.3303,0.0,0.0,0.149547,3.0,1.0,0.869187,1.0,0.120513,13.0,0.0,0.3246,0.0,0.0,0.0,0.0,1.0,1.0,0.0,0.0,1.0,1.0,1.0,0.0,1.0,1.0,0.0,0.0,0.0,1.0,0.0,0.0,0.0,0.0,0.0,1.0,1.0,1.0,0.0,1.0,1.0,0.0,1.0,1.0,1.0,0.0,0.0,0.0,1.0,0.0,1.0,1.0,1.0,1.0,0.0,0.0,0.0,1.0,0.0,1.0,1.0,0.0,1.0,1.0,0.0,1.0,RAISE,Pass1+relabel consensus
BP6_08,0,1.0,90.0,30.0,0.25,0.333333,2,0,1.0,14.0,5.13,1.0,1.0,1.0,0.0,0.0,0.0,1.0,0.0,0.0,0.0,0.0,2.0,11.0,0.5799,0.5799,0.0,0.87,0.87,0.025281,0.974719,0.62,1.1111,0.0,0.0,0.0,1.0,2.0,0.3382,0.0597,0.2495,1.0,-0.0382,0.0,0.0,0.128926,6.0,1.0,0.859239,1.0,0.399361,13.0,1.0,0.3526,0.0,0.0,0.0,0.0,0.0,1.0,0.0,0.0,1.0,1.0,1.0,1.0,0.0,1.0,0.0,0.0,1.0,1.0,0.0,0.0,0.0,0.0,0.0,0.0,1.0,0.0,0.0,1.0,1.0,0.0,1.0,1.0,1.0,0.0,0.0,0.0,0.0,0.0,1.0,1.0,1.0,0.0,0.0,0.0,0.0,1.0,1.0,1.0,1.0,0.0,1.0,1.0,1.0,1.0,RAISE,Pass1+relabel consensus
BP6_09,0,1.0,90.0,30.0,0.25,0.333333,3,0,1.0,8.0,1.344,1.0,0.0,0.0,0.0,0.0,0.0,1.0,0.0,0.0,0.0,0.0,2.0,13.0,0.5799,0.5799,0.0,0.47125,0.47125,0.170575,0.770314,0.22125,1.1111,0.0,0.0,0.0,1.0,2.0,0.2207,0.0,0.3294,1.0,0.0793,0.0,0.0,0.0,3.0,0.234043,0.563383,1.0,0.607308,0.0,1.0,0.4499,0.0,0.0,0.0,0.0,1.0,1.0,0.0,0.0,1.0,1.0,0.0,0.0,0.0,0.0,0.0,0.0,0.0,1.0,0.0,0.0,0.0,0.0,0.0,0.0,1.0,1.0,0.0,1.0,1.0,1.0,0.0,1.0,1.0,0.0,0.0,0.0,0.0,0.0,1.0,1.0,1.0,1.0,0.0,0.0,0.0,1.0,1.0,0.0,1.0,1.0,0.0,1.0,0.0,1.0,CALL,Pass1+relabel consensus
BP6_10,0,0.0,90.0,0.0,0.0,0.0,5,0,0.0,2.0,0.43,0.0,0.0,0.0,1.0,0.0,9.0,1.0,0.0,0.0,0.0,0.0,2.0,10.0,0.5799,0.5799,0.0,0.28075,0.28075,0.867797,0.101695,0.28075,1.1111,0.0,1.0,0.0,0.0,2.0,0.531,0.1272,0.0,0.0,-0.231,0.0,0.0,0.097826,6.0,0.191489,0.169173,0.0,0.164349,12.0,0.0,0.3418,0.0,0.0,0.0,0.0,0.0,0.0,0.0,0.0,1.0,1.0,0.0,1.0,0.0,0.0,1.0,0.0,1.0,1.0,0.0,0.0,0.0,0.0,0.0,0.0,0.0,0.0,0.0,1.0,1.0,0.0,0.0,0.0,0.0,0.0,0.0,0.0,0.0,1.0,1.0,1.0,1.0,0.0,1.0,0.0,0.0,1.0,0.0,1.0,1.0,1.0,1.0,1.0,1.0,1.0,CHECK,Pass1+relabel consensus
BP6_11,0,1.0,90.0,30.0,0.25,0.333333,5,0,0.0,2.0,0.44,0.0,0.0,0.0,0.0,0.0,0.0,1.0,0.0,0.0,0.0,0.0,2.0,12.0,0.5799,0.5799,0.0,0.11125,0.11125,0.689856,0.157399,-0.13875,1.1111,0.0,0.0,0.0,1.0,2.0,0.6303,0.0451,0.0,1.0,-0.3303,0.0,0.0,0.0,6.0,0.0,0.374291,0.0,0.120513,0.0,0.0,0.3246,0.0,0.0,0.0,0.0,1.0,1.0,0.0,0.0,1.0,1.0,1.0,1.0,0.0,0.0,0.0,0.0,1.0,0.0,0.0,0.0,0.0,0.0,0.0,0.0,1.0,1.0,0.0,1.0,1.0,1.0,1.0,0.0,0.0,0.0,0.0,0.0,0.0,0.0,1.0,1.0,1.0,1.0,1.0,0.0,0.0,0.0,1.0,0.0,1.0,1.0,1.0,0.0,0.0,1.0,FOLD,Pass1+relabel consensus
BP6_12,0,0.0,90.0,0.0,0.0,0.0,3,0,1.0,3.0,1.04,1.0,0.0,0.0,0.0,0.0,0.0,1.0,0.0,0.0,0.0,0.0,2.0,14.0,0.5799,0.5799,0.0,0.158,0.158,0.567511,0.43038,0.158,1.1111,0.0,0.0,0.0,1.0,2.0,0.2963,0.0,0.3333,1.0,0.0037,0.0,0.0,0.0,0.0,0.234043,0.205742,1.0,0.495194,0.0,1.0,0.3704,1.0,0.0,0.0,0.0,0.0,0.0,0.0,0.0,1.0,1.0,0.0,1.0,1.0,1.0,0.0,0.0,0.0,1.0,0.0,0.0,0.0,0.0,0.0,0.0,1.0,1.0,0.0,1.0,1.0,1.0,1.0,0.0,1.0,0.0,0.0,0.0,0.0,1.0,1.0,1.0,1.0,1.0,1.0,0.0,0.0,0.0,1.0,1.0,1.0,1.0,1.0,0.0,1.0,1.0,CHECK,Pass1+relabel consensus
BP7_01,1,1.0,180.0,59.0,0.246862,0.327778,3,0,1.0,1.0,0.34,0.0,0.0,0.0,1.0,0.0,9.0,0.0,0.0,1.0,0.0,0.0,2.0,13.0,0.08,0.0,0.0,0.28825,0.28825,0.717011,0.25258,0.041388,0.5556,0.0,1.0,0.0,1.0,2.0,0.3504,0.0602,0.2536,1.0,-0.0504,0.0,0.0,0.256705,3.0,0.195652,0.434243,0.0,0.38378,14.0,1.0,0.3358,0.0,0.0,0.0,0.0,1.0,1.0,0.0,0.0,1.0,1.0,0.0,0.0,0.0,0.0,1.0,0.0,1.0,0.0,0.0,0.0,0.0,0.0,0.0,1.0,0.0,0.0,0.0,0.0,1.0,0.0,1.0,0.0,1.0,0.0,0.0,0.0,0.0,0.0,1.0,1.0,1.0,1.0,0.0,0.0,0.0,1.0,1.0,1.0,1.0,0.0,1.0,1.0,0.0,1.0,CALL,"Pass 2 — no solver, Pass 2 CALL stands"
BP7_02,1,1.0,180.0,59.0,0.246862,0.327778,3,0,1.0,0.0,0.18,0.0,0.0,0.0,1.0,1.0,13.0,0.0,0.0,1.0,0.0,0.0,2.0,13.0,0.08,0.0,0.0,0.33675,0.33675,0.936871,0.03717,0.089888,0.5556,0.0,1.0,0.0,1.0,2.0,0.3504,0.0602,0.2536,1.0,-0.0504,0.0,0.0,0.091291,0.0,0.326087,0.277089,0.0,0.38378,8.0,1.0,0.3358,0.0,1.0,0.0,0.0,1.0,1.0,0.0,0.0,1.0,0.0,0.0,0.0,0.0,0.0,1.0,1.0,1.0,0.0,0.0,0.0,0.0,0.0,1.0,0.0,0.0,0.0,0.0,1.0,1.0,0.0,0.0,0.0,1.0,0.0,0.0,0.0,0.0,0.0,1.0,1.0,1.0,1.0,0.0,0.0,0.0,1.0,0.0,1.0,1.0,0.0,0.0,1.0,0.0,1.0,CALL,Pass1+relabel consensus
BP7_03,1,1.0,180.0,59.0,0.246862,0.327778,2,0,1.0,1.0,0.34,0.0,0.0,0.0,1.0,0.0,9.0,0.0,0.0,1.0,0.0,0.0,2.0,11.0,0.08,0.0,0.0,0.27525,0.27525,0.778142,0.210446,0.028388,0.5556,0.0,1.0,0.0,1.0,2.0,0.3264,0.3819,0.1042,1.0,-0.0264,0.0,0.0,0.14891,3.0,0.195652,0.435716,0.0,0.232951,14.0,1.0,0.1875,0.0,1.0,0.0,0.0,1.0,1.0,0.0,0.0,1.0,1.0,0.0,0.0,0.0,0.0,1.0,0.0,1.0,0.0,0.0,0.0,0.0,0.0,0.0,0.0,0.0,0.0,0.0,1.0,1.0,1.0,1.0,0.0,0.0,0.0,0.0,0.0,0.0,1.0,1.0,1.0,1.0,1.0,0.0,0.0,0.0,1.0,0.0,1.0,1.0,0.0,1.0,1.0,1.0,1.0,CALL,Pass1+relabel consensus
BP7_04,1,1.0,180.0,59.0,0.246862,0.327778,2,0,1.0,0.0,0.19,0.0,0.0,0.0,1.0,1.0,17.0,0.0,0.0,1.0,0.0,0.0,2.0,11.0,0.08,0.0,0.0,0.35,0.35,0.99868,0.000924,0.103138,0.5556,0.0,1.0,0.0,1.0,2.0,0.3264,0.3819,0.1042,1.0,-0.0264,0.0,0.0,0.099785,0.0,0.326087,0.263885,0.0,0.232951,9.0,1.0,0.1875,0.0,1.0,0.0,0.0,1.0,1.0,0.0,0.0,1.0,1.0,0.0,1.0,0.0,0.0,1.0,1.0,1.0,0.0,0.0,0.0,0.0,0.0,0.0,0.0,0.0,0.0,0.0,1.0,1.0,0.0,0.0,0.0,1.0,0.0,1.0,0.0,0.0,0.0,1.0,1.0,1.0,1.0,0.0,0.0,0.0,1.0,0.0,1.0,1.0,0.0,1.0,1.0,0.0,1.0,CALL,Pass1+relabel consensus
BP7_05,1,0.0,90.0,0.0,0.0,0.0,3,0,1.0,13.0,4.1,1.0,1.0,1.0,0.0,0.0,0.0,0.0,0.0,1.0,0.0,0.0,2.0,10.0,0.08,0.0,0.0,0.935,0.935,0.0,0.993576,0.935,1.1111,0.0,0.0,1.0,1.0,2.0,0.4074,0.037,0.4444,1.0,-0.1074,0.0,0.0,0.0,0.0,1.0,0.99594,1.0,0.329591,9.0,1.0,0.1111,0.0,1.0,0.0,0.0,0.0,1.0,0.0,0.0,1.0,1.0,1.0,1.0,1.0,1.0,0.0,0.0,0.0,0.0,0.0,0.0,0.0,0.0,0.0,0.0,1.0,0.0,0.0,1.0,1.0,0.0,1.0,0.0,1.0,0.0,0.0,0.0,0.0,1.0,1.0,1.0,1.0,1.0,1.0,0.0,0.0,0.0,0.0,1.0,1.0,0.0,1.0,0.0,1.0,1.0,BET,Pass1+relabel consensus
BP7_07,2,1.0,360.0,119.0,0.248434,0.330556,3,0,1.0,5.0,1.18,1.0,0.0,0.0,0.0,0.0,0.0,0.0,0.0,1.0,0.0,0.0,2.0,13.0,0.12,0.0,0.0,0.59886,0.59886,0.399761,0.597481,0.350426,0.2778,0.0,2.0,0.0,1.0,1.0,0.4664,0.0,0.4281,1.0,-0.1664,0.0,0.0,0.0,0.0,0.0,0.540656,1.0,0.5336,0.0,1.0,0.1055,0.0,0.0,0.0,0.0,1.0,0.0,0.0,0.0,1.0,1.0,1.0,1.0,0.0,0.0,0.0,0.0,0.0,0.0,0.0,0.0,0.0,0.0,0.0,0.0,1.0,0.0,0.0,1.0,1.0,1.0,0.0,1.0,1.0,0.0,0.0,0.0,1.0,1.0,1.0,1.0,1.0,1.0,1.0,0.0,0.0,0.0,0.0,0.0,1.0,1.0,0.0,0.0,1.0,1.0,CALL,Pass1+relabel consensus
BP7_08,2,1.0,360.0,119.0,0.248434,0.330556,3,0,1.0,0.0,0.17,0.0,0.0,0.0,0.0,1.0,8.0,0.0,0.0,1.0,0.0,0.0,2.0,13.0,0.12,0.0,0.0,0.044183,0.044183,0.947618,0.035984,-0.204251,0.2778,0.0,2.0,0.0,1.0,1.0,0.4664,0.0,0.4281,1.0,-0.1664,0.0,0.0,0.0,0.0,0.0,0.072797,0.0,0.5336,0.0,1.0,0.1055,1.0,0.0,0.0,0.0,1.0,0.0,0.0,0.0,1.0,1.0,0.0,1.0,0.0,0.0,0.0,0.0,0.0,0.0,0.0,0.0,0.0,0.0,0.0,0.0,0.0,0.0,0.0,1.0,1.0,1.0,1.0,1.0,0.0,0.0,1.0,0.0,0.0,0.0,1.0,1.0,1.0,0.0,0.0,0.0,0.0,0.0,1.0,0.0,1.0,1.0,1.0,0.0,0.0,1.0,FOLD,Pass1+relabel consensus
BP7_09,2,1.0,360.0,119.0,0.248434,0.330556,2,0,1.0,1.0,0.34,0.0,0.0,0.0,0.0,0.0,0.0,0.0,0.0,1.0,0.0,0.0,2.0,13.0,0.12,0.0,0.0,0.089412,0.089412,0.857547,0.036371,-0.159022,0.2778,0.0,2.0,0.0,1.0,1.0,0.6675,0.0,0.2406,1.0,-0.3675,0.0,0.0,0.181586,3.0,0.0,0.160321,0.0,0.3325,14.0,1.0,0.092,0.0,0.0,0.0,0.0,1.0,1.0,0.0,0.0,1.0,1.0,0.0,1.0,0.0,0.0,0.0,0.0,0.0,0.0,0.0,0.0,0.0,0.0,0.0,0.0,0.0,0.0,0.0,1.0,1.0,1.0,0.0,0.0,1.0,0.0,1.0,0.0,0.0,0.0,1.0,1.0,1.0,0.0,1.0,0.0,0.0,1.0,1.0,0.0,1.0,1.0,1.0,0.0,0.0,1.0,FOLD,Pass1+relabel consensus
BP7_10,2,1.0,360.0,119.0,0.248434,0.330556,2,0,1.0,1.0,0.34,0.0,0.0,0.0,0.0,1.0,4.0,0.0,0.0,1.0,0.0,0.0,2.0,13.0,0.12,0.0,0.0,0.214078,0.214078,0.768957,0.197113,-0.034356,0.2778,0.0,2.0,0.0,1.0,1.0,0.6675,0.0,0.2406,1.0,-0.3675,0.0,0.0,0.0,3.0,0.0,0.227121,0.0,0.3325,0.0,1.0,0.092,0.0,1.0,0.0,0.0,1.0,1.0,0.0,0.0,1.0,0.0,1.0,1.0,0.0,0.0,0.0,1.0,0.0,0.0,0.0,0.0,0.0,0.0,0.0,1.0,0.0,0.0,0.0,1.0,1.0,1.0,0.0,1.0,1.0,0.0,1.0,0.0,0.0,0.0,1.0,1.0,1.0,1.0,1.0,0.0,0.0,0.0,0.0,0.0,1.0,1.0,0.0,0.0,0.0,1.0,FOLD,Pass1+relabel consensus
BP7_11,1,1.0,180.0,59.0,0.246862,0.327778,5,0,0.0,10.0,2.72,1.0,1.0,0.0,0.0,0.0,0.0,0.0,0.0,1.0,0.0,0.0,2.0,14.0,0.08,0.0,0.0,0.6465,0.6465,0.108509,0.891491,0.399638,0.5556,0.0,0.0,0.0,2.0,2.0,0.4918,0.1352,0.0574,1.0,-0.1918,0.0,0.0,0.15222,0.0,1.0,0.946541,1.0,0.194128,14.0,0.0,0.3156,0.0,1.0,0.0,0.0,1.0,1.0,0.0,0.0,1.0,1.0,1.0,1.0,1.0,0.0,0.0,0.0,0.0,0.0,0.0,0.0,0.0,0.0,0.0,0.0,1.0,1.0,0.0,1.0,1.0,0.0,1.0,1.0,1.0,0.0,0.0,0.0,1.0,0.0,1.0,1.0,1.0,1.0,0.0,1.0,0.0,1.0,0.0,1.0,1.0,1.0,1.0,1.0,0.0,1.0,CALL,Pass1+relabel consensus
BP7_12,1,1.0,180.0,59.0,0.246862,0.327778,3,0,1.0,0.0,0.2,0.0,0.0,0.0,0.0,1.0,8.0,0.0,0.0,1.0,0.0,0.0,2.0,13.0,0.08,0.0,0.0,0.19275,0.19275,0.915898,0.066179,-0.054112,0.5556,0.0,1.0,0.0,1.0,2.0,0.3504,0.0602,0.2536,1.0,-0.0504,0.0,0.0,0.0,0.0,0.173913,0.16129,0.0,0.38378,0.0,1.0,0.3358,0.0,1.0,0.0,0.0,1.0,1.0,0.0,0.0,1.0,1.0,0.0,0.0,0.0,0.0,0.0,0.0,1.0,0.0,0.0,0.0,0.0,0.0,1.0,1.0,0.0,0.0,0.0,1.0,1.0,1.0,1.0,1.0,1.0,0.0,1.0,0.0,0.0,0.0,1.0,1.0,1.0,1.0,1.0,0.0,0.0,0.0,0.0,1.0,1.0,0.0,1.0,1.0,1.0,1.0,FOLD,Pass1+relabel consensus
BP7_13,1,1.0,180.0,59.0,0.246862,0.327778,2,0,1.0,0.0,0.17,0.0,0.0,0.0,0.0,1.0,4.0,0.0,0.0,1.0,0.0,0.0,2.0,11.0,0.08,0.0,0.0,0.19125,0.19125,0.999342,0.000395,-0.055612,0.5556,0.0,1.0,0.0,1.0,2.0,0.3264,0.3819,0.1042,1.0,-0.0264,0.0,0.0,0.0,0.0,0.173913,0.20988,0.0,0.232951,0.0,1.0,0.1875,0.0,0.0,0.0,0.0,1.0,1.0,0.0,0.0,1.0,1.0,1.0,1.0,0.0,0.0,0.0,1.0,1.0,0.0,0.0,0.0,0.0,0.0,0.0,0.0,0.0,0.0,0.0,1.0,1.0,1.0,0.0,1.0,1.0,0.0,1.0,0.0,0.0,0.0,1.0,1.0,1.0,0.0,0.0,0.0,0.0,0.0,0.0,1.0,1.0,1.0,0.0,0.0,0.0,1.0,FOLD,Pass1+relabel consensus
BP7_14,2,1.0,360.0,119.0,0.248434,0.330556,3,0,1.0,0.0,0.22,0.0,0.0,0.0,0.0,1.0,4.0,0.0,0.0,1.0,0.0,0.0,2.0,13.0,0.12,0.0,0.0,0.198766,0.198766,0.786622,0.184154,-0.049668,0.2778,0.0,2.0,0.0,1.0,1.0,0.4664,0.0,0.4281,1.0,-0.1664,0.0,0.0,0.068071,0.0,0.0,0.140485,0.0,0.5336,10.0,1.0,0.1055,0.0,0.0,0.0,0.0,1.0,1.0,0.0,0.0,1.0,1.0,1.0,1.0,0.0,0.0,0.0,0.0,0.0,0.0,0.0,0.0,0.0,0.0,0.0,0.0,0.0,0.0,0.0,1.0,1.0,1.0,1.0,1.0,0.0,0.0,1.0,0.0,0.0,0.0,1.0,1.0,1.0,1.0,0.0,0.0,0.0,1.0,1.0,0.0,1.0,1.0,1.0,0.0,0.0,1.0,FOLD,Pass1+relabel consensus
BP7_15,1,1.0,180.0,59.0,0.246862,0.327778,5,0,0.0,0.0,0.19,0.0,0.0,0.0,0.0,1.0,4.0,0.0,0.0,1.0,0.0,0.0,2.0,14.0,0.08,0.0,0.0,0.0855,0.0855,0.9977,0.0023,-0.161362,0.5556,0.0,0.0,0.0,2.0,2.0,0.4918,0.1352,0.0574,1.0,-0.1918,0.0,0.0,0.0,0.0,0.086957,0.047799,0.0,0.194128,6.0,0.0,0.3156,0.0,0.0,0.0,0.0,1.0,1.0,0.0,0.0,1.0,1.0,1.0,1.0,0.0,0.0,0.0,1.0,1.0,0.0,0.0,0.0,0.0,0.0,0.0,0.0,0.0,0.0,0.0,1.0,1.0,1.0,1.0,1.0,0.0,0.0,0.0,0.0,1.0,0.0,1.0,1.0,1.0,1.0,0.0,0.0,0.0,0.0,0.0,1.0,1.0,0.0,0.0,0.0,0.0,1.0,FOLD,Pass1+relabel consensus
BP7_16,1,1.0,180.0,59.0,0.246862,0.327778,3,0,1.0,0.0,0.15,0.0,0.0,0.0,0.0,1.0,4.0,0.0,0.0,1.0,0.0,0.0,2.0,13.0,0.08,0.0,0.0,0.106,0.106,0.982556,0.0,-0.140862,0.5556,0.0,1.0,0.0,1.0,2.0,0.3504,0.0602,0.2536,1.0,-0.0504,0.0,0.0,0.0,0.0,0.086957,0.141439,0.0,0.38378,0.0,1.0,0.3358,0.0,0.0,0.0,0.0,1.0,1.0,0.0,0.0,1.0,1.0,1.0,1.0,0.0,0.0,0.0,1.0,1.0,0.0,0.0,0.0,0.0,0.0,0.0,0.0,0.0,0.0,0.0,1.0,1.0,1.0,1.0,1.0,1.0,0.0,0.0,0.0,0.0,1.0,1.0,1.0,1.0,1.0,1.0,0.0,0.0,0.0,1.0,1.0,1.0,1.0,1.0,0.0,0.0,1.0,FOLD,Pass1+relabel consensus
BP7_17,1,1.0,180.0,59.0,0.246862,0.327778,2,0,1.0,0.0,0.14,0.0,0.0,0.0,0.0,1.0,4.0,0.0,0.0,1.0,0.0,0.0,2.0,11.0,0.08,0.0,0.0,0.118,0.118,1.0,0.0,-0.128862,0.5556,0.0,1.0,0.0,1.0,2.0,0.3264,0.3819,0.1042,1.0,-0.0264,0.0,0.0,0.0,0.0,0.086957,0.20988,0.0,0.232951,0.0,1.0,0.1875,1.0,0.0,0.0,0.0,1.0,1.0,0.0,0.0,1.0,1.0,1.0,1.0,0.0,0.0,0.0,1.0,1.0,0.0,0.0,0.0,0.0,0.0,0.0,0.0,0.0,0.0,0.0,1.0,1.0,1.0,1.0,1.0,1.0,0.0,0.0,0.0,0.0,1.0,1.0,1.0,1.0,0.0,0.0,0.0,0.0,0.0,1.0,1.0,1.0,1.0,1.0,0.0,1.0,1.0,FOLD,Pass1+relabel consensus
BP7_18,2,1.0,360.0,119.0,0.248434,0.330556,2,0,1.0,0.0,0.16,0.0,0.0,0.0,0.0,1.0,8.0,0.0,0.0,1.0,0.0,0.0,2.0,13.0,0.12,0.0,0.0,0.00188,0.00188,0.99624,0.0,-0.246554,0.2778,0.0,2.0,0.0,1.0,1.0,0.6675,0.0,0.2406,1.0,-0.3675,0.0,0.0,0.0,0.0,0.0,0.0,0.0,0.3325,0.0,1.0,0.092,1.0,0.0,0.0,0.0,1.0,1.0,0.0,0.0,1.0,1.0,1.0,1.0,0.0,0.0,0.0,0.0,0.0,0.0,0.0,0.0,0.0,0.0,0.0,0.0,0.0,0.0,0.0,1.0,1.0,1.0,0.0,1.0,1.0,0.0,1.0,0.0,0.0,0.0,1.0,1.0,1.0,1.0,1.0,0.0,0.0,0.0,1.0,0.0,1.0,1.0,1.0,0.0,1.0,1.0,FOLD,Pass1+relabel consensus
d0032_BB_river,0,0.0,80.0,0.0,0.0,0.0,0,0,0.0,4.0,0.93,1.0,0.0,0.0,0.0,1.0,4.0,0.0,1.0,0.0,0.0,0.0,9.0,13.0,1.0,0.4864,0.8,0.043,0.043,0.751579,0.246316,0.043,1.25,0.0,1.0,1.0,0.0,2.0,0.6359,0.0,0.0556,0.0,-0.3359,0.0,0.0,0.0,0.0,0.0,0.15173,1.0,0.132569,0.0,0.0,0.3084,0.0,0.0,0.0,0.0,0.0,1.0,0.0,0.0,1.0,1.0,1.0,1.0,0.0,0.0,0.0,0.0,0.0,0.0,0.0,0.0,0.0,0.0,0.0,0.0,1.0,1.0,1.0,0.0,1.0,1.0,1.0,0.0,1.0,0.0,0.0,1.0,0.0,0.0,1.0,1.0,1.0,0.0,0.0,0.0,0.0,0.0,0.0,0.0,1.0,1.0,1.0,0.0,0.0,1.0,CHECK,Pass1+relabel consensus
d0032_BTN_flop,0,0.0,80.0,0.0,0.0,0.0,0,0,1.0,4.0,0.92,1.0,0.0,0.0,0.0,0.0,0.0,0.0,1.0,0.0,0.0,0.0,4.0,13.0,0.45,0.25,0.3,0.15925,0.15925,0.451485,0.546535,0.15925,1.25,0.0,1.0,0.0,0.0,2.0,0.1749,0.3021,0.1272,0.0,0.1251,0.0,0.0,0.0,0.0,0.234043,0.569799,1.0,0.454343,0.0,0.0,0.3959,1.0,0.0,0.0,0.0,0.0,0.0,0.0,0.0,1.0,1.0,1.0,1.0,1.0,0.0,0.0,0.0,0.0,0.0,1.0,0.0,0.0,0.0,1.0,0.0,1.0,1.0,0.0,1.0,1.0,1.0,1.0,0.0,1.0,0.0,0.0,0.0,1.0,1.0,1.0,1.0,1.0,0.0,0.0,0.0,0.0,0.0,0.0,1.0,1.0,1.0,1.0,0.0,1.0,1.0,CHECK,Pass1+relabel consensus
d0182_BTN_flop,0,0.0,80.0,0.0,0.0,0.0,0,0,1.0,6.0,1.351,1.0,0.0,0.0,0.0,0.0,0.0,0.0,1.0,0.0,0.0,0.0,2.0,14.0,0.25,0.25,0.0,0.512,0.512,0.080831,0.905312,0.512,1.25,0.0,1.0,0.0,0.0,2.0,0.159,0.0,0.4054,0.0,0.141,0.0,0.0,0.0,0.0,0.234043,0.898291,1.0,0.707281,0.0,0.0,0.4356,0.0,0.0,0.0,0.0,0.0,1.0,0.0,0.0,1.0,1.0,0.0,1.0,1.0,0.0,0.0,0.0,0.0,0.0,1.0,0.0,0.0,0.0,0.0,0.0,1.0,1.0,0.0,1.0,1.0,0.0,1.0,0.0,1.0,0.0,0.0,0.0,0.0,0.0,1.0,1.0,1.0,1.0,1.0,0.0,0.0,1.0,0.0,0.0,1.0,0.0,1.0,0.0,0.0,1.0,BET,Pass1+relabel consensus
d0182_BTN_river,0,0.0,80.0,0.0,0.0,0.0,0,0,1.0,11.0,3.14,1.0,1.0,1.0,0.0,0.0,0.0,0.0,0.0,1.0,1.0,0.0,7.0,14.0,0.77,0.0,0.5,0.767,0.767,0.068783,0.92328,0.767,1.25,0.0,1.0,1.0,0.0,2.0,0.6105,0.0,0.3895,0.0,-0.3105,0.0,0.0,0.0,0.0,0.0,0.872321,1.0,0.15171,0.0,0.0,0.0,0.0,1.0,0.0,0.0,0.0,1.0,0.0,0.0,1.0,1.0,1.0,1.0,1.0,1.0,0.0,0.0,0.0,0.0,0.0,1.0,1.0,0.0,1.0,1.0,1.0,0.0,1.0,1.0,1.0,1.0,1.0,0.0,1.0,0.0,1.0,1.0,0.0,0.0,1.0,1.0,1.0,0.0,1.0,0.0,0.0,0.0,0.0,0.0,1.0,0.0,1.0,0.0,0.0,1.0,BET,Pass1+relabel consensus
d0182_CO_flop,0,0.0,80.0,0.0,0.0,0.0,0,0,0.0,4.0,0.95,1.0,0.0,0.0,0.0,0.0,0.0,0.0,1.0,0.0,0.0,0.0,2.0,14.0,0.25,0.25,0.0,0.18225,0.18225,0.578534,0.418848,0.18225,1.25,0.0,0.0,0.0,1.0,2.0,0.2358,0.0,0.2673,1.0,0.0642,0.0,0.0,0.0,0.0,0.234043,0.509926,1.0,0.584002,5.0,0.0,0.4969,0.0,0.0,0.0,0.0,0.0,0.0,0.0,0.0,1.0,1.0,1.0,1.0,0.0,0.0,0.0,0.0,0.0,0.0,1.0,0.0,0.0,0.0,0.0,1.0,1.0,1.0,0.0,1.0,1.0,1.0,1.0,0.0,1.0,0.0,0.0,0.0,0.0,1.0,1.0,1.0,1.0,1.0,1.0,0.0,0.0,0.0,0.0,1.0,1.0,1.0,1.0,1.0,1.0,1.0,CHECK,Pass1+relabel consensus
d0244_BB_river,0,0.0,80.0,0.0,0.0,0.0,0,0,0.0,15.0,6.415,1.0,1.0,1.0,0.0,0.0,0.0,0.0,1.0,0.0,1.0,1.0,2.0,8.0,0.7564,0.4864,0.0,0.95225,0.95225,0.004141,0.954451,0.95225,1.25,0.0,1.0,1.0,0.0,2.0,0.3895,0.0,0.5723,0.0,-0.0895,0.0,0.0,0.0,0.0,0.0,0.976581,1.0,0.37271,0.0,0.0,0.0382,0.0,0.0,0.0,0.0,0.0,0.0,0.0,0.0,1.0,1.0,1.0,0.0,1.0,1.0,0.0,0.0,0.0,0.0,0.0,0.0,1.0,1.0,0.0,0.0,1.0,1.0,0.0,1.0,1.0,1.0,1.0,0.0,1.0,0.0,1.0,1.0,0.0,0.0,1.0,1.0,1.0,0.0,0.0,0.0,0.0,0.0,0.0,0.0,1.0,0.0,1.0,0.0,0.0,1.0,BET,Pass1+relabel consensus
d0244_CO_river,0,1.0,133.0,53.0,0.284946,0.398496,0,0,0.0,10.0,2.62,1.0,1.0,0.0,0.0,0.0,0.0,0.0,1.0,0.0,1.0,1.0,2.0,8.0,0.7564,0.4864,0.0,0.58575,0.58575,0.220708,0.776567,0.300804,0.7519,0.0,0.0,1.0,1.0,2.0,0.6892,0.0,0.3018,1.0,-0.3892,0.0,1.0,0.035132,6.0,0.0,0.528015,1.0,0.096597,12.0,0.0,0.009,0.0,1.0,0.0,0.0,1.0,1.0,0.0,0.0,1.0,1.0,0.0,1.0,1.0,0.0,0.0,0.0,0.0,0.0,1.0,0.0,1.0,1.0,0.0,0.0,1.0,1.0,0.0,1.0,1.0,1.0,1.0,1.0,1.0,0.0,0.0,0.0,0.0,1.0,1.0,1.0,1.0,0.0,0.0,0.0,1.0,1.0,0.0,1.0,1.0,1.0,0.0,1.0,1.0,1.0,CALL,Pass1+relabel consensus
d0394_BTN_river,0,0.0,80.0,0.0,0.0,0.0,0,0,1.0,14.0,5.09,1.0,1.0,0.0,0.0,0.0,0.0,0.0,1.0,0.0,0.0,0.0,7.0,14.0,0.77,0.4864,0.5,0.964,0.964,0.023419,0.976581,0.964,1.25,0.0,1.0,1.0,0.0,2.0,0.2827,0.0,0.2321,0.0,0.0173,0.0,0.0,0.0,0.0,0.0,0.762478,1.0,0.514519,9.0,0.0,0.4852,0.0,0.0,0.0,0.0,0.0,0.0,0.0,0.0,1.0,1.0,1.0,1.0,1.0,0.0,0.0,0.0,0.0,0.0,0.0,0.0,0.0,0.0,0.0,0.0,1.0,0.0,0.0,1.0,1.0,1.0,1.0,1.0,1.0,0.0,1.0,1.0,1.0,0.0,1.0,1.0,1.0,0.0,0.0,0.0,0.0,0.0,0.0,0.0,1.0,0.0,1.0,1.0,0.0,1.0,BET,Pass1+relabel consensus
d0591_CO_turn,0,0.0,80.0,0.0,0.0,0.0,0,0,0.0,2.0,0.42,0.0,0.0,0.0,0.0,0.0,0.0,0.0,1.0,0.0,1.0,0.0,5.0,7.0,0.8954,0.5154,0.3,0.05975,0.05975,0.79845,0.180879,0.05975,1.25,0.0,0.0,1.0,1.0,2.0,0.4874,0.0314,0.4811,1.0,-0.1874,0.0,0.0,0.0,6.0,0.130435,0.070196,0.0,0.24691,0.0,0.0,0.0,0.0,0.0,0.0,0.0,0.0,1.0,0.0,0.0,1.0,1.0,0.0,0.0,0.0,0.0,0.0,0.0,0.0,0.0,0.0,0.0,1.0,0.0,0.0,0.0,1.0,1.0,1.0,1.0,1.0,0.0,1.0,0.0,0.0,0.0,0.0,0.0,0.0,0.0,1.0,1.0,1.0,0.0,1.0,0.0,0.0,0.0,1.0,1.0,1.0,1.0,1.0,0.0,1.0,1.0,CHECK,Pass1+relabel consensus
d0659_BTN_river,0,0.0,80.0,0.0,0.0,0.0,0,0,1.0,15.0,6.635,1.0,1.0,1.0,0.0,0.0,0.0,0.0,0.0,1.0,1.0,0.0,7.0,14.0,0.77,0.0,0.5,0.9675,0.9675,0.002604,0.992188,0.9675,1.25,0.0,1.0,1.0,0.0,2.0,0.8092,0.0,0.1908,0.0,-0.5092,0.0,0.0,0.0,0.0,0.0,0.983819,1.0,0.036405,0.0,0.0,0.0,0.0,0.0,0.0,0.0,0.0,0.0,0.0,0.0,1.0,1.0,1.0,0.0,1.0,1.0,0.0,0.0,0.0,0.0,0.0,0.0,1.0,0.0,0.0,0.0,0.0,0.0,1.0,1.0,1.0,1.0,1.0,0.0,1.0,0.0,0.0,1.0,0.0,0.0,1.0,1.0,1.0,0.0,1.0,0.0,0.0,0.0,0.0,0.0,1.0,0.0,1.0,0.0,0.0,1.0,BET,Pass1+relabel consensus
d0976_BTN_turn,0,0.0,80.0,0.0,0.0,0.0,0,0,1.0,7.0,1.342,1.0,0.0,0.0,0.0,0.0,0.0,0.0,0.0,1.0,0.0,0.0,2.0,13.0,0.08,0.0,0.0,0.6635,0.6635,0.071121,0.915948,0.6635,1.25,0.0,1.0,1.0,0.0,2.0,0.1772,0.0211,0.3586,0.0,0.1228,0.0,0.0,0.0,0.0,0.304348,0.903395,1.0,0.65975,0.0,0.0,0.443,0.0,0.0,0.0,0.0,0.0,1.0,0.0,0.0,1.0,1.0,1.0,1.0,0.0,0.0,0.0,0.0,0.0,0.0,0.0,1.0,0.0,0.0,0.0,0.0,1.0,0.0,0.0,1.0,1.0,1.0,1.0,0.0,0.0,0.0,0.0,1.0,0.0,0.0,1.0,1.0,1.0,0.0,1.0,0.0,0.0,0.0,0.0,0.0,1.0,0.0,1.0,0.0,0.0,1.0,BET,Pass1+relabel consensus
d1089_BB_flop,0,0.0,80.0,0.0,0.0,0.0,0,0,0.0,2.0,0.44,0.0,0.0,0.0,0.0,0.0,0.0,0.0,0.0,1.0,0.0,0.0,5.0,10.0,0.3,0.0,0.3,0.25975,0.25975,0.48203,0.498943,0.25975,1.25,0.0,1.0,0.0,0.0,2.0,0.2905,0.0,0.5351,0.0,0.0095,0.0,0.0,0.0,6.0,0.0,0.348653,0.0,0.50339,0.0,0.0,0.1743,0.0,0.0,0.0,0.0,0.0,0.0,0.0,0.0,1.0,1.0,0.0,0.0,0.0,0.0,0.0,0.0,0.0,0.0,0.0,1.0,0.0,0.0,1.0,0.0,1.0,0.0,1.0,1.0,1.0,1.0,1.0,0.0,0.0,0.0,0.0,0.0,0.0,1.0,1.0,1.0,1.0,0.0,1.0,0.0,0.0,0.0,1.0,0.0,1.0,1.0,1.0,0.0,1.0,1.0,CHECK,Pass1+relabel consensus
d1119_CO_river,0,0.0,80.0,0.0,0.0,0.0,0,0,0.0,0.0,0.22,0.0,0.0,0.0,0.0,0.0,0.0,0.0,0.0,1.0,1.0,0.0,7.0,14.0,0.77,0.0,0.5,0.021,0.021,0.810345,0.163793,0.021,1.25,0.0,0.0,1.0,1.0,2.0,0.7327,0.0,0.2673,1.0,-0.4327,0.0,0.0,0.0,0.0,0.0,0.188442,0.0,0.071449,0.0,0.0,0.0,1.0,0.0,0.0,0.0,0.0,1.0,0.0,0.0,1.0,1.0,1.0,0.0,0.0,0.0,0.0,0.0,0.0,0.0,0.0,0.0,1.0,0.0,1.0,1.0,1.0,0.0,0.0,1.0,1.0,1.0,1.0,0.0,0.0,0.0,0.0,0.0,0.0,1.0,1.0,1.0,1.0,1.0,1.0,0.0,0.0,0.0,1.0,0.0,1.0,1.0,1.0,0.0,1.0,1.0,CHECK,Pass1+relabel consensus
d1119_CO_turn,0,0.0,80.0,0.0,0.0,0.0,0,0,0.0,2.0,0.42,0.0,0.0,0.0,0.0,0.0,0.0,0.0,0.0,0.0,1.0,0.0,2.0,9.0,0.23,0.0,0.0,0.088,0.088,0.829457,0.147287,0.088,1.25,0.0,0.0,1.0,1.0,2.0,0.5126,0.4088,0.0786,1.0,-0.2126,0.0,0.0,0.0,6.0,0.130435,0.171233,0.0,0.080089,0.0,0.0,0.0,0.0,0.0,0.0,0.0,0.0,0.0,0.0,0.0,1.0,1.0,1.0,1.0,0.0,0.0,0.0,0.0,0.0,0.0,0.0,0.0,1.0,0.0,0.0,0.0,0.0,0.0,0.0,1.0,1.0,1.0,1.0,0.0,0.0,0.0,0.0,1.0,0.0,0.0,1.0,1.0,1.0,1.0,1.0,0.0,0.0,0.0,1.0,1.0,1.0,1.0,1.0,0.0,0.0,1.0,CHECK,Pass1+relabel consensus
d1168_BB_river,0,0.0,80.0,0.0,0.0,0.0,0,0,0.0,0.0,0.19,0.0,0.0,0.0,0.0,1.0,4.0,0.0,0.0,1.0,1.0,0.0,2.0,11.0,0.27,0.0,0.0,0.0005,0.0005,0.959402,0.021368,0.0005,1.25,0.0,1.0,1.0,0.0,2.0,0.5231,0.0,0.4769,0.0,-0.2231,0.0,0.0,0.0,0.0,0.0,0.008425,0.0,0.227434,0.0,0.0,0.0,1.0,0.0,0.0,0.0,0.0,0.0,0.0,0.0,1.0,1.0,0.0,1.0,0.0,0.0,0.0,1.0,0.0,0.0,0.0,0.0,1.0,0.0,0.0,0.0,1.0,0.0,0.0,1.0,1.0,1.0,1.0,0.0,0.0,0.0,1.0,1.0,0.0,0.0,1.0,1.0,1.0,0.0,1.0,0.0,0.0,0.0,1.0,0.0,1.0,1.0,1.0,0.0,0.0,1.0,CHECK,Pass1+relabel consensus
d1168_BTN_flop,0,0.0,80.0,0.0,0.0,0.0,0,0,1.0,2.0,0.44,0.0,0.0,0.0,0.0,0.0,0.0,0.0,1.0,0.0,0.0,0.0,2.0,11.0,0.25,0.25,0.0,0.2155,0.2155,0.382979,0.597872,0.2155,1.25,0.0,1.0,0.0,0.0,2.0,0.1812,0.0,0.5882,0.0,0.1188,0.0,0.0,0.0,6.0,0.0,0.331555,0.0,0.670433,0.0,0.0,0.2305,0.0,0.0,0.0,0.0,0.0,0.0,0.0,0.0,1.0,1.0,0.0,1.0,0.0,0.0,0.0,0.0,0.0,0.0,1.0,0.0,0.0,0.0,0.0,0.0,1.0,1.0,0.0,1.0,1.0,1.0,1.0,0.0,0.0,0.0,1.0,0.0,0.0,0.0,1.0,1.0,1.0,0.0,1.0,0.0,0.0,0.0,1.0,0.0,1.0,1.0,1.0,0.0,1.0,1.0,CHECK,Pass1+relabel consensus
d1168_CO_turn,0,0.0,80.0,0.0,0.0,0.0,0,0,0.0,1.0,0.33,0.0,0.0,0.0,1.0,0.0,9.0,0.0,0.0,0.0,0.0,0.0,2.0,11.0,0.08,0.0,0.0,0.261,0.261,0.740053,0.236074,0.261,1.25,0.0,0.0,1.0,1.0,2.0,0.2987,0.0,0.3711,1.0,0.0013,0.0,0.0,0.0,3.0,0.195652,0.437519,0.0,0.491822,0.0,0.0,0.3302,0.0,0.0,0.0,0.0,0.0,0.0,0.0,0.0,1.0,1.0,0.0,1.0,0.0,0.0,1.0,0.0,1.0,0.0,1.0,1.0,0.0,0.0,1.0,0.0,0.0,0.0,0.0,1.0,1.0,1.0,1.0,0.0,1.0,0.0,0.0,0.0,0.0,1.0,1.0,1.0,1.0,0.0,1.0,0.0,0.0,1.0,0.0,1.0,1.0,1.0,1.0,1.0,1.0,1.0,CHECK,Pass1+relabel consensus
d1200_BB_turn,0,0.0,80.0,0.0,0.0,0.0,0,0,0.0,12.0,3.58,1.0,1.0,1.0,0.0,0.0,0.0,0.0,0.0,1.0,0.0,0.0,7.0,11.0,0.58,0.0,0.5,0.732,0.732,0.063291,0.936709,0.732,1.25,0.0,1.0,1.0,0.0,2.0,0.3797,0.0844,0.2743,0.0,-0.0797,0.0,0.0,0.0,0.0,1.0,0.887938,1.0,0.3342,0.0,0.0,0.2616,0.0,0.0,0.0,0.0,0.0,1.0,0.0,0.0,1.0,1.0,1.0,1.0,1.0,1.0,0.0,0.0,0.0,0.0,0.0,1.0,0.0,0.0,1.0,0.0,1.0,0.0,1.0,1.0,1.0,0.0,1.0,0.0,1.0,0.0,0.0,1.0,0.0,1.0,1.0,1.0,1.0,0.0,0.0,0.0,0.0,0.0,0.0,1.0,1.0,0.0,1.0,0.0,0.0,1.0,BET,Pass1+relabel consensus
d1200_BTN_flop,0,0.0,80.0,0.0,0.0,0.0,0,0,1.0,12.0,3.55,1.0,1.0,1.0,0.0,0.0,0.0,0.0,1.0,0.0,0.0,0.0,2.0,11.0,0.25,0.25,0.0,0.7545,0.7545,0.01222,0.98778,0.7545,1.25,0.0,1.0,0.0,0.0,2.0,0.2743,0.0422,0.443,0.0,0.0257,0.0,0.0,0.0,0.0,1.0,0.985048,1.0,0.496461,0.0,0.0,0.2405,0.0,0.0,0.0,0.0,0.0,1.0,0.0,0.0,1.0,1.0,1.0,1.0,1.0,1.0,0.0,0.0,0.0,0.0,1.0,0.0,0.0,0.0,0.0,0.0,1.0,1.0,0.0,1.0,1.0,1.0,1.0,0.0,1.0,0.0,0.0,0.0,0.0,0.0,1.0,1.0,1.0,1.0,0.0,0.0,0.0,0.0,0.0,1.0,1.0,0.0,1.0,0.0,0.0,1.0,BET,Pass1+relabel consensus
d1200_HJ_turn,0,1.0,133.0,53.0,0.284946,0.398496,0,0,0.0,2.0,0.44,0.0,0.0,0.0,0.0,0.0,0.0,0.0,0.0,1.0,0.0,0.0,7.0,11.0,0.58,0.0,0.5,0.10625,0.10625,0.672489,0.28821,-0.178696,0.7519,0.0,0.0,1.0,1.0,2.0,0.6335,0.0882,0.1323,1.0,-0.3335,0.0,1.0,0.0,6.0,0.0,0.431948,0.0,0.103942,0.0,0.0,0.146,0.0,0.0,0.0,0.0,1.0,0.0,0.0,0.0,1.0,1.0,0.0,1.0,0.0,0.0,0.0,0.0,0.0,0.0,0.0,0.0,0.0,0.0,0.0,0.0,1.0,0.0,1.0,0.0,1.0,0.0,0.0,1.0,1.0,0.0,0.0,0.0,0.0,0.0,1.0,1.0,1.0,0.0,1.0,0.0,1.0,0.0,1.0,1.0,1.0,1.0,1.0,0.0,0.0,1.0,FOLD,Pass1+relabel consensus
d1454_BB_flop,0,0.0,80.0,0.0,0.0,0.0,0,0,0.0,4.0,0.96,1.0,0.0,0.0,0.0,0.0,0.0,0.0,1.0,0.0,0.0,0.0,2.0,14.0,0.25,0.25,0.0,0.14425,0.14425,0.561331,0.43659,0.14425,1.25,0.0,1.0,0.0,0.0,2.0,0.1908,0.2464,0.0477,0.0,0.1092,0.0,0.0,0.0,0.0,0.234043,0.357326,1.0,0.470596,0.0,0.0,0.5151,0.0,0.0,0.0,0.0,0.0,0.0,0.0,0.0,1.0,1.0,1.0,1.0,0.0,0.0,0.0,0.0,0.0,0.0,1.0,0.0,0.0,0.0,1.0,1.0,1.0,1.0,0.0,1.0,1.0,1.0,0.0,0.0,1.0,0.0,1.0,0.0,0.0,1.0,1.0,1.0,1.0,0.0,1.0,0.0,0.0,0.0,0.0,1.0,1.0,1.0,0.0,0.0,1.0,1.0,CHECK,Pass1+relabel consensus
d1454_BB_river,0,0.0,80.0,0.0,0.0,0.0,0,0,0.0,4.0,0.96,1.0,0.0,0.0,0.0,1.0,4.0,0.0,1.0,0.0,0.0,0.0,8.0,14.0,1.0,0.4864,0.8,0.04375,0.04375,0.766292,0.231461,0.04375,1.25,0.0,1.0,1.0,0.0,2.0,0.5087,0.0,0.0318,0.0,-0.2087,0.0,0.0,0.0,0.0,0.0,0.14719,1.0,0.241376,0.0,0.0,0.4595,0.0,0.0,0.0,0.0,0.0,0.0,0.0,0.0,1.0,1.0,1.0,1.0,1.0,0.0,0.0,0.0,0.0,0.0,0.0,0.0,0.0,0.0,1.0,0.0,1.0,1.0,1.0,1.0,1.0,1.0,1.0,0.0,0.0,0.0,0.0,0.0,0.0,1.0,1.0,1.0,1.0,0.0,0.0,0.0,0.0,0.0,0.0,0.0,1.0,1.0,1.0,0.0,0.0,1.0,CHECK,Pass1+relabel consensus
d1454_BTN_flop,0,0.0,80.0,0.0,0.0,0.0,0,0,1.0,0.0,0.23,0.0,0.0,0.0,0.0,1.0,4.0,0.0,1.0,0.0,0.0,0.0,2.0,14.0,0.25,0.25,0.0,0.19925,0.19925,0.626966,0.352809,0.19925,1.25,0.0,1.0,0.0,0.0,2.0,0.1908,0.2464,0.0477,0.0,0.1092,0.0,0.0,0.0,0.0,0.085106,0.138481,0.0,0.470596,0.0,0.0,0.5151,0.0,0.0,0.0,0.0,0.0,0.0,0.0,0.0,1.0,1.0,1.0,1.0,0.0,0.0,0.0,1.0,1.0,0.0,1.0,0.0,0.0,0.0,0.0,1.0,0.0,1.0,0.0,1.0,1.0,0.0,0.0,0.0,0.0,0.0,0.0,0.0,0.0,1.0,1.0,1.0,1.0,0.0,1.0,0.0,0.0,0.0,1.0,1.0,1.0,1.0,1.0,0.0,1.0,1.0,CHECK,Pass1+relabel consensus
d1562_BTN_river,0,0.0,80.0,0.0,0.0,0.0,0,0,1.0,2.0,0.43,0.0,0.0,0.0,0.0,0.0,0.0,0.0,0.0,1.0,1.0,0.0,7.0,11.0,0.77,0.0,0.5,0.046,0.046,0.699332,0.280624,0.046,1.25,0.0,1.0,1.0,0.0,2.0,0.4937,0.0,0.5063,0.0,-0.1937,0.0,0.0,0.140187,6.0,0.0,0.29608,0.0,0.25634,13.0,0.0,0.0,0.0,1.0,0.0,0.0,0.0,0.0,0.0,0.0,1.0,1.0,1.0,1.0,0.0,0.0,0.0,0.0,0.0,0.0,0.0,0.0,1.0,0.0,1.0,0.0,1.0,0.0,1.0,1.0,1.0,1.0,0.0,0.0,0.0,0.0,1.0,1.0,0.0,0.0,1.0,1.0,1.0,1.0,1.0,0.0,0.0,1.0,1.0,0.0,1.0,1.0,1.0,1.0,0.0,1.0,CHECK,Pass1+relabel consensus
d1595_BTN_turn,0,0.0,80.0,0.0,0.0,0.0,0,0,1.0,4.0,0.96,1.0,0.0,0.0,0.0,0.0,0.0,0.0,0.0,0.0,0.0,0.0,4.0,10.0,0.38,0.0,0.3,0.29625,0.29625,0.334711,0.663223,0.29625,1.25,0.0,1.0,1.0,0.0,2.0,0.2703,0.0351,0.473,0.0,0.0297,0.0,0.0,0.0,0.0,0.304348,0.654481,1.0,0.507158,0.0,0.0,0.2216,0.0,1.0,0.0,0.0,0.0,1.0,0.0,0.0,1.0,1.0,0.0,1.0,0.0,0.0,0.0,0.0,0.0,0.0,0.0,0.0,0.0,0.0,0.0,0.0,1.0,1.0,1.0,1.0,1.0,1.0,0.0,0.0,1.0,1.0,0.0,1.0,0.0,0.0,1.0,1.0,1.0,0.0,0.0,0.0,0.0,0.0,0.0,1.0,1.0,1.0,1.0,0.0,0.0,1.0,CHECK,Pass1+relabel consensus
d1595_UTG_river,0,0.0,80.0,0.0,0.0,0.0,0,0,0.0,2.0,0.42,0.0,0.0,0.0,0.0,1.0,4.0,0.0,0.0,1.0,1.0,0.0,4.0,10.0,0.57,0.0,0.3,0.0015,0.0015,0.917313,0.036176,0.0015,1.25,0.0,0.0,1.0,1.0,2.0,0.6667,0.0,0.3333,1.0,-0.3667,0.0,0.0,0.0,6.0,0.0,0.068949,0.0,0.111089,0.0,0.0,0.0,0.0,1.0,0.0,0.0,0.0,1.0,0.0,0.0,1.0,1.0,0.0,1.0,0.0,0.0,0.0,0.0,0.0,0.0,0.0,0.0,0.0,0.0,0.0,0.0,0.0,0.0,0.0,1.0,1.0,1.0,1.0,0.0,0.0,0.0,0.0,0.0,1.0,0.0,1.0,1.0,1.0,0.0,1.0,0.0,0.0,0.0,1.0,0.0,1.0,1.0,1.0,0.0,0.0,1.0,CHECK,Pass1+relabel consensus
d1595_UTG_turn,0,0.0,80.0,0.0,0.0,0.0,0,0,0.0,2.0,0.42,0.0,0.0,0.0,0.0,1.0,4.0,0.0,0.0,0.0,0.0,0.0,4.0,10.0,0.38,0.0,0.3,0.1525,0.1525,0.918575,0.035623,0.1525,1.25,0.0,0.0,1.0,1.0,2.0,0.2549,0.0392,0.2941,1.0,0.0451,0.0,0.0,0.0,6.0,0.086957,0.32345,0.0,0.52635,0.0,0.0,0.4118,0.0,0.0,0.0,0.0,0.0,0.0,0.0,0.0,1.0,1.0,1.0,0.0,0.0,0.0,0.0,1.0,1.0,0.0,1.0,0.0,0.0,0.0,1.0,0.0,1.0,0.0,1.0,1.0,1.0,0.0,1.0,0.0,0.0,0.0,0.0,0.0,0.0,1.0,1.0,1.0,1.0,1.0,1.0,0.0,0.0,0.0,1.0,1.0,1.0,1.0,1.0,0.0,0.0,1.0,CHECK,Pass1+relabel consensus
d1647_CO_flop,0,0.0,80.0,0.0,0.0,0.0,0,0,0.0,1.0,0.34,0.0,0.0,0.0,0.0,0.0,0.0,0.0,1.0,0.0,0.0,0.0,4.0,12.0,0.45,0.25,0.3,0.16025,0.16025,0.559889,0.415042,0.16025,1.25,0.0,0.0,0.0,1.0,2.0,0.2673,0.0472,0.3302,1.0,0.0327,0.0,0.0,0.0,3.0,0.0,0.464264,0.0,0.502823,0.0,0.0,0.3553,0.0,1.0,0.0,0.0,0.0,0.0,0.0,0.0,1.0,1.0,1.0,1.0,0.0,0.0,1.0,1.0,0.0,0.0,1.0,0.0,0.0,0.0,1.0,0.0,1.0,1.0,1.0,1.0,1.0,0.0,1.0,0.0,1.0,0.0,0.0,0.0,0.0,1.0,1.0,1.0,1.0,0.0,1.0,0.0,0.0,0.0,1.0,0.0,1.0,1.0,1.0,0.0,1.0,1.0,CHECK,Pass1+relabel consensus
d1647_CO_river,0,0.0,80.0,0.0,0.0,0.0,0,0,0.0,1.0,0.34,0.0,0.0,0.0,0.0,1.0,4.0,0.0,0.0,1.0,0.0,0.0,9.0,12.0,0.92,0.0,0.8,0.04375,0.04375,0.665698,0.30814,0.04375,1.25,0.0,0.0,1.0,1.0,2.0,0.3931,0.0,0.2987,1.0,-0.0931,0.0,0.0,0.0,3.0,0.0,0.412829,0.0,0.368328,0.0,0.0,0.3082,1.0,0.0,0.0,0.0,0.0,1.0,0.0,0.0,1.0,1.0,0.0,1.0,0.0,0.0,0.0,0.0,0.0,0.0,0.0,0.0,0.0,0.0,0.0,0.0,0.0,0.0,0.0,1.0,1.0,1.0,0.0,0.0,0.0,0.0,0.0,0.0,0.0,0.0,1.0,1.0,1.0,0.0,0.0,0.0,0.0,0.0,1.0,0.0,1.0,1.0,1.0,0.0,0.0,1.0,CHECK,Pass1+relabel consensus
d1647_CO_turn,0,0.0,80.0,0.0,0.0,0.0,0,0,0.0,1.0,0.34,0.0,0.0,0.0,0.0,1.0,4.0,0.0,0.0,1.0,0.0,0.0,8.0,12.0,0.88,0.0,0.8,0.1465,0.1465,0.66092,0.313218,0.1465,1.25,0.0,0.0,1.0,1.0,2.0,0.3616,0.0472,0.2987,1.0,-0.0616,0.0,0.0,0.0,3.0,0.086957,0.431385,0.0,0.377979,0.0,0.0,0.2925,0.0,0.0,0.0,0.0,0.0,0.0,0.0,0.0,1.0,1.0,0.0,0.0,0.0,0.0,0.0,1.0,1.0,0.0,0.0,0.0,0.0,0.0,1.0,0.0,1.0,0.0,1.0,1.0,1.0,1.0,1.0,0.0,1.0,0.0,0.0,1.0,0.0,1.0,1.0,1.0,1.0,1.0,1.0,0.0,0.0,0.0,1.0,1.0,1.0,1.0,1.0,0.0,1.0,1.0,CHECK,Pass1+relabel consensus
d1764_BB_flop,0,0.0,80.0,0.0,0.0,0.0,0,0,0.0,1.0,0.33,0.0,0.0,0.0,1.0,0.0,9.0,0.0,1.0,0.0,1.0,0.0,2.0,9.0,0.4,0.25,0.0,0.42125,0.42125,0.693089,0.288618,0.42125,1.25,0.0,1.0,0.0,0.0,2.0,0.3671,0.0,0.6329,0.0,-0.0671,0.0,0.0,0.162162,3.0,0.319149,0.281155,0.0,0.400562,13.0,0.0,0.0,0.0,1.0,0.0,0.0,0.0,1.0,1.0,0.0,1.0,1.0,1.0,1.0,0.0,0.0,1.0,0.0,1.0,0.0,0.0,0.0,1.0,0.0,0.0,0.0,0.0,1.0,0.0,1.0,1.0,0.0,0.0,0.0,0.0,0.0,0.0,0.0,0.0,0.0,1.0,1.0,1.0,0.0,0.0,0.0,0.0,1.0,0.0,1.0,1.0,1.0,1.0,1.0,0.0,1.0,CHECK,Pass1+relabel consensus
d1764_BTN_flop,0,0.0,80.0,0.0,0.0,0.0,0,0,1.0,10.0,2.4625,1.0,1.0,0.0,0.0,0.0,0.0,0.0,1.0,0.0,1.0,0.0,2.0,9.0,0.4,0.25,0.0,0.32325,0.32325,0.212679,0.785276,0.32325,1.25,0.0,1.0,0.0,0.0,2.0,0.3671,0.0,0.6329,0.0,-0.0671,0.0,0.0,0.0,0.0,1.0,0.787107,1.0,0.400562,5.0,0.0,0.0,0.0,0.0,0.0,0.0,0.0,0.0,0.0,0.0,1.0,1.0,1.0,0.0,0.0,0.0,0.0,0.0,0.0,0.0,1.0,0.0,1.0,0.0,0.0,0.0,1.0,1.0,0.0,1.0,1.0,1.0,1.0,0.0,0.0,0.0,1.0,0.0,0.0,1.0,1.0,1.0,1.0,1.0,1.0,0.0,0.0,0.0,0.0,0.0,1.0,1.0,1.0,0.0,1.0,1.0,CHECK,Pass1+relabel consensus
d1764_BTN_turn,0,0.0,80.0,0.0,0.0,0.0,0,0,1.0,10.0,2.4625,1.0,1.0,0.0,0.0,0.0,0.0,0.0,0.0,1.0,1.0,0.0,2.0,12.0,0.23,0.0,0.0,0.27625,0.27625,0.331183,0.666667,0.27625,1.25,0.0,1.0,1.0,0.0,2.0,0.5359,0.0211,0.443,0.0,-0.2359,0.0,0.0,0.0,0.0,1.0,0.648865,1.0,0.205708,5.0,0.0,0.0,0.0,0.0,0.0,0.0,0.0,0.0,0.0,0.0,1.0,1.0,1.0,0.0,1.0,0.0,0.0,0.0,0.0,0.0,0.0,0.0,1.0,0.0,0.0,0.0,1.0,0.0,0.0,0.0,1.0,1.0,1.0,0.0,1.0,0.0,0.0,1.0,0.0,1.0,1.0,1.0,1.0,0.0,1.0,0.0,0.0,0.0,0.0,0.0,1.0,1.0,1.0,0.0,1.0,1.0,CHECK,Pass1+relabel consensus
d1903_BB_river,0,0.0,80.0,0.0,0.0,0.0,0,0,0.0,2.0,0.43,0.0,0.0,0.0,0.0,1.0,4.0,0.0,1.0,0.0,1.0,0.0,7.0,9.0,0.92,0.4864,0.5,0.03225,0.03225,0.813596,0.166667,0.03225,1.25,0.0,1.0,1.0,0.0,2.0,0.5054,0.0,0.4946,0.0,-0.2054,0.0,0.0,0.165746,6.0,0.0,0.166403,0.0,0.244629,12.0,0.0,0.0,1.0,0.0,0.0,0.0,0.0,1.0,1.0,0.0,1.0,1.0,0.0,1.0,0.0,0.0,0.0,0.0,0.0,0.0,0.0,0.0,0.0,0.0,1.0,0.0,1.0,1.0,1.0,1.0,1.0,0.0,1.0,0.0,0.0,0.0,0.0,0.0,0.0,1.0,1.0,1.0,1.0,0.0,0.0,0.0,0.0,1.0,1.0,0.0,1.0,1.0,1.0,0.0,1.0,1.0,CHECK,Pass1+relabel consensus
d1903_BB_turn,0,0.0,80.0,0.0,0.0,0.0,0,0,0.0,2.0,0.43,0.0,0.0,0.0,1.0,1.0,13.0,0.0,1.0,0.0,0.0,0.0,7.0,9.0,0.7454,0.5154,0.5,0.20875,0.20875,0.819149,0.161702,0.20875,1.25,0.0,1.0,1.0,0.0,2.0,0.3568,0.0,0.4946,0.0,-0.0568,0.0,0.0,0.165746,6.0,0.195652,0.20979,0.0,0.413706,12.0,0.0,0.1486,0.0,0.0,0.0,0.0,0.0,0.0,0.0,0.0,1.0,0.0,0.0,0.0,0.0,0.0,1.0,1.0,1.0,0.0,1.0,0.0,0.0,0.0,1.0,0.0,1.0,1.0,1.0,1.0,1.0,1.0,0.0,0.0,1.0,0.0,1.0,0.0,0.0,0.0,1.0,1.0,1.0,0.0,1.0,0.0,0.0,1.0,1.0,1.0,1.0,1.0,1.0,1.0,0.0,1.0,CHECK,Pass1+relabel consensus
d1904_BB_flop,0,0.0,80.0,0.0,0.0,0.0,0,0,0.0,4.0,0.95,1.0,0.0,0.0,0.0,1.0,4.0,0.0,1.0,0.0,0.0,0.0,7.0,9.0,0.65,0.25,0.5,0.27625,0.27625,0.398833,0.599222,0.27625,1.25,0.0,1.0,0.0,0.0,2.0,0.2532,0.0633,0.4852,0.0,0.0468,0.0,0.0,0.0,0.0,0.319149,0.68126,1.0,0.51144,0.0,0.0,0.1983,0.0,0.0,0.0,0.0,0.0,0.0,0.0,0.0,1.0,1.0,1.0,1.0,0.0,0.0,0.0,1.0,1.0,0.0,1.0,0.0,0.0,0.0,1.0,0.0,1.0,0.0,1.0,0.0,1.0,1.0,1.0,0.0,1.0,0.0,0.0,0.0,0.0,0.0,1.0,1.0,1.0,0.0,0.0,0.0,0.0,0.0,0.0,1.0,1.0,1.0,0.0,0.0,1.0,1.0,CHECK,Pass1+relabel consensus
d1904_BB_turn,0,0.0,80.0,0.0,0.0,0.0,0,0,0.0,4.0,0.95,1.0,0.0,0.0,0.0,1.0,4.0,0.0,0.0,1.0,0.0,0.0,7.0,12.0,0.58,0.0,0.5,0.17375,0.17375,0.558522,0.439425,0.17375,1.25,0.0,1.0,1.0,0.0,2.0,0.2743,0.0633,0.2954,0.0,0.0257,0.0,0.0,0.0,0.0,0.391304,0.455075,1.0,0.481705,0.0,0.0,0.3671,1.0,1.0,0.0,0.0,0.0,0.0,0.0,0.0,1.0,1.0,1.0,1.0,0.0,0.0,0.0,1.0,1.0,0.0,0.0,0.0,0.0,0.0,1.0,0.0,1.0,0.0,1.0,1.0,1.0,1.0,0.0,1.0,0.0,0.0,0.0,1.0,0.0,1.0,1.0,1.0,1.0,0.0,0.0,0.0,0.0,0.0,0.0,1.0,1.0,1.0,1.0,0.0,0.0,1.0,CHECK,Pass1+relabel consensus
d1971_BTN_river,0,1.0,133.0,53.0,0.284946,0.398496,0,0,1.0,10.0,2.3075,1.0,1.0,0.0,0.0,0.0,0.0,0.0,1.0,0.0,1.0,0.0,4.0,13.0,0.9064,0.4864,0.3,0.19625,0.19625,0.42437,0.573529,-0.088696,0.7519,0.0,1.0,1.0,0.0,2.0,0.9253,0.0,0.0499,0.0,-0.6253,0.0,1.0,0.0,0.0,0.0,0.40684,1.0,0.00558,6.0,0.0,0.0248,1.0,0.0,0.0,0.0,1.0,1.0,0.0,0.0,1.0,1.0,0.0,0.0,1.0,0.0,0.0,0.0,0.0,0.0,1.0,0.0,1.0,0.0,0.0,0.0,1.0,1.0,0.0,1.0,1.0,1.0,0.0,1.0,0.0,0.0,1.0,0.0,1.0,0.0,1.0,1.0,1.0,0.0,1.0,0.0,1.0,0.0,0.0,0.0,1.0,1.0,1.0,0.0,1.0,1.0,FOLD,Pass1+relabel consensus
d1971_HJ_river,0,0.0,80.0,0.0,0.0,0.0,0,0,0.0,14.0,5.08,1.0,1.0,0.0,0.0,0.0,0.0,0.0,1.0,0.0,1.0,0.0,4.0,13.0,0.9064,0.4864,0.3,0.828,0.828,0.077206,0.922794,0.828,1.25,0.0,0.0,1.0,1.0,2.0,0.7526,0.0,0.0105,1.0,-0.4526,0.0,0.0,0.0,0.0,0.0,0.637129,1.0,0.061207,8.0,0.0,0.2369,0.0,1.0,0.0,0.0,0.0,0.0,0.0,0.0,1.0,1.0,1.0,1.0,1.0,0.0,0.0,0.0,0.0,0.0,0.0,0.0,1.0,0.0,1.0,0.0,1.0,1.0,0.0,1.0,1.0,1.0,1.0,0.0,1.0,0.0,0.0,1.0,0.0,0.0,1.0,1.0,1.0,1.0,1.0,0.0,0.0,0.0,0.0,0.0,1.0,1.0,1.0,0.0,0.0,1.0,BET,Pass1+relabel consensus
d2074_BTN_turn,0,0.0,80.0,0.0,0.0,0.0,0,0,1.0,10.0,2.615,1.0,1.0,0.0,0.0,0.0,0.0,0.0,0.0,1.0,1.0,0.0,2.0,12.0,0.23,0.0,0.0,0.25025,0.25025,0.305857,0.655098,0.25025,1.25,0.0,1.0,1.0,0.0,2.0,0.557,0.0,0.443,0.0,-0.257,0.0,0.0,0.0,0.0,1.0,0.618377,1.0,0.196249,0.0,0.0,0.0,0.0,0.0,0.0,0.0,0.0,0.0,0.0,0.0,1.0,1.0,0.0,1.0,1.0,0.0,0.0,0.0,0.0,0.0,0.0,0.0,1.0,0.0,0.0,0.0,1.0,0.0,0.0,0.0,1.0,1.0,0.0,0.0,1.0,0.0,1.0,1.0,0.0,1.0,1.0,1.0,1.0,0.0,1.0,0.0,0.0,0.0,0.0,1.0,1.0,1.0,1.0,0.0,0.0,1.0,CHECK,Pass1+relabel consensus
d2074_HJ_turn,0,0.0,80.0,0.0,0.0,0.0,0,0,0.0,2.0,0.44,0.0,0.0,0.0,0.0,0.0,0.0,0.0,0.0,1.0,1.0,0.0,2.0,12.0,0.23,0.0,0.0,0.187,0.187,0.495575,0.464602,0.187,1.25,0.0,0.0,1.0,1.0,2.0,0.6237,0.0,0.3763,1.0,-0.3237,0.0,0.0,0.0,6.0,0.130435,0.381944,0.0,0.141602,0.0,0.0,0.0,1.0,0.0,0.0,0.0,0.0,0.0,0.0,0.0,1.0,1.0,1.0,1.0,1.0,0.0,1.0,0.0,0.0,0.0,0.0,0.0,1.0,0.0,0.0,0.0,0.0,0.0,0.0,1.0,1.0,0.0,0.0,0.0,0.0,0.0,0.0,1.0,1.0,0.0,1.0,1.0,1.0,1.0,1.0,0.0,0.0,0.0,1.0,0.0,1.0,1.0,1.0,0.0,1.0,1.0,CHECK,Pass1+relabel consensus
d2092_BTN_flop,0,0.0,80.0,0.0,0.0,0.0,0,0,1.0,12.0,3.57,1.0,1.0,1.0,0.0,0.0,0.0,0.0,0.0,1.0,0.0,0.0,2.0,7.0,0.0,0.0,0.0,0.887,0.887,0.0,1.0,0.887,1.25,0.0,1.0,0.0,0.0,2.0,0.1971,0.0159,0.628,0.0,0.1029,0.0,0.0,0.0,0.0,1.0,0.997226,1.0,0.631946,0.0,0.0,0.159,0.0,0.0,0.0,0.0,0.0,0.0,0.0,0.0,1.0,1.0,1.0,1.0,1.0,1.0,0.0,0.0,0.0,0.0,0.0,1.0,0.0,0.0,0.0,0.0,1.0,0.0,0.0,1.0,1.0,0.0,1.0,0.0,1.0,0.0,1.0,0.0,0.0,0.0,1.0,1.0,1.0,0.0,1.0,0.0,0.0,0.0,0.0,1.0,1.0,0.0,1.0,0.0,0.0,1.0,BET,Pass1+relabel consensus
d2139_BTN_flop,0,0.0,80.0,0.0,0.0,0.0,0,0,1.0,7.0,1.342,1.0,0.0,0.0,0.0,0.0,0.0,0.0,0.0,1.0,0.0,0.0,2.0,13.0,0.0,0.0,0.0,0.604,0.604,0.056485,0.930962,0.604,1.25,0.0,1.0,0.0,0.0,2.0,0.1899,0.0844,0.2954,0.0,0.1101,0.0,0.0,0.0,0.0,0.234043,0.912802,1.0,0.58967,0.0,0.0,0.4304,0.0,0.0,0.0,0.0,0.0,1.0,0.0,0.0,1.0,1.0,1.0,1.0,0.0,0.0,0.0,0.0,0.0,0.0,0.0,1.0,0.0,0.0,1.0,1.0,1.0,0.0,0.0,1.0,1.0,0.0,1.0,1.0,1.0,0.0,0.0,0.0,0.0,0.0,1.0,1.0,1.0,0.0,1.0,0.0,0.0,0.0,0.0,1.0,1.0,0.0,1.0,0.0,0.0,1.0,BET,Pass1+relabel consensus
d2205_BB_flop,0,0.0,80.0,0.0,0.0,0.0,0,0,0.0,4.0,0.98,1.0,0.0,0.0,0.0,0.0,0.0,0.0,0.0,1.0,0.0,0.0,2.0,9.0,0.0,0.0,0.0,0.411,0.411,0.216963,0.781065,0.411,1.25,0.0,1.0,0.0,0.0,2.0,0.2067,0.0238,0.5246,0.0,0.0933,0.0,0.0,0.0,0.0,0.234043,0.734292,1.0,0.610586,0.0,0.0,0.2448,0.0,1.0,0.0,0.0,0.0,0.0,0.0,0.0,1.0,1.0,1.0,0.0,0.0,0.0,0.0,0.0,0.0,0.0,0.0,1.0,0.0,0.0,1.0,1.0,1.0,0.0,0.0,1.0,1.0,1.0,0.0,0.0,1.0,0.0,0.0,0.0,0.0,0.0,1.0,1.0,1.0,0.0,1.0,0.0,0.0,0.0,0.0,1.0,1.0,1.0,0.0,0.0,1.0,1.0,CHECK,Pass1+relabel consensus
d2285_BTN_river,0,1.0,133.0,53.0,0.284946,0.398496,0,0,1.0,1.0,0.34,0.0,0.0,0.0,0.0,0.0,0.0,0.0,0.0,1.0,1.0,0.0,4.0,13.0,0.57,0.0,0.3,0.0935,0.0935,0.583529,0.282353,-0.191446,0.7519,0.0,1.0,1.0,0.0,2.0,0.848,0.0,0.152,0.0,-0.548,0.0,1.0,0.0,3.0,0.0,0.356985,0.0,0.023104,0.0,0.0,0.0,0.0,0.0,0.0,0.0,1.0,1.0,0.0,0.0,1.0,1.0,0.0,1.0,0.0,0.0,0.0,0.0,0.0,0.0,0.0,0.0,0.0,0.0,0.0,0.0,1.0,0.0,1.0,1.0,1.0,1.0,1.0,0.0,0.0,0.0,1.0,0.0,0.0,0.0,1.0,1.0,1.0,0.0,1.0,0.0,1.0,0.0,0.0,0.0,1.0,1.0,0.0,0.0,0.0,1.0,FOLD,Pass1+relabel consensus
d2285_CO_flop,0,0.0,80.0,0.0,0.0,0.0,0,0,0.0,6.0,1.334,1.0,0.0,0.0,0.0,0.0,0.0,0.0,0.0,1.0,0.0,0.0,2.0,13.0,0.0,0.0,0.0,0.596,0.596,0.152284,0.847716,0.596,1.25,0.0,0.0,0.0,1.0,2.0,0.2201,0.0,0.3553,1.0,0.0799,0.0,0.0,0.0,0.0,0.234043,0.768418,1.0,0.608244,0.0,0.0,0.4245,0.0,0.0,0.0,0.0,0.0,0.0,0.0,0.0,1.0,1.0,0.0,1.0,0.0,0.0,0.0,0.0,0.0,0.0,0.0,1.0,0.0,0.0,1.0,1.0,1.0,0.0,0.0,0.0,1.0,0.0,1.0,0.0,0.0,0.0,0.0,0.0,0.0,0.0,1.0,1.0,1.0,1.0,1.0,0.0,0.0,0.0,0.0,1.0,1.0,1.0,1.0,0.0,1.0,1.0,BET,Pass1+relabel consensus
d2285_CO_river,0,0.0,80.0,0.0,0.0,0.0,0,0,0.0,11.0,3.13,1.0,1.0,1.0,0.0,0.0,0.0,0.0,0.0,1.0,1.0,0.0,4.0,13.0,0.57,0.0,0.3,0.775,0.775,0.083333,0.908046,0.775,1.25,0.0,0.0,1.0,1.0,2.0,0.7642,0.0,0.2358,1.0,-0.4642,0.0,0.0,0.0,0.0,0.0,0.83508,1.0,0.055602,0.0,0.0,0.0,0.0,1.0,0.0,0.0,0.0,1.0,0.0,0.0,1.0,1.0,1.0,1.0,1.0,1.0,0.0,0.0,0.0,0.0,0.0,1.0,1.0,0.0,1.0,1.0,1.0,0.0,0.0,1.0,1.0,1.0,1.0,0.0,1.0,0.0,0.0,1.0,0.0,0.0,1.0,1.0,1.0,0.0,0.0,0.0,0.0,0.0,0.0,0.0,1.0,0.0,1.0,0.0,0.0,1.0,BET,Pass1+relabel consensus
d2368_BB_river,0,0.0,80.0,0.0,0.0,0.0,0,0,0.0,0.0,0.2,0.0,0.0,0.0,0.0,1.0,4.0,0.0,0.0,1.0,0.0,0.0,5.0,13.0,0.42,0.0,0.3,0.00525,0.00525,0.88913,0.091304,0.00525,1.25,0.0,1.0,1.0,0.0,2.0,0.213,0.0,0.3498,0.0,0.087,0.0,0.0,0.137143,0.0,0.0,0.195412,0.0,0.619369,10.0,0.0,0.4372,0.0,0.0,0.0,0.0,0.0,0.0,0.0,0.0,1.0,1.0,1.0,1.0,0.0,0.0,0.0,0.0,0.0,0.0,0.0,0.0,0.0,0.0,0.0,0.0,1.0,0.0,0.0,1.0,1.0,0.0,1.0,0.0,0.0,0.0,0.0,1.0,0.0,0.0,1.0,1.0,1.0,1.0,0.0,0.0,0.0,1.0,1.0,0.0,1.0,1.0,1.0,1.0,0.0,1.0,CHECK,Pass1+relabel consensus
d2368_BTN_flop,0,0.0,80.0,0.0,0.0,0.0,0,0,1.0,0.0,0.16,0.0,0.0,0.0,0.0,0.0,0.0,0.0,1.0,0.0,0.0,0.0,2.0,13.0,0.25,0.25,0.0,0.10625,0.10625,0.949597,0.032258,0.10625,1.25,0.0,1.0,0.0,0.0,2.0,0.1494,0.0636,0.3577,0.0,0.1506,0.0,0.0,0.0,0.0,0.0,0.334777,0.0,0.670433,0.0,0.0,0.4293,0.0,0.0,0.0,0.0,0.0,0.0,0.0,0.0,1.0,1.0,1.0,1.0,0.0,0.0,0.0,0.0,0.0,0.0,1.0,0.0,0.0,0.0,0.0,0.0,0.0,1.0,0.0,1.0,1.0,0.0,1.0,0.0,1.0,0.0,1.0,0.0,0.0,1.0,1.0,1.0,1.0,0.0,1.0,0.0,0.0,0.0,1.0,0.0,1.0,1.0,1.0,0.0,1.0,1.0,CHECK,Pass1+relabel consensus
d2368_BTN_turn,0,0.0,80.0,0.0,0.0,0.0,0,0,1.0,5.0,1.16,1.0,0.0,0.0,0.0,0.0,0.0,0.0,0.0,1.0,0.0,0.0,2.0,13.0,0.08,0.0,0.0,0.261,0.261,0.404612,0.582809,0.261,1.25,0.0,1.0,1.0,0.0,2.0,0.1812,0.0636,0.3021,0.0,0.1188,0.0,0.0,0.0,0.0,0.304348,0.547987,1.0,0.619369,0.0,0.0,0.4531,0.0,0.0,0.0,0.0,0.0,0.0,0.0,0.0,1.0,1.0,1.0,1.0,0.0,0.0,0.0,0.0,0.0,0.0,0.0,0.0,0.0,0.0,0.0,0.0,1.0,0.0,1.0,1.0,1.0,1.0,0.0,0.0,0.0,0.0,0.0,1.0,0.0,1.0,1.0,1.0,1.0,1.0,0.0,0.0,0.0,0.0,0.0,1.0,1.0,1.0,1.0,0.0,0.0,1.0,CHECK,Pass1+relabel consensus
d2410_BB_flop,0,0.0,80.0,0.0,0.0,0.0,0,0,0.0,4.0,0.97,1.0,0.0,0.0,0.0,0.0,0.0,0.0,1.0,0.0,0.0,0.0,2.0,11.0,0.25,0.25,0.0,0.305,0.305,0.342466,0.655577,0.305,1.25,0.0,1.0,0.0,0.0,2.0,0.2067,0.0795,0.4531,0.0,0.0933,0.0,0.0,0.0,0.0,0.234043,0.625585,1.0,0.567838,7.0,0.0,0.2607,1.0,1.0,0.0,0.0,0.0,0.0,0.0,0.0,1.0,1.0,1.0,1.0,0.0,0.0,0.0,0.0,0.0,0.0,1.0,0.0,0.0,0.0,0.0,0.0,1.0,1.0,0.0,1.0,1.0,1.0,1.0,0.0,0.0,0.0,0.0,0.0,0.0,1.0,1.0,1.0,1.0,0.0,1.0,0.0,0.0,0.0,0.0,0.0,1.0,1.0,0.0,0.0,0.0,1.0,CHECK,Pass1+relabel consensus
d2410_BTN_turn,0,0.0,80.0,0.0,0.0,0.0,0,0,1.0,2.0,0.44,0.0,0.0,0.0,0.0,0.0,0.0,0.0,1.0,0.0,0.0,0.0,2.0,11.0,0.5954,0.5154,0.0,0.095,0.095,0.623288,0.358447,0.095,1.25,0.0,1.0,1.0,0.0,2.0,0.2544,0.1431,0.2862,0.0,0.0456,0.0,0.0,0.0,6.0,0.0,0.254751,0.0,0.454343,0.0,0.0,0.3164,0.0,0.0,0.0,0.0,0.0,0.0,0.0,0.0,1.0,1.0,1.0,1.0,0.0,0.0,0.0,0.0,0.0,0.0,1.0,0.0,0.0,0.0,1.0,0.0,1.0,1.0,1.0,0.0,1.0,0.0,1.0,0.0,1.0,0.0,1.0,1.0,0.0,0.0,1.0,1.0,1.0,0.0,1.0,0.0,0.0,0.0,1.0,1.0,1.0,1.0,1.0,0.0,1.0,1.0,CHECK,Pass1+relabel consensus
d2511_BB_river,0,0.0,80.0,0.0,0.0,0.0,0,0,0.0,14.0,5.11,1.0,1.0,0.0,0.0,0.0,0.0,0.0,1.0,0.0,0.0,0.0,4.0,13.0,0.7564,0.4864,0.3,0.942,0.942,0.025974,0.974026,0.942,1.25,0.0,1.0,1.0,0.0,2.0,0.213,0.0,0.3418,0.0,0.087,0.0,0.0,0.189573,0.0,0.0,0.757601,1.0,0.619369,11.0,0.0,0.4452,0.0,0.0,0.0,0.0,0.0,0.0,0.0,0.0,1.0,1.0,1.0,1.0,1.0,0.0,0.0,0.0,0.0,0.0,0.0,0.0,0.0,0.0,1.0,1.0,1.0,1.0,0.0,1.0,1.0,1.0,1.0,0.0,1.0,0.0,1.0,1.0,0.0,0.0,1.0,1.0,1.0,1.0,1.0,0.0,0.0,1.0,0.0,0.0,1.0,0.0,1.0,0.0,0.0,1.0,BET,Pass1+relabel consensus
d2511_BTN_turn,0,0.0,80.0,0.0,0.0,0.0,0,0,1.0,5.0,1.17,1.0,0.0,0.0,0.0,0.0,0.0,0.0,1.0,0.0,0.0,0.0,2.0,13.0,0.5954,0.5154,0.0,0.17875,0.17875,0.480519,0.506494,0.17875,1.25,0.0,1.0,1.0,0.0,2.0,0.2067,0.0159,0.3418,0.0,0.0933,0.0,0.0,0.0,0.0,0.304348,0.683041,1.0,0.616775,0.0,0.0,0.4356,0.0,1.0,0.0,0.0,0.0,1.0,0.0,0.0,1.0,1.0,1.0,1.0,0.0,0.0,0.0,0.0,0.0,0.0,0.0,0.0,0.0,0.0,0.0,0.0,1.0,1.0,0.0,1.0,1.0,0.0,0.0,0.0,1.0,0.0,1.0,0.0,0.0,0.0,1.0,1.0,1.0,1.0,1.0,0.0,0.0,0.0,0.0,1.0,1.0,1.0,0.0,0.0,0.0,1.0,CHECK,Pass1+relabel consensus
d2511_CO_river,0,1.0,133.0,53.0,0.284946,0.398496,0,0,0.0,10.0,2.6675,1.0,1.0,0.0,0.0,0.0,0.0,0.0,1.0,0.0,0.0,0.0,4.0,13.0,0.7564,0.4864,0.3,0.7515,0.7515,0.09863,0.89589,0.466554,0.7519,0.0,0.0,1.0,1.0,2.0,0.6714,0.0,0.2559,1.0,-0.3714,0.0,1.0,0.0,0.0,0.0,0.609962,1.0,0.107978,0.0,0.0,0.0728,1.0,1.0,0.0,0.0,1.0,1.0,0.0,0.0,1.0,1.0,1.0,1.0,1.0,0.0,0.0,0.0,0.0,0.0,1.0,0.0,0.0,0.0,0.0,0.0,1.0,1.0,0.0,1.0,1.0,1.0,1.0,1.0,1.0,0.0,0.0,0.0,0.0,0.0,1.0,1.0,1.0,0.0,0.0,0.0,1.0,0.0,0.0,0.0,1.0,1.0,1.0,0.0,0.0,1.0,CALL,Pass1+relabel consensus
d2788_UTG_flop,0,0.0,80.0,0.0,0.0,0.0,0,0,0.0,8.0,1.334,1.0,0.0,0.0,0.0,0.0,0.0,0.0,0.0,1.0,0.0,0.0,7.0,12.0,0.5,0.0,0.5,0.5035,0.5035,0.135977,0.832861,0.5035,1.25,0.0,0.0,0.0,1.0,2.0,0.2745,0.0784,0.2549,1.0,0.0255,0.0,0.0,0.0,3.0,0.234043,0.755895,1.0,0.471008,0.0,0.0,0.3922,0.0,0.0,0.0,0.0,0.0,0.0,0.0,0.0,1.0,1.0,1.0,1.0,0.0,0.0,0.0,0.0,0.0,0.0,0.0,0.0,0.0,0.0,1.0,1.0,1.0,0.0,1.0,1.0,1.0,0.0,1.0,1.0,1.0,0.0,0.0,0.0,1.0,0.0,1.0,1.0,1.0,1.0,0.0,0.0,0.0,0.0,0.0,1.0,1.0,1.0,1.0,0.0,1.0,1.0,BET,Pass1+relabel consensus
d2833_BB_river,0,0.0,80.0,0.0,0.0,0.0,0,0,0.0,10.0,2.615,1.0,1.0,0.0,0.0,0.0,0.0,0.0,0.0,1.0,1.0,0.0,5.0,12.0,0.57,0.0,0.3,0.80325,0.80325,0.093478,0.893478,0.80325,1.25,0.0,1.0,1.0,0.0,2.0,0.4913,0.0,0.5087,0.0,-0.1913,0.0,0.0,0.075829,3.0,0.0,0.887731,1.0,0.258776,12.0,0.0,0.0,0.0,0.0,0.0,0.0,0.0,0.0,0.0,0.0,1.0,1.0,1.0,1.0,1.0,0.0,0.0,0.0,0.0,0.0,0.0,0.0,1.0,0.0,0.0,0.0,1.0,0.0,0.0,1.0,1.0,1.0,1.0,0.0,1.0,0.0,0.0,1.0,0.0,1.0,1.0,1.0,1.0,0.0,1.0,0.0,0.0,1.0,0.0,1.0,1.0,0.0,1.0,0.0,0.0,1.0,BET,Pass1+relabel consensus
d2833_BTN_flop,0,0.0,80.0,0.0,0.0,0.0,0,0,1.0,7.0,1.333,1.0,0.0,0.0,0.0,0.0,0.0,0.0,1.0,0.0,0.0,0.0,4.0,12.0,0.45,0.25,0.3,0.56625,0.56625,0.048682,0.939148,0.56625,1.25,0.0,1.0,0.0,0.0,2.0,0.1335,0.4372,0.1272,0.0,0.1665,0.0,0.0,0.0,3.0,0.234043,0.92516,1.0,0.419774,0.0,0.0,0.3021,0.0,0.0,0.0,0.0,0.0,0.0,0.0,0.0,1.0,1.0,1.0,1.0,0.0,0.0,0.0,0.0,0.0,0.0,1.0,0.0,0.0,0.0,1.0,1.0,1.0,1.0,1.0,1.0,1.0,1.0,1.0,0.0,1.0,0.0,0.0,0.0,0.0,0.0,1.0,1.0,1.0,0.0,0.0,0.0,0.0,0.0,0.0,0.0,1.0,0.0,1.0,0.0,1.0,1.0,BET,Pass1+relabel consensus
d2833_CO_river,0,1.0,133.0,53.0,0.284946,0.398496,0,0,0.0,1.0,0.33,0.0,0.0,0.0,0.0,0.0,0.0,0.0,0.0,1.0,1.0,0.0,5.0,12.0,0.57,0.0,0.3,0.035,0.035,0.716216,0.259459,-0.249946,0.7519,0.0,0.0,1.0,1.0,2.0,0.8239,0.0,0.1761,1.0,-0.5239,0.0,1.0,0.089569,3.0,0.0,0.225472,0.0,0.031011,13.0,0.0,0.0,0.0,0.0,0.0,0.0,1.0,1.0,0.0,0.0,1.0,1.0,0.0,1.0,0.0,0.0,0.0,0.0,0.0,0.0,0.0,0.0,1.0,0.0,1.0,0.0,0.0,0.0,0.0,1.0,1.0,1.0,0.0,1.0,0.0,0.0,0.0,1.0,0.0,0.0,1.0,1.0,1.0,1.0,0.0,0.0,1.0,0.0,0.0,0.0,1.0,1.0,0.0,0.0,0.0,1.0,FOLD,Pass1+relabel consensus
d2850_BTN_flop,0,0.0,80.0,0.0,0.0,0.0,0,0,1.0,0.0,0.2,0.0,0.0,0.0,0.0,0.0,0.0,0.0,1.0,0.0,0.0,0.0,2.0,14.0,0.25,0.25,0.0,0.04025,0.04025,0.833693,0.146868,0.04025,1.25,0.0,1.0,0.0,0.0,2.0,0.1431,0.0,0.4769,0.0,0.1569,0.0,0.0,0.0,0.0,0.0,0.390841,0.0,0.734278,0.0,0.0,0.38,0.0,0.0,0.0,0.0,0.0,0.0,0.0,0.0,1.0,1.0,0.0,1.0,0.0,0.0,0.0,0.0,0.0,0.0,0.0,0.0,0.0,0.0,1.0,0.0,0.0,0.0,0.0,1.0,1.0,0.0,0.0,0.0,1.0,0.0,0.0,1.0,0.0,0.0,1.0,1.0,1.0,0.0,1.0,0.0,0.0,0.0,1.0,0.0,1.0,1.0,1.0,0.0,1.0,1.0,CHECK,Pass1+relabel consensus
d2920_BB_river,0,0.0,80.0,0.0,0.0,0.0,0,0,0.0,15.0,6.58,1.0,1.0,1.0,0.0,0.0,0.0,0.0,1.0,0.0,1.0,0.0,8.0,12.0,1.0,0.4864,0.8,0.99025,0.99025,0.002242,0.993274,0.99025,1.25,0.0,1.0,1.0,0.0,2.0,0.7059,0.0,0.2941,0.0,-0.4059,0.0,0.0,0.0,0.0,0.0,0.967351,1.0,0.086495,0.0,0.0,0.0,0.0,0.0,0.0,0.0,0.0,0.0,0.0,0.0,1.0,1.0,1.0,0.0,1.0,1.0,0.0,0.0,0.0,0.0,0.0,0.0,1.0,0.0,0.0,0.0,1.0,0.0,1.0,1.0,1.0,1.0,1.0,0.0,1.0,0.0,0.0,1.0,0.0,0.0,1.0,1.0,1.0,1.0,1.0,0.0,0.0,0.0,0.0,0.0,1.0,0.0,1.0,0.0,0.0,1.0,BET,Pass1+relabel consensus
d2920_CO_river,0,1.0,133.0,53.0,0.284946,0.398496,0,0,0.0,1.0,0.33,0.0,0.0,0.0,0.0,1.0,8.0,0.0,1.0,0.0,1.0,0.0,8.0,12.0,1.0,0.4864,0.8,0.00325,0.00325,0.916185,0.060694,-0.281696,0.7519,0.0,0.0,1.0,1.0,2.0,0.9383,0.0,0.0617,1.0,-0.6383,0.0,1.0,0.0,3.0,0.0,0.708852,0.0,0.003807,0.0,0.0,0.0,0.0,0.0,0.0,0.0,1.0,1.0,0.0,0.0,1.0,1.0,0.0,0.0,0.0,0.0,0.0,0.0,0.0,0.0,0.0,0.0,1.0,0.0,1.0,0.0,1.0,1.0,1.0,0.0,1.0,1.0,1.0,1.0,0.0,0.0,0.0,0.0,0.0,0.0,1.0,1.0,1.0,1.0,1.0,0.0,1.0,0.0,1.0,0.0,1.0,1.0,1.0,0.0,0.0,1.0,FOLD,Pass1+relabel consensus
d3036_BTN_flop,0,0.0,80.0,0.0,0.0,0.0,0,0,1.0,2.0,0.43,0.0,0.0,0.0,1.0,1.0,13.0,0.0,1.0,0.0,1.0,0.0,2.0,11.0,0.4,0.25,0.0,0.452,0.452,0.662393,0.318376,0.452,1.25,0.0,1.0,0.0,0.0,2.0,0.5676,0.027,0.4054,0.0,-0.2676,0.0,0.0,0.175182,6.0,0.382979,0.277778,0.0,0.175477,13.0,0.0,0.0,0.0,0.0,0.0,0.0,0.0,0.0,0.0,0.0,1.0,1.0,0.0,1.0,0.0,0.0,1.0,1.0,1.0,0.0,0.0,0.0,1.0,0.0,1.0,0.0,1.0,0.0,0.0,1.0,1.0,0.0,0.0,0.0,1.0,0.0,0.0,0.0,0.0,0.0,1.0,1.0,1.0,0.0,1.0,0.0,0.0,1.0,0.0,1.0,1.0,1.0,1.0,1.0,1.0,1.0,CHECK,Pass1+relabel consensus
d3178_CO_turn,0,0.0,80.0,0.0,0.0,0.0,0,0,0.0,10.0,2.7275,1.0,1.0,0.0,0.0,1.0,8.0,0.0,0.0,1.0,1.0,0.0,8.0,13.0,1.0,0.0,0.8,0.598,0.598,0.213115,0.783607,0.598,1.25,0.0,0.0,1.0,1.0,2.0,0.7956,0.0943,0.1101,1.0,-0.4956,0.0,0.0,0.054054,6.0,1.0,0.784273,1.0,0.024728,14.0,0.0,0.0,0.0,0.0,0.0,0.0,0.0,0.0,0.0,0.0,1.0,1.0,1.0,1.0,1.0,0.0,0.0,1.0,0.0,0.0,0.0,0.0,1.0,0.0,1.0,0.0,1.0,0.0,1.0,0.0,1.0,0.0,1.0,0.0,1.0,0.0,0.0,1.0,0.0,0.0,1.0,1.0,1.0,1.0,1.0,0.0,0.0,0.0,0.0,1.0,1.0,1.0,0.0,0.0,1.0,1.0,CHECK,Pass1+relabel consensus
d3409_BB_flop,0,0.0,80.0,0.0,0.0,0.0,0,0,0.0,14.0,5.14,1.0,1.0,1.0,0.0,0.0,0.0,1.0,0.0,0.0,0.0,0.0,2.0,12.0,0.5799,0.5799,0.0,0.965,0.965,0.0,1.0,0.965,1.25,0.0,1.0,0.0,0.0,2.0,0.4641,0.1055,0.0,0.0,-0.1641,0.0,0.0,0.160142,3.0,1.0,0.911903,1.0,0.233434,14.0,0.0,0.4304,0.0,1.0,0.0,0.0,0.0,0.0,0.0,0.0,1.0,1.0,1.0,1.0,1.0,1.0,0.0,0.0,0.0,1.0,0.0,0.0,0.0,0.0,0.0,1.0,0.0,0.0,0.0,1.0,1.0,0.0,1.0,0.0,1.0,0.0,1.0,0.0,0.0,0.0,1.0,1.0,1.0,1.0,0.0,0.0,0.0,1.0,0.0,0.0,1.0,0.0,1.0,1.0,0.0,1.0,BET,Pass1+relabel consensus
d3409_BB_river,0,0.0,80.0,0.0,0.0,0.0,0,0,0.0,14.0,5.14,1.0,1.0,1.0,0.0,0.0,0.0,0.0,1.0,0.0,1.0,0.0,2.0,12.0,0.7564,0.4864,0.0,0.95,0.95,0.021186,0.978814,0.95,1.25,0.0,1.0,1.0,0.0,2.0,0.6835,0.0,0.1055,0.0,-0.3835,0.0,0.0,0.16129,3.0,0.0,0.886201,1.0,0.100172,14.0,0.0,0.211,1.0,0.0,0.0,0.0,0.0,0.0,0.0,0.0,1.0,1.0,1.0,0.0,1.0,1.0,0.0,0.0,0.0,0.0,0.0,0.0,1.0,0.0,0.0,0.0,1.0,1.0,1.0,1.0,1.0,1.0,1.0,1.0,1.0,0.0,0.0,1.0,0.0,0.0,1.0,1.0,1.0,0.0,1.0,0.0,0.0,1.0,0.0,1.0,1.0,1.0,1.0,1.0,0.0,1.0,BET,Pass1+relabel consensus
d3409_HJ_river,0,1.0,133.0,53.0,0.284946,0.398496,0,0,0.0,10.0,2.605,1.0,1.0,0.0,0.0,0.0,0.0,0.0,1.0,0.0,1.0,0.0,2.0,12.0,0.7564,0.4864,0.0,0.48125,0.48125,0.251938,0.74031,0.196304,0.7519,0.0,0.0,1.0,1.0,2.0,0.9522,0.0,0.0196,1.0,-0.6522,0.0,1.0,0.0,0.0,0.0,0.632435,1.0,0.002285,0.0,0.0,0.0282,0.0,1.0,0.0,0.0,1.0,1.0,0.0,0.0,1.0,1.0,0.0,0.0,1.0,0.0,0.0,0.0,0.0,0.0,0.0,0.0,0.0,0.0,0.0,0.0,1.0,1.0,0.0,1.0,1.0,1.0,1.0,1.0,1.0,0.0,0.0,0.0,0.0,0.0,1.0,1.0,1.0,1.0,1.0,0.0,1.0,0.0,0.0,0.0,1.0,1.0,0.0,0.0,0.0,1.0,CALL,Pass1+relabel consensus
d3456_BTN_turn,0,0.0,80.0,0.0,0.0,0.0,0,0,1.0,6.0,1.344,1.0,0.0,0.0,1.0,1.0,13.0,0.0,0.0,1.0,0.0,0.0,5.0,14.0,0.38,0.0,0.3,0.652,0.652,0.202733,0.783599,0.652,1.25,0.0,1.0,1.0,0.0,2.0,0.2095,0.0,0.3851,0.0,0.0905,0.0,0.0,0.139738,0.0,0.543478,0.751819,1.0,0.62489,14.0,0.0,0.4054,0.0,0.0,0.0,0.0,0.0,0.0,0.0,0.0,1.0,1.0,1.0,1.0,1.0,0.0,1.0,1.0,1.0,0.0,0.0,0.0,0.0,0.0,0.0,0.0,1.0,0.0,0.0,1.0,1.0,0.0,0.0,0.0,0.0,0.0,0.0,0.0,0.0,0.0,1.0,1.0,1.0,0.0,0.0,0.0,0.0,1.0,0.0,1.0,1.0,1.0,1.0,1.0,0.0,1.0,BET,Pass1+relabel consensus
d3456_UTG_river,0,0.0,80.0,0.0,0.0,0.0,0,0,0.0,0.0,0.23,0.0,0.0,0.0,0.0,0.0,0.0,0.0,1.0,0.0,1.0,0.0,5.0,14.0,0.9064,0.4864,0.3,0.02025,0.02025,0.793872,0.16156,0.02025,1.25,0.0,0.0,1.0,1.0,2.0,0.7255,0.0,0.2745,1.0,-0.4255,0.0,0.0,0.0,0.0,0.0,0.12615,0.0,0.07535,0.0,0.0,0.0,0.0,0.0,0.0,0.0,0.0,1.0,0.0,0.0,1.0,1.0,0.0,1.0,0.0,0.0,0.0,0.0,0.0,0.0,0.0,0.0,1.0,0.0,0.0,1.0,0.0,1.0,0.0,1.0,1.0,1.0,0.0,0.0,0.0,0.0,0.0,0.0,0.0,0.0,1.0,1.0,1.0,0.0,0.0,0.0,0.0,0.0,1.0,0.0,1.0,1.0,1.0,0.0,0.0,1.0,CHECK,Pass1+relabel consensus
d3642_BB_flop,0,0.0,80.0,0.0,0.0,0.0,0,0,0.0,2.0,0.44,0.0,0.0,0.0,0.0,0.0,0.0,0.0,1.0,0.0,0.0,0.0,7.0,6.0,0.65,0.25,0.5,0.28025,0.28025,0.333333,0.648485,0.28025,1.25,0.0,1.0,0.0,0.0,2.0,0.2532,0.0,0.6751,0.0,0.0468,0.0,0.0,0.0,6.0,0.0,0.700074,0.0,0.55771,0.0,0.0,0.0717,0.0,0.0,0.0,0.0,0.0,0.0,0.0,0.0,1.0,0.0,0.0,1.0,0.0,0.0,0.0,0.0,0.0,0.0,0.0,0.0,0.0,0.0,1.0,0.0,0.0,1.0,1.0,1.0,1.0,0.0,0.0,0.0,1.0,0.0,0.0,0.0,0.0,1.0,1.0,1.0,1.0,0.0,1.0,0.0,0.0,0.0,1.0,0.0,1.0,1.0,1.0,0.0,1.0,1.0,CHECK,Pass1+relabel consensus
d3642_BTN_flop,0,0.0,80.0,0.0,0.0,0.0,0,0,1.0,6.0,1.267,1.0,0.0,0.0,1.0,1.0,13.0,0.0,1.0,0.0,0.0,0.0,7.0,6.0,0.65,0.25,0.5,0.619,0.619,0.162055,0.826087,0.619,1.25,0.0,1.0,0.0,0.0,2.0,0.2532,0.0,0.6751,0.0,0.0468,0.0,0.0,0.0,3.0,0.489362,0.825103,1.0,0.55771,7.0,0.0,0.0717,0.0,0.0,0.0,0.0,0.0,0.0,0.0,0.0,1.0,1.0,1.0,1.0,0.0,0.0,1.0,1.0,1.0,0.0,1.0,0.0,0.0,0.0,1.0,0.0,1.0,1.0,1.0,1.0,1.0,0.0,1.0,0.0,1.0,0.0,0.0,0.0,0.0,0.0,1.0,1.0,1.0,0.0,0.0,1.0,0.0,1.0,0.0,1.0,1.0,0.0,1.0,1.0,0.0,1.0,BET,Pass1+relabel consensus
d3642_BTN_turn,0,0.0,80.0,0.0,0.0,0.0,0,0,1.0,13.0,4.07,1.0,1.0,1.0,0.0,0.0,0.0,0.0,0.0,1.0,0.0,0.0,10.0,6.0,0.88,0.0,0.8,0.853,0.853,0.024291,0.892713,0.853,1.25,0.0,1.0,1.0,0.0,2.0,0.3671,0.3586,0.211,0.0,-0.0671,0.0,0.0,0.0,3.0,1.0,0.946422,1.0,0.205753,7.0,0.0,0.0633,0.0,0.0,0.0,0.0,0.0,0.0,0.0,0.0,1.0,1.0,1.0,1.0,1.0,1.0,0.0,0.0,0.0,0.0,0.0,0.0,0.0,0.0,1.0,0.0,1.0,0.0,1.0,1.0,1.0,1.0,1.0,0.0,1.0,0.0,0.0,0.0,0.0,0.0,1.0,1.0,1.0,0.0,0.0,0.0,0.0,0.0,0.0,1.0,1.0,0.0,1.0,0.0,0.0,1.0,BET,Pass1+relabel consensus
d3687_BTN_turn,0,1.0,133.0,53.0,0.284946,0.398496,0,0,1.0,1.0,0.32,0.0,0.0,0.0,1.0,1.0,13.0,0.0,0.0,1.0,1.0,0.0,2.0,11.0,0.38,0.0,0.0,0.19075,0.19075,0.754881,0.180043,-0.094196,0.7519,0.0,1.0,1.0,0.0,2.0,0.7289,0.0231,0.248,0.0,-0.4289,0.0,1.0,0.120385,3.0,0.391304,0.172414,0.0,0.067366,12.0,0.0,0.0,0.0,1.0,0.0,0.0,1.0,1.0,0.0,0.0,1.0,1.0,0.0,0.0,0.0,0.0,0.0,0.0,1.0,0.0,0.0,0.0,1.0,0.0,0.0,0.0,0.0,0.0,0.0,1.0,1.0,1.0,1.0,1.0,1.0,0.0,0.0,0.0,0.0,0.0,1.0,1.0,1.0,1.0,0.0,0.0,1.0,1.0,0.0,1.0,1.0,0.0,1.0,1.0,0.0,1.0,FOLD,Pass1+relabel consensus
d3687_HJ_flop,0,0.0,80.0,0.0,0.0,0.0,0,0,0.0,11.0,3.08,1.0,1.0,1.0,0.0,0.0,0.0,0.0,1.0,0.0,1.0,0.0,2.0,11.0,0.4,0.25,0.0,0.7825,0.7825,0.027344,0.96875,0.7825,1.25,0.0,0.0,0.0,1.0,2.0,0.5749,0.0348,0.3902,1.0,-0.2749,0.0,0.0,0.0,3.0,1.0,0.972266,1.0,0.166219,0.0,0.0,0.0,0.0,0.0,0.0,0.0,0.0,0.0,0.0,0.0,1.0,1.0,0.0,0.0,1.0,1.0,0.0,0.0,0.0,0.0,0.0,0.0,1.0,0.0,0.0,0.0,1.0,1.0,0.0,1.0,1.0,1.0,1.0,0.0,1.0,0.0,0.0,0.0,0.0,1.0,1.0,1.0,1.0,0.0,0.0,0.0,0.0,0.0,0.0,1.0,1.0,0.0,1.0,0.0,1.0,1.0,BET,Pass1+relabel consensus
d3687_HJ_turn,0,0.0,80.0,0.0,0.0,0.0,0,0,0.0,16.0,7.08,1.0,1.0,1.0,0.0,0.0,0.0,0.0,0.0,1.0,1.0,0.0,2.0,11.0,0.38,0.0,0.0,0.998,0.998,0.0,1.0,0.998,1.25,0.0,0.0,1.0,1.0,2.0,0.5749,0.0348,0.3902,1.0,-0.2749,0.0,0.0,0.0,3.0,1.0,0.993937,1.0,0.166219,0.0,0.0,0.0,0.0,0.0,0.0,0.0,0.0,0.0,0.0,0.0,1.0,1.0,1.0,1.0,1.0,1.0,0.0,0.0,0.0,0.0,0.0,0.0,1.0,0.0,0.0,0.0,1.0,0.0,0.0,1.0,1.0,0.0,1.0,0.0,1.0,0.0,0.0,1.0,0.0,1.0,1.0,1.0,1.0,1.0,0.0,0.0,0.0,0.0,0.0,0.0,1.0,1.0,1.0,0.0,1.0,1.0,CHECK,Pass1+relabel consensus
d4211_BB_turn,0,0.0,80.0,0.0,0.0,0.0,0,0,0.0,11.0,3.09,1.0,1.0,1.0,0.0,0.0,0.0,0.0,0.0,1.0,1.0,0.0,4.0,9.0,0.53,0.0,0.3,0.86425,0.86425,0.019956,0.973392,0.86425,1.25,0.0,1.0,1.0,0.0,2.0,0.4304,0.0422,0.5274,0.0,-0.1304,0.0,0.0,0.0,3.0,1.0,0.97669,1.0,0.300852,0.0,0.0,0.0,0.0,0.0,0.0,0.0,0.0,0.0,0.0,0.0,1.0,1.0,1.0,1.0,1.0,1.0,0.0,0.0,0.0,0.0,0.0,0.0,1.0,0.0,0.0,0.0,1.0,0.0,0.0,1.0,1.0,1.0,1.0,0.0,1.0,0.0,0.0,1.0,0.0,0.0,1.0,1.0,1.0,1.0,0.0,1.0,0.0,0.0,1.0,1.0,1.0,0.0,1.0,0.0,0.0,1.0,BET,Pass1+relabel consensus
d4211_BTN_turn,0,1.0,186.0,53.0,0.221757,0.284946,0,0,1.0,2.0,0.43,0.0,0.0,0.0,0.0,0.0,0.0,0.0,0.0,1.0,1.0,0.0,4.0,9.0,0.53,0.0,0.3,0.08375,0.08375,0.652079,0.328228,-0.138007,0.5376,0.0,1.0,1.0,0.0,2.0,0.6732,0.0489,0.2779,0.0,-0.3732,0.0,1.0,0.0,6.0,0.130435,0.306874,0.0,0.091416,0.0,0.0,0.0,0.0,1.0,0.0,0.0,1.0,1.0,0.0,0.0,1.0,0.0,0.0,0.0,0.0,0.0,0.0,0.0,0.0,0.0,0.0,0.0,1.0,0.0,0.0,0.0,1.0,0.0,1.0,1.0,1.0,1.0,0.0,1.0,0.0,0.0,0.0,0.0,0.0,0.0,1.0,1.0,1.0,1.0,1.0,0.0,1.0,0.0,1.0,1.0,1.0,1.0,1.0,0.0,0.0,1.0,FOLD,Pass1+relabel consensus
d4211_HJ_turn,0,1.0,133.0,53.0,0.284946,0.398496,0,0,0.0,2.0,0.44,0.0,0.0,0.0,1.0,0.0,9.0,0.0,0.0,1.0,1.0,0.0,4.0,9.0,0.53,0.0,0.3,0.40475,0.40475,0.401674,0.560669,0.119804,0.7519,0.0,0.0,1.0,1.0,2.0,0.7456,0.0552,0.1991,1.0,-0.4456,0.0,1.0,0.024931,6.0,0.326087,0.536131,0.0,0.051438,14.0,0.0,0.0,0.0,0.0,0.0,0.0,1.0,0.0,0.0,0.0,1.0,1.0,0.0,0.0,0.0,0.0,1.0,0.0,1.0,0.0,0.0,0.0,1.0,0.0,0.0,0.0,0.0,0.0,0.0,1.0,1.0,1.0,0.0,1.0,1.0,0.0,0.0,0.0,0.0,0.0,1.0,1.0,1.0,0.0,0.0,0.0,1.0,1.0,1.0,1.0,1.0,0.0,1.0,1.0,0.0,1.0,CALL,Pass1+relabel consensus
d4294_BB_river,0,0.0,80.0,0.0,0.0,0.0,0,0,0.0,0.0,0.21,0.0,0.0,0.0,0.0,1.0,4.0,0.0,1.0,0.0,1.0,0.0,2.0,14.0,0.7564,0.4864,0.0,0.0045,0.0045,0.880184,0.062212,0.0045,1.25,0.0,1.0,1.0,0.0,2.0,0.7456,0.0,0.2544,0.0,-0.4456,0.0,0.0,0.0,0.0,0.0,0.0,0.0,0.064719,0.0,0.0,0.0,0.0,0.0,0.0,0.0,0.0,1.0,1.0,0.0,1.0,1.0,1.0,1.0,0.0,0.0,0.0,0.0,0.0,0.0,0.0,0.0,1.0,0.0,0.0,0.0,1.0,1.0,0.0,1.0,1.0,1.0,1.0,0.0,0.0,0.0,0.0,0.0,0.0,0.0,1.0,1.0,1.0,0.0,1.0,0.0,0.0,0.0,1.0,0.0,1.0,1.0,1.0,0.0,1.0,1.0,CHECK,Pass1+relabel consensus
d4312_CO_turn,0,0.0,80.0,0.0,0.0,0.0,0,0,0.0,6.0,1.333,1.0,0.0,0.0,0.0,0.0,0.0,0.0,0.0,1.0,0.0,0.0,2.0,13.0,0.08,0.0,0.0,0.50825,0.50825,0.1875,0.8125,0.50825,1.25,0.0,0.0,1.0,1.0,2.0,0.2673,0.0,0.283,1.0,0.0327,0.0,0.0,0.0,0.0,0.304348,0.734193,1.0,0.536849,0.0,0.0,0.4497,0.0,0.0,0.0,0.0,0.0,1.0,0.0,0.0,1.0,1.0,1.0,1.0,1.0,0.0,0.0,0.0,0.0,0.0,0.0,0.0,0.0,0.0,0.0,0.0,1.0,0.0,1.0,0.0,1.0,1.0,1.0,0.0,0.0,0.0,0.0,1.0,0.0,0.0,1.0,1.0,1.0,1.0,0.0,0.0,0.0,0.0,0.0,1.0,1.0,1.0,1.0,0.0,1.0,1.0,CHECK,"Pass 2 + SOLVER override (was Pass 2 BET, solver said CHECK)"
d4389_CO_river,0,0.0,80.0,0.0,0.0,0.0,0,0,0.0,10.0,2.7125,1.0,1.0,0.0,0.0,0.0,0.0,0.0,1.0,0.0,1.0,0.0,7.0,14.0,0.92,0.4864,0.5,0.04925,0.04925,0.728395,0.268519,0.04925,1.25,0.0,0.0,1.0,1.0,2.0,0.8491,0.0,0.1509,1.0,-0.5491,0.0,0.0,0.0,0.0,0.0,0.043611,1.0,0.022771,5.0,0.0,0.0,0.0,0.0,0.0,0.0,0.0,0.0,0.0,0.0,1.0,1.0,1.0,0.0,1.0,0.0,0.0,0.0,0.0,0.0,0.0,0.0,1.0,0.0,0.0,0.0,0.0,1.0,1.0,0.0,1.0,1.0,0.0,0.0,1.0,0.0,0.0,1.0,0.0,0.0,1.0,1.0,1.0,1.0,1.0,0.0,0.0,0.0,0.0,0.0,1.0,1.0,0.0,0.0,0.0,1.0,CHECK,Pass1+relabel consensus
d4472_BB_flop,0,0.0,80.0,0.0,0.0,0.0,0,0,0.0,4.0,1.01,1.0,0.0,0.0,0.0,0.0,0.0,0.0,1.0,0.0,0.0,0.0,4.0,12.0,0.45,0.25,0.3,0.5135,0.5135,0.181996,0.816047,0.5135,1.25,0.0,1.0,0.0,0.0,2.0,0.1335,0.0159,0.5485,0.0,0.1665,0.0,0.0,0.062305,0.0,0.234043,0.723502,1.0,0.737108,11.0,0.0,0.3021,0.0,0.0,0.0,0.0,0.0,0.0,0.0,0.0,1.0,1.0,1.0,1.0,0.0,0.0,0.0,0.0,0.0,0.0,1.0,0.0,0.0,0.0,1.0,0.0,1.0,1.0,1.0,1.0,1.0,1.0,1.0,0.0,1.0,0.0,0.0,0.0,0.0,1.0,1.0,1.0,1.0,0.0,1.0,0.0,0.0,1.0,0.0,0.0,1.0,1.0,1.0,0.0,0.0,1.0,CHECK,Pass1+relabel consensus
d4472_BTN_turn,0,0.0,80.0,0.0,0.0,0.0,0,0,1.0,0.0,0.15,0.0,0.0,0.0,0.0,1.0,8.0,0.0,0.0,1.0,0.0,0.0,4.0,12.0,0.38,0.0,0.3,0.19025,0.19025,0.993865,0.0,0.19025,1.25,0.0,1.0,1.0,0.0,2.0,0.1653,0.0477,0.4054,0.0,0.1347,0.0,0.0,0.0,0.0,0.173913,0.312995,0.0,0.657478,0.0,0.0,0.3816,0.0,0.0,0.0,0.0,0.0,1.0,0.0,0.0,1.0,0.0,0.0,0.0,0.0,0.0,0.0,1.0,1.0,0.0,0.0,0.0,0.0,0.0,1.0,0.0,0.0,0.0,1.0,0.0,1.0,0.0,0.0,1.0,1.0,0.0,1.0,1.0,0.0,0.0,1.0,1.0,1.0,1.0,1.0,0.0,0.0,1.0,0.0,1.0,1.0,1.0,1.0,1.0,0.0,1.0,CHECK,Pass1+relabel consensus
d4534_BB_flop,0,0.0,80.0,0.0,0.0,0.0,0,0,0.0,10.0,2.72,1.0,1.0,0.0,0.0,0.0,0.0,0.0,1.0,0.0,0.0,0.0,4.0,14.0,0.45,0.25,0.3,0.80875,0.80875,0.01087,0.980435,0.80875,1.25,0.0,1.0,0.0,0.0,2.0,0.1688,0.2743,0.1055,0.0,0.1312,0.0,0.0,0.0,0.0,1.0,0.923229,1.0,0.481705,0.0,0.0,0.4515,0.0,0.0,0.0,0.0,0.0,0.0,0.0,0.0,1.0,1.0,1.0,1.0,1.0,0.0,0.0,0.0,0.0,0.0,0.0,0.0,0.0,0.0,1.0,0.0,1.0,1.0,0.0,1.0,1.0,0.0,1.0,0.0,1.0,0.0,1.0,0.0,0.0,1.0,1.0,1.0,1.0,1.0,1.0,0.0,0.0,0.0,0.0,1.0,1.0,0.0,1.0,0.0,0.0,1.0,BET,Pass1+relabel consensus
d4534_BB_turn,0,0.0,80.0,0.0,0.0,0.0,0,0,0.0,10.0,2.72,1.0,1.0,0.0,0.0,0.0,0.0,0.0,0.0,1.0,0.0,0.0,5.0,14.0,0.38,0.0,0.3,0.86175,0.86175,0.017897,0.973154,0.86175,1.25,0.0,1.0,1.0,0.0,2.0,0.211,0.2743,0.1055,0.0,0.089,0.0,0.0,0.0,0.0,1.0,0.911129,1.0,0.424908,0.0,0.0,0.4093,0.0,0.0,0.0,0.0,0.0,1.0,0.0,0.0,1.0,1.0,1.0,1.0,1.0,0.0,0.0,0.0,0.0,0.0,0.0,0.0,0.0,0.0,0.0,0.0,1.0,1.0,1.0,1.0,1.0,1.0,1.0,0.0,1.0,0.0,0.0,0.0,0.0,0.0,1.0,1.0,1.0,1.0,1.0,0.0,0.0,0.0,0.0,1.0,1.0,0.0,1.0,0.0,1.0,1.0,BET,Pass1+relabel consensus
d4594_BTN_flop,0,0.0,80.0,0.0,0.0,0.0,0,0,1.0,1.0,0.33,0.0,0.0,0.0,0.0,0.0,0.0,0.0,1.0,0.0,0.0,0.0,2.0,12.0,0.25,0.25,0.0,0.13925,0.13925,0.700624,0.286902,0.13925,1.25,0.0,1.0,0.0,0.0,2.0,0.1772,0.0,0.4852,0.0,0.1228,0.0,0.0,0.0,3.0,0.0,0.477694,0.0,0.677,0.0,0.0,0.3376,0.0,0.0,0.0,0.0,0.0,0.0,0.0,0.0,1.0,1.0,0.0,1.0,0.0,0.0,0.0,0.0,0.0,0.0,1.0,0.0,0.0,0.0,1.0,0.0,0.0,1.0,0.0,0.0,1.0,0.0,0.0,0.0,1.0,0.0,1.0,0.0,0.0,0.0,1.0,1.0,1.0,1.0,1.0,0.0,0.0,0.0,1.0,1.0,1.0,1.0,1.0,0.0,1.0,1.0,CHECK,Pass1+relabel consensus
d4594_HJ_river,0,0.0,80.0,0.0,0.0,0.0,0,0,0.0,0.0,0.17,0.0,0.0,0.0,0.0,1.0,4.0,0.0,0.0,1.0,0.0,0.0,7.0,13.0,0.62,0.0,0.5,0.00025,0.00025,0.97541,0.012295,0.00025,1.25,0.0,0.0,1.0,1.0,2.0,0.3763,0.0,0.115,1.0,-0.0763,0.0,0.0,0.0,0.0,0.0,0.009251,0.0,0.389002,0.0,0.0,0.5087,1.0,0.0,0.0,0.0,0.0,0.0,0.0,0.0,1.0,0.0,1.0,1.0,0.0,0.0,0.0,0.0,0.0,0.0,0.0,0.0,0.0,0.0,0.0,0.0,1.0,0.0,1.0,1.0,1.0,1.0,1.0,1.0,1.0,0.0,0.0,1.0,0.0,0.0,1.0,1.0,1.0,1.0,0.0,0.0,0.0,0.0,1.0,0.0,1.0,1.0,1.0,0.0,0.0,1.0,CHECK,Pass1+relabel consensus
d4594_HJ_turn,0,0.0,80.0,0.0,0.0,0.0,0,0,0.0,0.0,0.17,0.0,0.0,0.0,0.0,1.0,4.0,0.0,0.0,1.0,0.0,0.0,2.0,12.0,0.08,0.0,0.0,0.1485,0.1485,0.977273,0.011364,0.1485,1.25,0.0,0.0,1.0,1.0,2.0,0.2997,0.0,0.2474,1.0,0.0003,0.0,0.0,0.0,0.0,0.173913,0.160202,0.0,0.49042,0.0,0.0,0.453,0.0,0.0,0.0,0.0,0.0,1.0,0.0,0.0,1.0,1.0,1.0,1.0,0.0,0.0,0.0,1.0,1.0,0.0,0.0,0.0,0.0,0.0,1.0,1.0,0.0,0.0,0.0,1.0,1.0,0.0,0.0,0.0,0.0,0.0,0.0,1.0,0.0,0.0,1.0,1.0,1.0,1.0,1.0,0.0,0.0,0.0,0.0,1.0,1.0,1.0,1.0,0.0,0.0,1.0,CHECK,Pass1+relabel consensus
d4775_BB_river,0,0.0,80.0,0.0,0.0,0.0,0,0,0.0,0.0,0.2,0.0,0.0,0.0,0.0,1.0,4.0,0.0,1.0,0.0,0.0,0.0,4.0,14.0,0.7564,0.4864,0.3,0.00275,0.00275,0.953488,0.025581,0.00275,1.25,0.0,1.0,1.0,0.0,2.0,0.2544,0.0,0.1908,0.0,0.0456,0.0,0.0,0.036058,0.0,0.0,0.0,0.0,0.555919,9.0,0.0,0.5548,0.0,1.0,0.0,1.0,0.0,0.0,0.0,0.0,1.0,1.0,1.0,0.0,0.0,0.0,0.0,0.0,0.0,0.0,0.0,0.0,0.0,0.0,0.0,0.0,1.0,1.0,0.0,1.0,1.0,1.0,1.0,0.0,0.0,0.0,1.0,0.0,0.0,1.0,1.0,1.0,1.0,1.0,0.0,0.0,0.0,0.0,1.0,0.0,1.0,1.0,1.0,0.0,0.0,1.0,CHECK,Pass1+relabel consensus
d4775_BTN_flop,0,0.0,80.0,0.0,0.0,0.0,0,0,1.0,14.0,5.14,1.0,1.0,1.0,0.0,0.0,0.0,1.0,0.0,0.0,0.0,0.0,2.0,13.0,0.5799,0.5799,0.0,0.9525,0.9525,0.0,1.0,0.9525,1.25,0.0,1.0,0.0,0.0,2.0,0.159,0.0159,0.3816,0.0,0.141,0.0,0.0,0.17094,3.0,1.0,0.955144,1.0,0.693972,14.0,0.0,0.4436,1.0,0.0,0.0,0.0,0.0,0.0,0.0,0.0,1.0,1.0,1.0,1.0,1.0,1.0,0.0,0.0,0.0,1.0,0.0,1.0,0.0,0.0,1.0,1.0,1.0,1.0,0.0,1.0,1.0,1.0,1.0,0.0,1.0,0.0,1.0,0.0,0.0,1.0,1.0,1.0,1.0,0.0,1.0,0.0,0.0,1.0,0.0,1.0,1.0,1.0,1.0,1.0,0.0,1.0,BET,Pass1+relabel consensus
d4775_BTN_turn,0,0.0,80.0,0.0,0.0,0.0,0,0,1.0,14.0,5.14,1.0,1.0,1.0,0.0,0.0,0.0,0.0,1.0,0.0,0.0,0.0,2.0,13.0,0.5954,0.5154,0.0,0.9815,0.9815,0.0,1.0,0.9815,1.25,0.0,1.0,1.0,0.0,2.0,0.1908,0.0159,0.3657,0.0,0.1092,0.0,0.0,0.17341,3.0,1.0,0.95552,1.0,0.642002,14.0,0.0,0.4277,0.0,0.0,0.0,0.0,0.0,0.0,0.0,0.0,1.0,1.0,1.0,1.0,1.0,1.0,0.0,0.0,0.0,0.0,0.0,0.0,0.0,0.0,0.0,0.0,0.0,1.0,0.0,1.0,1.0,0.0,0.0,0.0,1.0,0.0,0.0,0.0,0.0,0.0,1.0,1.0,1.0,0.0,0.0,0.0,0.0,1.0,1.0,1.0,1.0,0.0,1.0,1.0,0.0,1.0,BET,Pass1+relabel consensus
d4781_BTN_river,0,0.0,80.0,0.0,0.0,0.0,0,0,1.0,14.0,5.13,1.0,1.0,1.0,0.0,0.0,0.0,0.0,1.0,0.0,0.0,0.0,7.0,13.0,0.77,0.4864,0.5,0.898,0.898,0.021127,0.978873,0.898,1.25,0.0,1.0,1.0,0.0,2.0,0.6518,0.0,0.0318,0.0,-0.3518,0.0,0.0,0.210674,0.0,0.0,0.886962,1.0,0.121243,13.0,0.0,0.3164,0.0,0.0,0.0,0.0,0.0,0.0,0.0,0.0,1.0,1.0,1.0,1.0,1.0,1.0,0.0,0.0,0.0,0.0,0.0,0.0,0.0,0.0,1.0,0.0,1.0,0.0,1.0,1.0,1.0,1.0,1.0,1.0,1.0,0.0,0.0,0.0,0.0,0.0,1.0,1.0,1.0,1.0,0.0,0.0,0.0,1.0,0.0,0.0,1.0,0.0,1.0,1.0,1.0,1.0,BET,Pass1+relabel consensus
d4781_BTN_turn,0,0.0,80.0,0.0,0.0,0.0,0,0,1.0,14.0,5.13,1.0,1.0,1.0,0.0,0.0,0.0,0.0,1.0,0.0,0.0,0.0,7.0,13.0,0.7454,0.5154,0.5,0.8715,0.8715,0.020134,0.979866,0.8715,1.25,0.0,1.0,1.0,0.0,2.0,0.5087,0.1113,0.0,0.0,-0.2087,0.0,0.0,0.202156,0.0,1.0,0.889142,1.0,0.189791,13.0,0.0,0.38,0.0,0.0,0.0,0.0,0.0,0.0,0.0,0.0,1.0,1.0,1.0,1.0,0.0,1.0,0.0,0.0,0.0,0.0,1.0,0.0,0.0,0.0,1.0,1.0,1.0,1.0,1.0,1.0,1.0,1.0,1.0,0.0,1.0,0.0,0.0,1.0,0.0,0.0,1.0,1.0,1.0,1.0,0.0,0.0,0.0,0.0,0.0,0.0,1.0,0.0,1.0,1.0,0.0,1.0,BET,Pass1+relabel consensus
d4798_HJ_turn,0,0.0,80.0,0.0,0.0,0.0,0,0,0.0,0.0,0.23,0.0,0.0,0.0,0.0,0.0,0.0,0.0,1.0,0.0,0.0,0.0,7.0,14.0,0.7454,0.5154,0.5,0.05325,0.05325,0.682008,0.284519,0.05325,1.25,0.0,0.0,1.0,1.0,2.0,0.4739,0.0105,0.0,1.0,-0.1739,0.0,0.0,0.0,0.0,0.0,0.218447,0.0,0.271285,0.0,0.0,0.5157,0.0,0.0,0.0,0.0,0.0,0.0,0.0,0.0,1.0,0.0,1.0,1.0,0.0,0.0,0.0,0.0,0.0,0.0,1.0,0.0,0.0,0.0,1.0,0.0,1.0,1.0,1.0,1.0,1.0,1.0,0.0,0.0,0.0,0.0,0.0,0.0,0.0,0.0,1.0,1.0,1.0,1.0,1.0,0.0,0.0,0.0,1.0,1.0,1.0,1.0,1.0,0.0,0.0,1.0,CHECK,Pass1+relabel consensus
d4809_BTN_river,0,1.0,133.0,53.0,0.284946,0.398496,0,0,1.0,5.0,1.19,1.0,0.0,0.0,0.0,0.0,0.0,0.0,1.0,0.0,0.0,0.0,7.0,14.0,0.77,0.4864,0.5,0.05,0.05,0.596659,0.389021,-0.234946,0.7519,0.0,1.0,1.0,0.0,2.0,0.8672,0.0,0.0394,0.0,-0.5672,0.0,1.0,0.0,0.0,0.0,0.750992,1.0,0.017636,0.0,0.0,0.0934,0.0,0.0,0.0,0.0,1.0,1.0,0.0,0.0,1.0,1.0,0.0,1.0,0.0,0.0,0.0,0.0,0.0,0.0,0.0,0.0,0.0,0.0,0.0,1.0,1.0,1.0,1.0,1.0,1.0,1.0,1.0,0.0,1.0,0.0,0.0,0.0,0.0,1.0,1.0,1.0,1.0,1.0,1.0,0.0,1.0,0.0,0.0,0.0,1.0,1.0,0.0,0.0,0.0,1.0,FOLD,Pass1+relabel consensus
d4809_BTN_turn,0,0.0,80.0,0.0,0.0,0.0,0,0,1.0,5.0,1.19,1.0,0.0,0.0,0.0,0.0,0.0,0.0,1.0,0.0,0.0,0.0,7.0,14.0,0.7454,0.5154,0.5,0.1315,0.1315,0.488739,0.497748,0.1315,1.25,0.0,1.0,1.0,0.0,2.0,0.3671,0.1055,0.0,0.0,-0.0671,0.0,0.0,0.0,0.0,0.304348,0.742162,1.0,0.336574,0.0,0.0,0.5274,0.0,0.0,0.0,0.0,0.0,0.0,0.0,0.0,1.0,1.0,1.0,1.0,0.0,0.0,0.0,0.0,0.0,0.0,1.0,0.0,0.0,0.0,1.0,0.0,1.0,1.0,1.0,0.0,1.0,1.0,0.0,0.0,1.0,0.0,0.0,1.0,0.0,1.0,1.0,1.0,1.0,0.0,0.0,0.0,0.0,0.0,0.0,0.0,1.0,1.0,0.0,0.0,0.0,1.0,CHECK,Pass1+relabel consensus
d4809_HJ_river,0,0.0,80.0,0.0,0.0,0.0,0,0,0.0,14.0,5.08,1.0,1.0,0.0,0.0,0.0,0.0,0.0,1.0,0.0,0.0,0.0,7.0,14.0,0.77,0.4864,0.5,0.926,0.926,0.025,0.975,0.926,1.25,0.0,0.0,1.0,1.0,2.0,0.4739,0.0,0.0,1.0,-0.1739,0.0,0.0,0.0,0.0,0.0,0.758065,1.0,0.276781,8.0,0.0,0.5261,0.0,1.0,1.0,0.0,0.0,0.0,0.0,0.0,1.0,1.0,1.0,1.0,1.0,1.0,0.0,1.0,0.0,0.0,1.0,0.0,0.0,0.0,1.0,0.0,1.0,1.0,0.0,1.0,1.0,1.0,1.0,0.0,1.0,0.0,0.0,0.0,0.0,0.0,1.0,1.0,1.0,0.0,0.0,0.0,0.0,0.0,0.0,0.0,1.0,0.0,1.0,1.0,0.0,1.0,BET,Pass1+relabel consensus
d5046_BTN_flop,0,1.0,133.0,53.0,0.284946,0.398496,0,0,1.0,1.0,0.34,0.0,0.0,0.0,0.0,0.0,0.0,0.0,0.0,1.0,1.0,0.0,2.0,9.0,0.15,0.0,0.0,0.1745,0.1745,0.546638,0.433839,-0.110446,0.7519,0.0,1.0,0.0,0.0,2.0,0.6655,0.0197,0.3148,0.0,-0.3655,0.0,1.0,0.0,3.0,0.12766,0.539484,0.0,0.105398,0.0,0.0,0.0,0.0,0.0,0.0,0.0,1.0,1.0,0.0,0.0,1.0,1.0,0.0,1.0,0.0,0.0,0.0,0.0,0.0,0.0,0.0,0.0,1.0,0.0,0.0,0.0,0.0,0.0,0.0,1.0,1.0,1.0,0.0,0.0,1.0,0.0,1.0,0.0,0.0,0.0,1.0,1.0,1.0,0.0,1.0,0.0,1.0,0.0,1.0,1.0,1.0,1.0,1.0,0.0,0.0,1.0,FOLD,Pass1+relabel consensus
d5046_CO_flop,0,0.0,80.0,0.0,0.0,0.0,0,0,0.0,11.0,3.06,1.0,1.0,1.0,0.0,0.0,0.0,0.0,0.0,1.0,1.0,0.0,2.0,9.0,0.15,0.0,0.0,0.85475,0.85475,0.018041,0.979381,0.85475,1.25,0.0,0.0,0.0,1.0,2.0,0.5126,0.0314,0.456,1.0,-0.2126,0.0,0.0,0.0,3.0,1.0,0.979734,1.0,0.222501,0.0,0.0,0.0,0.0,0.0,0.0,0.0,0.0,0.0,0.0,0.0,1.0,1.0,1.0,1.0,1.0,1.0,0.0,0.0,0.0,0.0,0.0,0.0,1.0,0.0,0.0,0.0,1.0,0.0,0.0,0.0,1.0,0.0,1.0,0.0,1.0,0.0,0.0,0.0,0.0,0.0,1.0,1.0,1.0,1.0,1.0,0.0,0.0,0.0,0.0,1.0,1.0,0.0,1.0,0.0,1.0,1.0,BET,Pass1+relabel consensus
d5066_BTN_river,0,1.0,133.0,53.0,0.284946,0.398496,0,0,1.0,8.0,1.324,1.0,0.0,0.0,0.0,0.0,0.0,0.0,0.0,1.0,0.0,0.0,9.0,11.0,0.92,0.0,0.8,0.53525,0.53525,0.214286,0.771429,0.250304,0.7519,0.0,1.0,1.0,0.0,2.0,0.7177,0.0,0.2227,0.0,-0.4177,0.0,1.0,0.107778,3.0,0.0,0.792113,1.0,0.079693,14.0,0.0,0.0596,0.0,0.0,0.0,0.0,1.0,1.0,0.0,0.0,1.0,1.0,1.0,1.0,0.0,0.0,0.0,0.0,0.0,0.0,0.0,0.0,0.0,0.0,0.0,0.0,1.0,0.0,1.0,1.0,1.0,1.0,1.0,1.0,1.0,0.0,1.0,1.0,1.0,0.0,1.0,1.0,1.0,1.0,0.0,1.0,1.0,0.0,0.0,0.0,1.0,1.0,1.0,0.0,0.0,1.0,CALL,Pass1+relabel consensus
d5066_CO_river,0,0.0,80.0,0.0,0.0,0.0,0,0,0.0,13.0,4.13,1.0,1.0,1.0,0.0,0.0,0.0,0.0,0.0,1.0,0.0,0.0,9.0,11.0,0.92,0.0,0.8,0.96325,0.96325,0.0,0.973529,0.96325,1.25,0.0,0.0,1.0,1.0,2.0,0.4403,0.0,0.173,1.0,-0.1403,0.0,0.0,0.123288,6.0,0.0,0.973762,1.0,0.313264,13.0,0.0,0.3868,0.0,1.0,0.0,1.0,0.0,0.0,0.0,0.0,1.0,1.0,0.0,0.0,1.0,1.0,0.0,0.0,0.0,0.0,0.0,0.0,0.0,0.0,1.0,0.0,1.0,0.0,0.0,1.0,1.0,1.0,1.0,0.0,1.0,0.0,0.0,1.0,0.0,0.0,1.0,1.0,1.0,1.0,0.0,0.0,0.0,1.0,0.0,0.0,1.0,0.0,1.0,0.0,0.0,1.0,BET,Pass1+relabel consensus
d5181_BB_flop,0,0.0,80.0,0.0,0.0,0.0,0,0,0.0,3.0,1.05,1.0,0.0,0.0,0.0,0.0,0.0,0.0,1.0,0.0,0.0,0.0,2.0,13.0,0.25,0.25,0.0,0.322,0.322,0.397638,0.598425,0.322,1.25,0.0,1.0,0.0,0.0,2.0,0.159,0.0159,0.4134,0.0,0.141,0.0,0.0,0.0,0.0,0.234043,0.483414,1.0,0.693972,0.0,0.0,0.4118,0.0,0.0,0.0,0.0,0.0,0.0,0.0,0.0,1.0,1.0,1.0,1.0,1.0,0.0,0.0,0.0,0.0,0.0,1.0,0.0,0.0,0.0,0.0,0.0,1.0,1.0,0.0,0.0,1.0,1.0,1.0,0.0,1.0,0.0,0.0,0.0,0.0,1.0,1.0,1.0,1.0,1.0,1.0,0.0,0.0,0.0,0.0,1.0,1.0,1.0,1.0,0.0,1.0,1.0,CHECK,Pass1+relabel consensus
d5181_BTN_flop,0,0.0,80.0,0.0,0.0,0.0,0,0,1.0,1.0,0.34,0.0,0.0,0.0,0.0,0.0,0.0,0.0,1.0,0.0,0.0,0.0,2.0,13.0,0.25,0.25,0.0,0.15325,0.15325,0.618026,0.362661,0.15325,1.25,0.0,1.0,0.0,0.0,2.0,0.159,0.0159,0.4134,0.0,0.141,0.0,0.0,0.0,3.0,0.0,0.482456,0.0,0.693972,0.0,0.0,0.4118,0.0,0.0,0.0,0.0,0.0,0.0,0.0,0.0,1.0,1.0,0.0,1.0,0.0,0.0,0.0,0.0,0.0,0.0,1.0,0.0,0.0,0.0,1.0,1.0,0.0,1.0,0.0,0.0,1.0,1.0,0.0,0.0,0.0,0.0,1.0,0.0,0.0,1.0,1.0,1.0,1.0,1.0,1.0,0.0,0.0,0.0,1.0,0.0,1.0,1.0,1.0,0.0,1.0,1.0,CHECK,Pass1+relabel consensus
d5181_CO_river,0,0.0,80.0,0.0,0.0,0.0,0,0,0.0,1.0,0.34,0.0,0.0,0.0,0.0,1.0,4.0,0.0,0.0,1.0,0.0,0.0,7.0,13.0,0.62,0.0,0.5,0.03,0.03,0.759259,0.212963,0.03,1.25,0.0,0.0,1.0,1.0,2.0,0.3302,0.0,0.2138,1.0,-0.0302,0.0,0.0,0.038961,3.0,0.0,0.121253,0.0,0.448632,12.0,0.0,0.456,0.0,1.0,0.0,0.0,0.0,1.0,0.0,0.0,1.0,1.0,0.0,0.0,0.0,0.0,0.0,1.0,0.0,0.0,0.0,1.0,0.0,0.0,1.0,0.0,0.0,0.0,0.0,1.0,1.0,0.0,1.0,0.0,1.0,0.0,0.0,0.0,0.0,0.0,1.0,1.0,1.0,0.0,0.0,0.0,0.0,0.0,1.0,0.0,1.0,1.0,1.0,0.0,0.0,1.0,CHECK,Pass1+relabel consensus
d5195_BTN_flop,0,0.0,80.0,0.0,0.0,0.0,0,0,1.0,12.0,3.54,1.0,1.0,1.0,0.0,0.0,0.0,0.0,1.0,0.0,0.0,0.0,4.0,13.0,0.45,0.25,0.3,0.768,0.768,0.011905,0.988095,0.768,1.25,0.0,1.0,0.0,0.0,2.0,0.1561,0.0633,0.2954,0.0,0.1439,0.0,0.0,0.0,0.0,1.0,0.984988,1.0,0.65975,0.0,0.0,0.4852,0.0,0.0,0.0,0.0,0.0,0.0,0.0,0.0,1.0,1.0,1.0,1.0,1.0,1.0,0.0,0.0,0.0,0.0,0.0,0.0,1.0,0.0,0.0,0.0,1.0,1.0,1.0,1.0,1.0,1.0,1.0,0.0,1.0,0.0,0.0,0.0,0.0,0.0,1.0,1.0,1.0,0.0,1.0,0.0,0.0,0.0,0.0,1.0,1.0,0.0,1.0,0.0,0.0,1.0,BET,Pass1+relabel consensus
d5195_BTN_turn,0,0.0,80.0,0.0,0.0,0.0,0,0,1.0,12.0,3.54,1.0,1.0,1.0,0.0,0.0,0.0,0.0,0.0,0.0,0.0,0.0,4.0,13.0,0.38,0.0,0.3,0.8055,0.8055,0.018557,0.981443,0.8055,1.25,0.0,1.0,1.0,0.0,2.0,0.1983,0.0633,0.2532,0.0,0.1017,0.0,0.0,0.0,0.0,1.0,0.978333,1.0,0.592977,0.0,0.0,0.4852,0.0,0.0,0.0,0.0,0.0,0.0,0.0,0.0,1.0,1.0,1.0,1.0,1.0,1.0,0.0,0.0,0.0,0.0,0.0,0.0,0.0,0.0,0.0,0.0,1.0,1.0,1.0,1.0,1.0,0.0,1.0,0.0,1.0,0.0,0.0,1.0,1.0,0.0,1.0,1.0,1.0,0.0,1.0,0.0,0.0,0.0,0.0,0.0,1.0,0.0,1.0,0.0,0.0,1.0,BET,Pass1+relabel consensus
d5222_BTN_flop,0,1.0,133.0,53.0,0.284946,0.398496,0,0,1.0,4.0,0.97,1.0,0.0,0.0,0.0,0.0,0.0,0.0,1.0,0.0,0.0,0.0,2.0,9.0,0.25,0.25,0.0,0.28875,0.28875,0.25102,0.746939,0.003804,0.7519,0.0,1.0,0.0,0.0,2.0,0.273,0.5093,0.083,0.0,0.027,0.0,1.0,0.0,0.0,0.234043,0.690741,1.0,0.223115,0.0,0.0,0.1346,0.0,0.0,0.0,0.0,1.0,1.0,0.0,0.0,1.0,1.0,0.0,1.0,0.0,0.0,0.0,0.0,0.0,0.0,0.0,0.0,0.0,0.0,0.0,0.0,1.0,0.0,0.0,1.0,1.0,1.0,0.0,1.0,1.0,0.0,0.0,0.0,0.0,0.0,1.0,1.0,1.0,1.0,0.0,0.0,1.0,0.0,0.0,1.0,1.0,1.0,0.0,0.0,0.0,1.0,FOLD,Pass 2 — solver confirms FOLD (close)
d5222_CO_flop,0,0.0,80.0,0.0,0.0,0.0,0,0,0.0,12.0,3.55,1.0,1.0,1.0,0.0,0.0,0.0,0.0,1.0,0.0,0.0,0.0,2.0,9.0,0.25,0.25,0.0,0.81525,0.81525,0.007282,0.992718,0.81525,1.25,0.0,0.0,0.0,1.0,2.0,0.2453,0.4245,0.0786,1.0,0.0547,0.0,0.0,0.0,0.0,1.0,0.987102,1.0,0.294252,0.0,0.0,0.2516,0.0,0.0,0.0,0.0,0.0,0.0,0.0,0.0,1.0,1.0,1.0,1.0,1.0,1.0,0.0,0.0,0.0,0.0,1.0,0.0,1.0,0.0,0.0,0.0,1.0,1.0,0.0,1.0,1.0,1.0,1.0,0.0,1.0,0.0,0.0,0.0,1.0,0.0,1.0,1.0,1.0,1.0,1.0,0.0,0.0,0.0,0.0,1.0,1.0,0.0,1.0,0.0,0.0,1.0,BET,Pass1+relabel consensus
d5276_BB_flop,0,0.0,80.0,0.0,0.0,0.0,0,0,0.0,1.0,0.34,0.0,0.0,0.0,0.0,0.0,0.0,0.0,1.0,0.0,0.0,0.0,7.0,10.0,0.65,0.25,0.5,0.11925,0.11925,0.617155,0.364017,0.11925,1.25,0.0,1.0,0.0,0.0,2.0,0.2703,0.151,0.3498,0.0,0.0297,0.0,0.0,0.0,3.0,0.0,0.0,0.0,0.427978,0.0,0.0,0.2289,0.0,0.0,0.0,0.0,0.0,0.0,0.0,0.0,1.0,1.0,1.0,1.0,0.0,0.0,0.0,0.0,0.0,0.0,1.0,0.0,0.0,0.0,0.0,0.0,1.0,1.0,1.0,1.0,1.0,1.0,0.0,0.0,1.0,0.0,1.0,0.0,0.0,0.0,1.0,1.0,1.0,1.0,1.0,0.0,0.0,0.0,1.0,0.0,1.0,1.0,1.0,0.0,0.0,1.0,CHECK,Pass1+relabel consensus
d5276_BB_river,0,0.0,80.0,0.0,0.0,0.0,0,0,0.0,1.0,0.34,0.0,0.0,0.0,0.0,1.0,4.0,0.0,0.0,1.0,0.0,0.0,10.0,10.0,0.92,0.0,0.8,0.01425,0.01425,0.826966,0.098876,0.01425,1.25,0.0,1.0,1.0,0.0,2.0,0.5707,0.0,0.2067,0.0,-0.2707,0.0,0.0,0.0,3.0,0.0,0.047225,0.0,0.184298,0.0,0.0,0.2226,1.0,0.0,0.0,0.0,0.0,0.0,0.0,0.0,1.0,1.0,1.0,1.0,0.0,0.0,0.0,0.0,0.0,0.0,0.0,0.0,0.0,0.0,1.0,0.0,1.0,0.0,1.0,0.0,1.0,1.0,1.0,0.0,0.0,0.0,0.0,1.0,0.0,0.0,1.0,1.0,1.0,0.0,1.0,0.0,0.0,0.0,1.0,1.0,1.0,1.0,1.0,1.0,0.0,1.0,CHECK,Pass1+relabel consensus
d5383_BB_turn,0,0.0,80.0,0.0,0.0,0.0,0,0,0.0,1.0,0.33,0.0,0.0,0.0,0.0,1.0,4.0,0.0,0.0,1.0,0.0,0.0,7.0,10.0,0.58,0.0,0.5,0.0965,0.0965,0.841667,0.152083,0.0965,1.25,0.0,1.0,1.0,0.0,2.0,0.2766,0.0795,0.3418,0.0,0.0234,0.0,0.0,0.0,3.0,0.086957,0.312751,0.0,0.467377,0.0,0.0,0.3021,0.0,0.0,0.0,0.0,0.0,0.0,0.0,0.0,1.0,0.0,0.0,0.0,0.0,0.0,0.0,1.0,1.0,0.0,0.0,0.0,0.0,0.0,0.0,0.0,0.0,0.0,1.0,0.0,1.0,0.0,0.0,0.0,0.0,0.0,0.0,0.0,0.0,1.0,1.0,1.0,1.0,0.0,0.0,0.0,0.0,0.0,1.0,1.0,1.0,1.0,1.0,0.0,0.0,1.0,CHECK,Pass1+relabel consensus
d5383_BTN_river,0,1.0,133.0,53.0,0.284946,0.398496,0,0,1.0,4.0,0.94,1.0,0.0,0.0,0.0,1.0,8.0,0.0,1.0,0.0,0.0,0.0,10.0,10.0,1.0,0.4864,0.8,0.101,0.101,0.740343,0.257511,-0.183946,0.7519,0.0,1.0,1.0,0.0,2.0,0.8929,0.0,0.085,0.0,-0.5929,0.0,1.0,0.0,0.0,0.0,0.145631,1.0,0.01147,4.0,0.0,0.022,0.0,0.0,0.0,0.0,1.0,1.0,0.0,0.0,1.0,1.0,1.0,1.0,0.0,0.0,0.0,0.0,0.0,0.0,0.0,0.0,0.0,0.0,1.0,0.0,1.0,1.0,1.0,1.0,1.0,1.0,1.0,1.0,0.0,0.0,0.0,0.0,0.0,0.0,1.0,1.0,1.0,0.0,0.0,0.0,1.0,0.0,0.0,0.0,1.0,1.0,0.0,0.0,0.0,1.0,FOLD,Pass1+relabel consensus
d5383_CO_river,0,0.0,80.0,0.0,0.0,0.0,0,0,0.0,14.0,5.14,1.0,1.0,1.0,0.0,0.0,0.0,0.0,1.0,0.0,0.0,0.0,10.0,10.0,1.0,0.4864,0.8,0.988,0.988,0.003012,0.996988,0.988,1.25,0.0,0.0,1.0,1.0,2.0,0.6761,0.0,0.2044,1.0,-0.3761,0.0,0.0,0.206897,6.0,0.0,0.965102,1.0,0.104911,14.0,0.0,0.1195,0.0,0.0,0.0,0.0,0.0,0.0,0.0,0.0,1.0,1.0,1.0,1.0,0.0,1.0,0.0,0.0,0.0,0.0,1.0,0.0,0.0,0.0,0.0,0.0,1.0,0.0,0.0,0.0,1.0,1.0,1.0,0.0,1.0,0.0,0.0,1.0,0.0,0.0,1.0,1.0,1.0,0.0,0.0,0.0,0.0,1.0,0.0,0.0,1.0,0.0,1.0,1.0,0.0,1.0,BET,Pass1+relabel consensus
d5466_BB_river,0,0.0,80.0,0.0,0.0,0.0,0,0,0.0,1.0,0.34,0.0,0.0,0.0,0.0,0.0,0.0,0.0,0.0,1.0,0.0,0.0,5.0,13.0,0.42,0.0,0.3,0.02075,0.02075,0.778291,0.117783,0.02075,1.25,0.0,1.0,1.0,0.0,2.0,0.2862,0.0,0.1987,0.0,0.0138,0.0,0.0,0.0,3.0,0.0,0.0,0.0,0.50951,0.0,0.0,0.5151,1.0,0.0,0.0,0.0,0.0,0.0,0.0,0.0,1.0,1.0,1.0,1.0,0.0,0.0,0.0,0.0,0.0,0.0,0.0,0.0,0.0,0.0,0.0,0.0,1.0,0.0,1.0,1.0,1.0,1.0,1.0,0.0,1.0,0.0,0.0,1.0,0.0,1.0,1.0,1.0,1.0,0.0,0.0,0.0,0.0,0.0,1.0,0.0,1.0,1.0,1.0,0.0,0.0,1.0,CHECK,Pass1+relabel consensus
d5466_BB_turn,0,0.0,80.0,0.0,0.0,0.0,0,0,0.0,1.0,0.34,0.0,0.0,0.0,0.0,0.0,0.0,0.0,0.0,1.0,0.0,0.0,5.0,13.0,0.38,0.0,0.3,0.04875,0.04875,0.746032,0.124717,0.04875,1.25,0.0,1.0,1.0,0.0,2.0,0.2544,0.0159,0.1987,0.0,0.0456,0.0,0.0,0.0,3.0,0.0,0.076203,0.0,0.544128,0.0,0.0,0.531,0.0,0.0,0.0,0.0,0.0,0.0,0.0,0.0,1.0,1.0,1.0,1.0,0.0,0.0,0.0,0.0,1.0,0.0,0.0,0.0,0.0,0.0,1.0,1.0,1.0,0.0,0.0,0.0,1.0,0.0,1.0,0.0,1.0,0.0,0.0,1.0,0.0,0.0,1.0,1.0,1.0,0.0,1.0,0.0,0.0,0.0,1.0,0.0,1.0,1.0,1.0,0.0,1.0,1.0,CHECK,Pass1+relabel consensus
d5466_CO_flop,0,0.0,80.0,0.0,0.0,0.0,0,0,0.0,6.0,1.336,1.0,0.0,0.0,0.0,0.0,0.0,0.0,0.0,1.0,0.0,0.0,5.0,13.0,0.3,0.0,0.3,0.4515,0.4515,0.21547,0.779006,0.4515,1.25,0.0,0.0,0.0,1.0,2.0,0.2767,0.0,0.2358,1.0,0.0233,0.0,0.0,0.0,0.0,0.234043,0.719011,1.0,0.523163,0.0,0.0,0.4874,0.0,0.0,0.0,0.0,0.0,0.0,0.0,0.0,1.0,1.0,0.0,1.0,0.0,0.0,0.0,0.0,0.0,0.0,0.0,0.0,0.0,0.0,1.0,0.0,1.0,0.0,1.0,1.0,1.0,1.0,1.0,0.0,1.0,0.0,0.0,0.0,0.0,1.0,1.0,1.0,1.0,0.0,1.0,0.0,0.0,0.0,0.0,0.0,1.0,1.0,0.0,0.0,1.0,1.0,CHECK,Pass1+relabel consensus
d5620_BB_turn,0,0.0,80.0,0.0,0.0,0.0,0,0,0.0,13.0,4.13,1.0,1.0,1.0,0.0,0.0,0.0,0.0,0.0,1.0,1.0,0.0,8.0,13.0,1.0,0.0,0.8,0.67225,0.67225,0.070776,0.908676,0.67225,1.25,0.0,1.0,1.0,0.0,2.0,0.7377,0.1431,0.1192,0.0,-0.4377,0.0,0.0,0.0,0.0,1.0,0.77887,1.0,0.036386,0.0,0.0,0.0,0.0,0.0,0.0,0.0,0.0,0.0,0.0,0.0,1.0,1.0,1.0,0.0,1.0,1.0,0.0,0.0,0.0,0.0,0.0,0.0,1.0,0.0,1.0,0.0,1.0,0.0,1.0,0.0,1.0,1.0,1.0,0.0,1.0,0.0,0.0,1.0,0.0,0.0,1.0,1.0,1.0,1.0,1.0,1.0,0.0,0.0,0.0,1.0,1.0,0.0,1.0,0.0,0.0,1.0,BET,Pass1+relabel consensus
d5620_CO_turn,0,1.0,133.0,53.0,0.284946,0.398496,0,0,0.0,10.0,2.68,1.0,1.0,0.0,0.0,0.0,0.0,0.0,0.0,1.0,1.0,0.0,8.0,13.0,1.0,0.0,0.8,0.38675,0.38675,0.269565,0.655072,0.101804,0.7519,0.0,0.0,1.0,1.0,2.0,0.8868,0.0821,0.0311,1.0,-0.5868,0.0,1.0,0.0,0.0,1.0,0.633499,1.0,0.005206,0.0,0.0,0.0,0.0,0.0,0.0,0.0,1.0,1.0,0.0,0.0,1.0,1.0,0.0,0.0,1.0,0.0,0.0,0.0,0.0,0.0,0.0,0.0,1.0,0.0,0.0,0.0,1.0,0.0,1.0,0.0,1.0,1.0,0.0,1.0,1.0,0.0,0.0,1.0,0.0,0.0,1.0,1.0,1.0,1.0,1.0,0.0,1.0,0.0,0.0,1.0,1.0,1.0,1.0,0.0,0.0,1.0,FOLD,Pass 2 — solver confirms FOLD
d5730_BB_flop,0,0.0,80.0,0.0,0.0,0.0,0,0,0.0,0.0,0.16,0.0,0.0,0.0,0.0,0.0,0.0,0.0,1.0,0.0,1.0,0.0,2.0,11.0,0.4,0.25,0.0,0.11875,0.11875,0.988679,0.00566,0.11875,1.25,0.0,1.0,0.0,0.0,2.0,0.4093,0.0,0.5907,0.0,-0.1093,0.0,0.0,0.0,0.0,0.12766,0.0,0.0,0.348926,0.0,0.0,0.0,0.0,0.0,0.0,0.0,0.0,0.0,0.0,0.0,1.0,1.0,1.0,0.0,0.0,0.0,0.0,0.0,0.0,0.0,1.0,0.0,1.0,0.0,1.0,0.0,0.0,1.0,0.0,1.0,1.0,1.0,1.0,0.0,0.0,0.0,0.0,0.0,0.0,1.0,1.0,1.0,1.0,0.0,0.0,0.0,0.0,0.0,1.0,1.0,1.0,1.0,1.0,0.0,1.0,1.0,CHECK,Pass1+relabel consensus
d5730_BB_river,0,0.0,80.0,0.0,0.0,0.0,0,0,0.0,0.0,0.16,0.0,0.0,0.0,0.0,0.0,0.0,0.0,1.0,0.0,1.0,1.0,4.0,12.0,0.9064,0.4864,0.3,0.0115,0.0115,0.828452,0.0,0.0115,1.25,0.0,1.0,1.0,0.0,2.0,0.557,0.0,0.443,0.0,-0.257,0.0,0.0,0.0,0.0,0.0,0.46372,0.0,0.196249,0.0,0.0,0.0,0.0,0.0,0.0,0.0,0.0,0.0,0.0,0.0,1.0,1.0,0.0,0.0,0.0,0.0,0.0,0.0,0.0,0.0,0.0,0.0,1.0,1.0,0.0,0.0,1.0,1.0,1.0,0.0,1.0,0.0,1.0,0.0,0.0,0.0,0.0,1.0,0.0,0.0,1.0,1.0,1.0,0.0,1.0,0.0,0.0,0.0,1.0,0.0,1.0,1.0,1.0,0.0,0.0,1.0,CHECK,Pass1+relabel consensus
d5749_BB_turn,0,0.0,80.0,0.0,0.0,0.0,0,0,0.0,8.0,1.324,1.0,0.0,0.0,0.0,1.0,4.0,0.0,0.0,0.0,0.0,0.0,7.0,11.0,0.58,0.0,0.5,0.67775,0.67775,0.09434,0.893082,0.67775,1.25,0.0,1.0,1.0,0.0,2.0,0.2532,0.4008,0.1266,0.0,0.0468,0.0,0.0,0.0,3.0,0.391304,0.868928,1.0,0.298553,0.0,0.0,0.2194,0.0,0.0,0.0,0.0,0.0,0.0,0.0,0.0,1.0,1.0,1.0,1.0,0.0,0.0,0.0,1.0,0.0,0.0,0.0,0.0,0.0,0.0,0.0,0.0,1.0,0.0,0.0,1.0,1.0,0.0,1.0,1.0,0.0,0.0,1.0,1.0,0.0,0.0,1.0,1.0,1.0,0.0,0.0,0.0,0.0,0.0,1.0,1.0,1.0,1.0,1.0,0.0,0.0,1.0,BET,Pass1+relabel consensus
d5749_HJ_turn,0,1.0,133.0,53.0,0.284946,0.398496,0,0,0.0,4.0,0.99,1.0,0.0,0.0,0.0,0.0,0.0,0.0,0.0,0.0,0.0,0.0,7.0,11.0,0.58,0.0,0.5,0.3275,0.3275,0.332103,0.664207,0.042554,0.7519,0.0,0.0,1.0,1.0,2.0,0.4326,0.3882,0.0304,1.0,-0.1326,0.0,1.0,0.0,0.0,0.304348,0.683886,1.0,0.139353,9.0,0.0,0.1488,0.0,0.0,0.0,0.0,1.0,1.0,0.0,0.0,1.0,1.0,0.0,1.0,0.0,0.0,0.0,0.0,0.0,0.0,0.0,0.0,0.0,0.0,0.0,0.0,1.0,0.0,1.0,1.0,1.0,1.0,0.0,1.0,1.0,0.0,0.0,0.0,0.0,0.0,1.0,1.0,1.0,1.0,1.0,0.0,1.0,0.0,0.0,0.0,1.0,1.0,0.0,0.0,0.0,1.0,FOLD,Pass 2 — solver confirms FOLD
d5814_HJ_flop,0,0.0,80.0,0.0,0.0,0.0,0,0,0.0,1.0,0.34,0.0,0.0,0.0,0.0,0.0,0.0,0.0,1.0,0.0,0.0,0.0,2.0,11.0,0.25,0.25,0.0,0.143,0.143,0.641975,0.320988,0.143,1.25,0.0,0.0,0.0,1.0,2.0,0.2787,0.0348,0.3519,1.0,0.0213,0.0,0.0,0.0,3.0,0.0,0.023772,0.0,0.495475,0.0,0.0,0.3345,0.0,0.0,0.0,0.0,0.0,0.0,0.0,0.0,1.0,1.0,1.0,1.0,0.0,0.0,0.0,0.0,0.0,0.0,0.0,0.0,0.0,0.0,1.0,0.0,0.0,1.0,0.0,1.0,1.0,0.0,1.0,1.0,0.0,0.0,0.0,0.0,0.0,1.0,1.0,1.0,1.0,0.0,1.0,0.0,0.0,0.0,1.0,0.0,1.0,1.0,1.0,0.0,1.0,1.0,CHECK,Pass1+relabel consensus
d5814_HJ_turn,0,0.0,80.0,0.0,0.0,0.0,0,0,0.0,1.0,0.34,0.0,0.0,0.0,0.0,0.0,0.0,0.0,1.0,0.0,0.0,0.0,4.0,11.0,0.7454,0.5154,0.3,0.05925,0.05925,0.707113,0.259414,0.05925,1.25,0.0,0.0,1.0,1.0,2.0,0.3136,0.0523,0.3171,1.0,-0.0136,0.0,0.0,0.0,3.0,0.0,0.167866,0.0,0.43593,0.0,0.0,0.3171,0.0,0.0,0.0,0.0,0.0,0.0,0.0,0.0,1.0,1.0,1.0,1.0,0.0,0.0,0.0,0.0,0.0,0.0,1.0,0.0,0.0,0.0,1.0,0.0,1.0,1.0,1.0,0.0,1.0,0.0,0.0,0.0,1.0,0.0,0.0,1.0,1.0,1.0,1.0,1.0,1.0,1.0,1.0,0.0,0.0,0.0,1.0,0.0,1.0,1.0,1.0,0.0,1.0,1.0,CHECK,Pass1+relabel consensus
d5996_BTN_flop,0,0.0,80.0,0.0,0.0,0.0,0,0,1.0,2.0,0.41,0.0,0.0,0.0,0.0,0.0,0.0,0.0,1.0,0.0,0.0,0.0,7.0,7.0,0.65,0.25,0.5,0.16,0.16,0.880325,0.10142,0.16,1.25,0.0,1.0,0.0,0.0,2.0,0.2405,0.0422,0.6118,0.0,0.0595,0.0,0.0,0.0,6.0,0.0,0.517372,0.0,0.545235,0.0,0.0,0.1055,0.0,0.0,0.0,0.0,0.0,1.0,0.0,0.0,1.0,1.0,1.0,1.0,0.0,0.0,0.0,0.0,0.0,0.0,1.0,0.0,0.0,0.0,1.0,0.0,1.0,1.0,1.0,0.0,1.0,0.0,0.0,0.0,0.0,0.0,0.0,0.0,0.0,1.0,1.0,1.0,1.0,1.0,0.0,0.0,0.0,0.0,1.0,0.0,1.0,1.0,1.0,0.0,1.0,1.0,CHECK,Pass1+relabel consensus
d6035_BB_turn,0,0.0,80.0,0.0,0.0,0.0,0,0,0.0,8.0,1.334,1.0,0.0,0.0,0.0,0.0,0.0,0.0,0.0,1.0,0.0,0.0,2.0,12.0,0.08,0.0,0.0,0.758,0.758,0.054113,0.9329,0.758,1.25,0.0,1.0,1.0,0.0,2.0,0.1899,0.0211,0.443,0.0,0.1101,0.0,0.0,0.0,3.0,0.304348,0.892173,1.0,0.63928,0.0,0.0,0.346,0.0,0.0,0.0,0.0,0.0,0.0,0.0,0.0,1.0,1.0,1.0,1.0,0.0,0.0,0.0,0.0,0.0,0.0,0.0,0.0,0.0,0.0,0.0,1.0,1.0,0.0,0.0,0.0,1.0,0.0,1.0,0.0,1.0,0.0,1.0,0.0,0.0,0.0,1.0,1.0,1.0,1.0,1.0,0.0,0.0,0.0,1.0,0.0,1.0,0.0,1.0,0.0,0.0,1.0,BET,Pass1+relabel consensus
d6035_BTN_river,0,0.0,80.0,0.0,0.0,0.0,0,0,1.0,13.0,4.12,1.0,1.0,1.0,0.0,0.0,0.0,0.0,0.0,1.0,0.0,0.0,5.0,12.0,0.42,0.0,0.3,0.9885,0.9885,0.0,0.980044,0.9885,1.25,0.0,1.0,1.0,0.0,2.0,0.2954,0.0,0.3376,0.0,0.0046,0.0,0.0,0.0,0.0,0.0,0.983115,1.0,0.496461,0.0,0.0,0.3671,1.0,0.0,0.0,0.0,0.0,0.0,0.0,0.0,1.0,1.0,1.0,1.0,1.0,1.0,0.0,0.0,0.0,0.0,0.0,0.0,0.0,0.0,1.0,0.0,0.0,0.0,1.0,0.0,1.0,0.0,1.0,0.0,1.0,0.0,1.0,1.0,0.0,0.0,1.0,1.0,1.0,1.0,1.0,0.0,0.0,0.0,0.0,0.0,1.0,1.0,1.0,0.0,0.0,1.0,BET,Pass1+relabel consensus
d6066_BB_flop,0,0.0,80.0,0.0,0.0,0.0,0,0,0.0,12.0,3.57,1.0,1.0,1.0,0.0,0.0,0.0,0.0,0.0,1.0,0.0,0.0,7.0,7.0,0.5,0.0,0.5,0.83375,0.83375,0.007505,0.992495,0.83375,1.25,0.0,1.0,0.0,0.0,2.0,0.2067,0.0477,0.5723,0.0,0.0933,0.0,0.0,0.0,0.0,1.0,0.994428,1.0,0.592053,0.0,0.0,0.1733,0.0,0.0,0.0,0.0,0.0,0.0,0.0,0.0,1.0,1.0,1.0,1.0,0.0,1.0,0.0,0.0,0.0,0.0,0.0,1.0,0.0,0.0,1.0,0.0,1.0,0.0,1.0,1.0,1.0,0.0,1.0,0.0,1.0,0.0,0.0,0.0,1.0,0.0,1.0,1.0,1.0,0.0,1.0,0.0,0.0,0.0,0.0,1.0,1.0,0.0,1.0,0.0,0.0,1.0,BET,Pass1+relabel consensus
d6066_CO_flop,0,1.0,133.0,53.0,0.284946,0.398496,0,0,0.0,2.0,0.44,0.0,0.0,0.0,0.0,0.0,0.0,0.0,0.0,1.0,0.0,0.0,7.0,7.0,0.5,0.0,0.5,0.28075,0.28075,0.331579,0.644737,-0.004196,0.7519,0.0,0.0,0.0,1.0,2.0,0.5045,0.0,0.3019,1.0,-0.2045,0.0,1.0,0.0,6.0,0.0,0.477408,0.0,0.24552,0.0,0.0,0.1936,0.0,0.0,0.0,0.0,1.0,1.0,0.0,0.0,1.0,1.0,0.0,1.0,0.0,0.0,0.0,0.0,1.0,0.0,0.0,0.0,0.0,0.0,1.0,0.0,0.0,0.0,1.0,1.0,1.0,0.0,0.0,1.0,1.0,0.0,0.0,0.0,1.0,1.0,1.0,1.0,1.0,0.0,1.0,0.0,1.0,0.0,1.0,1.0,1.0,1.0,1.0,0.0,0.0,1.0,FOLD,Pass1+relabel consensus
d6342_BTN_turn,0,0.0,80.0,0.0,0.0,0.0,0,0,1.0,12.0,3.53,1.0,1.0,1.0,0.0,0.0,0.0,0.0,0.0,0.0,0.0,0.0,7.0,8.0,0.58,0.0,0.5,0.7845,0.7845,0.050485,0.949515,0.7845,1.25,0.0,1.0,1.0,0.0,2.0,0.2289,0.0159,0.5564,0.0,0.0711,0.0,0.0,0.0,0.0,1.0,0.947399,1.0,0.582398,0.0,0.0,0.1987,0.0,0.0,0.0,0.0,0.0,0.0,0.0,0.0,1.0,1.0,1.0,1.0,1.0,1.0,0.0,0.0,0.0,0.0,1.0,0.0,0.0,0.0,0.0,0.0,1.0,1.0,1.0,0.0,1.0,1.0,1.0,0.0,1.0,0.0,0.0,1.0,0.0,0.0,1.0,1.0,1.0,1.0,0.0,1.0,0.0,0.0,0.0,1.0,1.0,0.0,1.0,0.0,0.0,1.0,BET,Pass1+relabel consensus
d6342_CO_river,0,0.0,80.0,0.0,0.0,0.0,0,0,0.0,2.0,0.43,0.0,0.0,0.0,0.0,1.0,4.0,0.0,1.0,0.0,0.0,0.0,7.0,8.0,0.77,0.4864,0.5,0.02375,0.02375,0.700265,0.278515,0.02375,1.25,0.0,0.0,1.0,1.0,2.0,0.3774,0.0,0.4182,1.0,-0.0774,0.0,0.0,0.0,6.0,0.0,0.855542,0.0,0.387631,0.0,0.0,0.2044,0.0,1.0,0.0,0.0,0.0,0.0,0.0,0.0,1.0,1.0,1.0,0.0,0.0,0.0,0.0,0.0,0.0,0.0,0.0,0.0,0.0,0.0,1.0,0.0,1.0,1.0,0.0,1.0,1.0,0.0,1.0,0.0,0.0,0.0,0.0,0.0,0.0,0.0,1.0,1.0,1.0,0.0,1.0,0.0,0.0,0.0,1.0,0.0,1.0,1.0,1.0,0.0,1.0,1.0,CHECK,Pass1+relabel consensus
d6384_BTN_turn,0,0.0,80.0,0.0,0.0,0.0,0,0,1.0,1.0,0.34,0.0,0.0,0.0,0.0,0.0,0.0,0.0,0.0,1.0,0.0,0.0,7.0,10.0,0.58,0.0,0.5,0.05175,0.05175,0.736018,0.217002,0.05175,1.25,0.0,1.0,1.0,0.0,2.0,0.2862,0.0715,0.318,0.0,0.0138,0.0,0.0,0.0,3.0,0.0,0.397053,0.0,0.459752,0.0,0.0,0.3243,0.0,0.0,0.0,0.0,0.0,0.0,0.0,0.0,1.0,1.0,1.0,1.0,0.0,0.0,0.0,0.0,0.0,0.0,0.0,0.0,0.0,0.0,1.0,0.0,1.0,0.0,1.0,1.0,1.0,1.0,1.0,1.0,1.0,0.0,0.0,1.0,0.0,0.0,1.0,1.0,1.0,0.0,0.0,0.0,0.0,0.0,1.0,0.0,1.0,1.0,1.0,0.0,1.0,1.0,CHECK,Pass1+relabel consensus
d6508_BB_flop,0,0.0,80.0,0.0,0.0,0.0,0,0,0.0,11.0,3.09,1.0,1.0,1.0,0.0,0.0,0.0,0.0,0.0,1.0,1.0,0.0,2.0,9.0,0.15,0.0,0.0,0.88025,0.88025,0.03055,0.96334,0.88025,1.25,0.0,1.0,0.0,0.0,2.0,0.3561,0.0,0.6439,0.0,-0.0561,0.0,0.0,0.0,3.0,1.0,0.921256,1.0,0.414607,0.0,0.0,0.0,0.0,0.0,0.0,0.0,0.0,0.0,0.0,0.0,1.0,1.0,1.0,1.0,1.0,1.0,0.0,0.0,0.0,0.0,0.0,0.0,1.0,0.0,0.0,0.0,1.0,0.0,0.0,1.0,1.0,0.0,1.0,0.0,1.0,0.0,1.0,0.0,0.0,0.0,1.0,1.0,1.0,1.0,1.0,0.0,0.0,0.0,0.0,1.0,1.0,1.0,1.0,0.0,1.0,1.0,CHECK,Pass1+relabel consensus
d6508_BB_river,0,0.0,80.0,0.0,0.0,0.0,0,0,0.0,15.0,6.4575,1.0,1.0,1.0,0.0,0.0,0.0,0.0,0.0,1.0,1.0,1.0,2.0,13.0,0.27,0.0,0.0,0.9145,0.9145,0.015556,0.937778,0.9145,1.25,0.0,1.0,1.0,0.0,2.0,0.5564,0.0,0.4372,0.0,-0.2564,0.0,0.0,0.0,0.0,0.0,0.910483,1.0,0.196781,0.0,0.0,0.0064,0.0,0.0,0.0,0.0,0.0,1.0,0.0,0.0,1.0,1.0,1.0,0.0,1.0,1.0,0.0,0.0,0.0,0.0,0.0,0.0,1.0,1.0,0.0,1.0,1.0,0.0,0.0,1.0,1.0,1.0,1.0,0.0,1.0,0.0,0.0,1.0,0.0,0.0,1.0,1.0,1.0,0.0,0.0,0.0,0.0,0.0,0.0,0.0,1.0,0.0,1.0,0.0,0.0,1.0,BET,Pass1+relabel consensus
d6508_CO_river,0,1.0,133.0,53.0,0.284946,0.398496,0,0,0.0,10.0,2.6725,1.0,1.0,0.0,0.0,0.0,0.0,0.0,0.0,1.0,1.0,1.0,2.0,13.0,0.27,0.0,0.0,0.62,0.62,0.206997,0.77551,0.335054,0.7519,0.0,0.0,1.0,1.0,2.0,0.8167,0.0,0.1807,1.0,-0.5167,0.0,1.0,0.0,0.0,0.0,0.798335,1.0,0.033599,0.0,0.0,0.0026,0.0,0.0,0.0,0.0,1.0,1.0,0.0,0.0,1.0,1.0,1.0,0.0,1.0,0.0,0.0,0.0,0.0,0.0,0.0,0.0,1.0,1.0,0.0,0.0,1.0,0.0,0.0,1.0,1.0,1.0,0.0,1.0,1.0,0.0,0.0,1.0,0.0,0.0,1.0,1.0,1.0,1.0,0.0,0.0,1.0,0.0,0.0,0.0,1.0,0.0,0.0,0.0,0.0,1.0,CALL,Pass1+relabel consensus
d6522_HJ_flop,0,0.0,80.0,0.0,0.0,0.0,0,0,0.0,1.0,0.34,0.0,0.0,0.0,1.0,0.0,9.0,1.0,0.0,0.0,0.0,0.0,4.0,13.0,0.7299,0.5799,0.3,0.33375,0.33375,0.610656,0.352459,0.33375,1.25,0.0,0.0,0.0,1.0,2.0,0.2474,0.0348,0.3589,1.0,0.0526,0.0,0.0,0.0,3.0,0.191489,0.167732,0.0,0.540519,11.0,0.0,0.3589,0.0,0.0,0.0,0.0,0.0,0.0,0.0,0.0,1.0,1.0,1.0,1.0,0.0,0.0,1.0,0.0,1.0,1.0,0.0,0.0,0.0,0.0,1.0,1.0,0.0,1.0,1.0,0.0,1.0,0.0,0.0,0.0,1.0,0.0,0.0,0.0,1.0,1.0,1.0,1.0,1.0,1.0,1.0,0.0,0.0,1.0,0.0,1.0,1.0,1.0,1.0,1.0,1.0,1.0,CHECK,Pass1+relabel consensus
d6533_BTN_river,0,1.0,133.0,53.0,0.284946,0.398496,0,0,1.0,4.0,0.93,1.0,0.0,0.0,0.0,0.0,0.0,0.0,1.0,0.0,0.0,0.0,7.0,14.0,0.77,0.4864,0.5,0.027,0.027,0.791383,0.206349,-0.257946,0.7519,0.0,1.0,1.0,0.0,2.0,0.743,0.0,0.1587,0.0,-0.443,0.0,1.0,0.0,0.0,0.0,0.033875,1.0,0.066049,3.0,0.0,0.0983,0.0,0.0,0.0,0.0,1.0,1.0,0.0,0.0,1.0,1.0,0.0,0.0,0.0,0.0,0.0,0.0,0.0,0.0,0.0,0.0,0.0,0.0,0.0,0.0,0.0,1.0,0.0,0.0,1.0,1.0,1.0,1.0,1.0,0.0,0.0,1.0,0.0,0.0,1.0,1.0,1.0,1.0,1.0,0.0,1.0,0.0,0.0,0.0,1.0,1.0,0.0,0.0,0.0,1.0,FOLD,Pass1+relabel consensus
d6533_CO_river,0,0.0,80.0,0.0,0.0,0.0,0,0,0.0,13.0,4.14,1.0,1.0,1.0,0.0,0.0,0.0,0.0,1.0,0.0,0.0,0.0,7.0,14.0,0.77,0.4864,0.5,0.9055,0.9055,0.044444,0.926984,0.9055,1.25,0.0,0.0,1.0,1.0,2.0,0.3868,0.0,0.0786,1.0,-0.0868,0.0,0.0,0.0,0.0,0.0,0.547686,1.0,0.376014,10.0,0.0,0.5346,0.0,0.0,0.0,0.0,0.0,0.0,0.0,0.0,1.0,1.0,1.0,1.0,1.0,1.0,0.0,0.0,0.0,0.0,0.0,0.0,0.0,0.0,1.0,0.0,1.0,1.0,0.0,1.0,1.0,1.0,1.0,0.0,1.0,0.0,0.0,0.0,1.0,0.0,1.0,1.0,1.0,1.0,1.0,0.0,0.0,0.0,0.0,0.0,1.0,0.0,1.0,0.0,0.0,1.0,BET,Pass1+relabel consensus
d6709_BB_flop,0,0.0,80.0,0.0,0.0,0.0,0,0,0.0,1.0,0.34,0.0,0.0,0.0,0.0,0.0,0.0,0.0,1.0,0.0,0.0,0.0,4.0,11.0,0.45,0.25,0.3,0.17475,0.17475,0.532787,0.44877,0.17475,1.25,0.0,1.0,0.0,0.0,2.0,0.2067,0.3498,0.1272,0.0,0.0933,0.0,0.0,0.0,3.0,0.0,0.089976,0.0,0.382419,0.0,0.0,0.3164,0.0,0.0,0.0,0.0,0.0,0.0,0.0,0.0,1.0,0.0,1.0,0.0,0.0,0.0,0.0,0.0,0.0,0.0,1.0,0.0,0.0,0.0,1.0,0.0,1.0,1.0,1.0,1.0,1.0,1.0,1.0,0.0,0.0,0.0,0.0,0.0,0.0,0.0,1.0,1.0,1.0,1.0,1.0,0.0,0.0,0.0,1.0,0.0,1.0,1.0,1.0,0.0,0.0,1.0,CHECK,Pass1+relabel consensus
d6709_BTN_flop,0,0.0,80.0,0.0,0.0,0.0,0,0,1.0,4.0,0.99,1.0,0.0,0.0,0.0,0.0,0.0,0.0,1.0,0.0,0.0,0.0,4.0,11.0,0.45,0.25,0.3,0.37675,0.37675,0.202128,0.795745,0.37675,1.25,0.0,1.0,0.0,0.0,2.0,0.2067,0.3498,0.1272,0.0,0.0933,0.0,0.0,0.0,0.0,0.234043,0.72352,1.0,0.382419,0.0,0.0,0.3164,0.0,0.0,0.0,0.0,0.0,1.0,0.0,0.0,1.0,1.0,0.0,1.0,0.0,0.0,0.0,0.0,0.0,0.0,1.0,0.0,0.0,0.0,1.0,0.0,1.0,1.0,1.0,0.0,1.0,0.0,1.0,0.0,1.0,0.0,1.0,0.0,0.0,1.0,1.0,1.0,1.0,0.0,1.0,0.0,0.0,0.0,0.0,1.0,1.0,1.0,1.0,0.0,1.0,1.0,CHECK,Pass1+relabel consensus
d6709_CO_river,0,0.0,80.0,0.0,0.0,0.0,0,0,0.0,0.0,0.23,0.0,0.0,0.0,0.0,0.0,0.0,0.0,1.0,0.0,0.0,0.0,4.0,14.0,0.7564,0.4864,0.3,0.01125,0.01125,0.801136,0.193182,0.01125,1.25,0.0,0.0,1.0,1.0,2.0,0.5126,0.0,0.0157,1.0,-0.2126,0.0,0.0,0.0,0.0,0.0,0.894285,0.0,0.237559,0.0,0.0,0.4717,1.0,1.0,0.0,0.0,0.0,1.0,0.0,0.0,1.0,1.0,0.0,1.0,0.0,0.0,0.0,0.0,0.0,0.0,0.0,0.0,0.0,0.0,0.0,1.0,1.0,1.0,0.0,1.0,1.0,1.0,1.0,0.0,0.0,0.0,0.0,0.0,1.0,0.0,1.0,1.0,1.0,1.0,0.0,0.0,0.0,0.0,1.0,0.0,1.0,1.0,1.0,0.0,0.0,1.0,CHECK,Pass1+relabel consensus
d6764_CO_river,0,0.0,80.0,0.0,0.0,0.0,0,0,0.0,0.0,0.19,0.0,0.0,0.0,0.0,0.0,0.0,0.0,0.0,1.0,1.0,0.0,8.0,10.0,1.0,0.0,0.8,0.00225,0.00225,0.959391,0.032995,0.00225,1.25,0.0,0.0,1.0,1.0,2.0,0.6447,0.0,0.3553,1.0,-0.3447,0.0,0.0,0.0,0.0,0.0,0.035672,0.0,0.126238,0.0,0.0,0.0,0.0,0.0,0.0,0.0,0.0,0.0,0.0,0.0,1.0,0.0,1.0,1.0,0.0,0.0,0.0,0.0,0.0,0.0,0.0,0.0,1.0,0.0,0.0,0.0,0.0,0.0,1.0,1.0,1.0,1.0,1.0,0.0,0.0,0.0,0.0,0.0,0.0,0.0,1.0,1.0,1.0,1.0,1.0,0.0,0.0,0.0,1.0,0.0,1.0,1.0,1.0,0.0,1.0,1.0,CHECK,Pass1+relabel consensus
d6826_BB_turn,0,0.0,80.0,0.0,0.0,0.0,0,0,0.0,10.0,2.4625,1.0,1.0,0.0,0.0,0.0,0.0,0.0,0.0,1.0,1.0,0.0,4.0,10.0,0.53,0.0,0.3,0.2725,0.2725,0.358178,0.621118,0.2725,1.25,0.0,1.0,1.0,0.0,2.0,0.5231,0.0477,0.4293,0.0,-0.2231,0.0,0.0,0.0,0.0,1.0,0.553519,1.0,0.205254,0.0,0.0,0.0,0.0,0.0,0.0,0.0,0.0,0.0,0.0,0.0,1.0,1.0,0.0,1.0,1.0,0.0,0.0,0.0,0.0,0.0,0.0,0.0,1.0,1.0,0.0,0.0,1.0,0.0,1.0,1.0,1.0,1.0,0.0,0.0,1.0,0.0,1.0,1.0,0.0,1.0,1.0,1.0,1.0,0.0,1.0,0.0,0.0,0.0,0.0,1.0,1.0,1.0,0.0,0.0,1.0,1.0,CHECK,Pass1+relabel consensus
d6826_BTN_turn,0,1.0,133.0,53.0,0.284946,0.398496,0,0,1.0,10.0,2.4625,1.0,1.0,0.0,0.0,0.0,0.0,0.0,0.0,1.0,1.0,0.0,4.0,10.0,0.53,0.0,0.3,0.26275,0.26275,0.347162,0.622271,-0.022196,0.7519,0.0,1.0,1.0,0.0,2.0,0.7511,0.0501,0.1988,0.0,-0.4511,0.0,1.0,0.0,0.0,1.0,0.590563,1.0,0.050109,0.0,0.0,0.0,0.0,0.0,0.0,0.0,1.0,1.0,0.0,0.0,1.0,1.0,0.0,0.0,0.0,0.0,0.0,0.0,0.0,0.0,0.0,0.0,1.0,0.0,0.0,0.0,1.0,0.0,0.0,1.0,1.0,1.0,1.0,1.0,1.0,0.0,1.0,1.0,0.0,0.0,1.0,1.0,1.0,0.0,1.0,0.0,1.0,0.0,0.0,0.0,1.0,1.0,0.0,0.0,1.0,1.0,FOLD,Pass1+relabel consensus
d6826_CO_turn,0,0.0,80.0,0.0,0.0,0.0,0,0,0.0,15.0,6.5225,1.0,1.0,1.0,0.0,0.0,0.0,0.0,0.0,1.0,1.0,0.0,4.0,10.0,0.53,0.0,0.3,0.9785,0.9785,0.002899,0.997101,0.9785,1.25,0.0,0.0,1.0,1.0,2.0,0.6226,0.0314,0.3459,1.0,-0.3226,0.0,0.0,0.0,0.0,1.0,0.992185,1.0,0.130827,10.0,0.0,0.0,0.0,0.0,0.0,0.0,0.0,0.0,0.0,0.0,1.0,1.0,1.0,0.0,1.0,1.0,0.0,0.0,0.0,0.0,0.0,0.0,1.0,0.0,0.0,0.0,1.0,0.0,1.0,1.0,1.0,0.0,1.0,0.0,1.0,0.0,0.0,0.0,0.0,0.0,1.0,1.0,1.0,0.0,1.0,0.0,0.0,0.0,0.0,0.0,1.0,0.0,1.0,0.0,0.0,1.0,BET,Pass1+relabel consensus
d6869_CO_turn,0,0.0,80.0,0.0,0.0,0.0,0,0,0.0,6.0,1.348,1.0,0.0,0.0,0.0,0.0,0.0,0.0,0.0,1.0,0.0,0.0,9.0,14.0,0.88,0.0,0.8,0.37575,0.37575,0.282468,0.600649,0.37575,1.25,0.0,0.0,1.0,1.0,2.0,0.3239,0.0,0.0786,1.0,-0.0239,0.0,0.0,0.0,0.0,0.304348,0.651741,1.0,0.457111,8.0,0.0,0.5975,0.0,0.0,0.0,0.0,0.0,0.0,0.0,0.0,1.0,1.0,0.0,1.0,0.0,0.0,0.0,0.0,0.0,0.0,0.0,0.0,0.0,0.0,1.0,0.0,1.0,0.0,1.0,0.0,1.0,1.0,1.0,0.0,1.0,0.0,0.0,0.0,0.0,0.0,1.0,1.0,1.0,0.0,0.0,0.0,0.0,0.0,0.0,1.0,1.0,1.0,1.0,0.0,1.0,1.0,CHECK,Pass1+relabel consensus
d7296_BB_flop,0,0.0,80.0,0.0,0.0,0.0,0,0,0.0,6.0,1.309,1.0,0.0,0.0,0.0,0.0,0.0,0.0,0.0,1.0,0.0,0.0,2.0,10.0,0.0,0.0,0.0,0.54,0.54,0.135354,0.852525,0.54,1.25,0.0,1.0,0.0,0.0,2.0,0.2743,0.0,0.5063,0.0,0.0257,0.0,0.0,0.0,0.0,0.234043,0.711085,1.0,0.52664,0.0,0.0,0.2194,0.0,0.0,0.0,0.0,0.0,0.0,1.0,0.0,1.0,1.0,1.0,1.0,0.0,0.0,0.0,0.0,0.0,0.0,0.0,0.0,0.0,0.0,1.0,0.0,1.0,0.0,0.0,0.0,1.0,0.0,1.0,1.0,1.0,0.0,0.0,0.0,0.0,1.0,1.0,1.0,1.0,0.0,0.0,0.0,0.0,0.0,0.0,0.0,1.0,1.0,1.0,0.0,1.0,1.0,CHECK,Pass1+relabel consensus
d7345_HJ_turn,0,0.0,80.0,0.0,0.0,0.0,0,0,0.0,10.0,2.72,1.0,1.0,0.0,0.0,0.0,0.0,0.0,0.0,1.0,1.0,0.0,2.0,14.0,0.23,0.0,0.0,0.1825,0.1825,0.552995,0.428571,0.1825,1.25,0.0,0.0,1.0,1.0,2.0,0.8293,0.0627,0.108,1.0,-0.5293,0.0,0.0,0.0,0.0,1.0,0.457774,1.0,0.019418,0.0,0.0,0.0,0.0,0.0,0.0,0.0,0.0,0.0,0.0,0.0,1.0,1.0,1.0,1.0,1.0,0.0,0.0,0.0,0.0,0.0,0.0,0.0,1.0,0.0,0.0,0.0,1.0,1.0,0.0,1.0,1.0,1.0,1.0,0.0,1.0,0.0,0.0,1.0,0.0,1.0,1.0,1.0,1.0,1.0,1.0,0.0,0.0,0.0,0.0,1.0,1.0,1.0,1.0,0.0,1.0,1.0,CHECK,Pass1+relabel consensus
d7361_BTN_turn,0,0.0,80.0,0.0,0.0,0.0,0,0,1.0,12.0,3.52,1.0,1.0,1.0,0.0,0.0,0.0,0.0,0.0,1.0,0.0,0.0,2.0,13.0,0.08,0.0,0.0,0.8495,0.8495,0.017787,0.982213,0.8495,1.25,0.0,1.0,1.0,0.0,2.0,0.1812,0.0795,0.3259,0.0,0.1188,0.0,0.0,0.0,0.0,1.0,0.980032,1.0,0.606919,2.0,0.0,0.4134,0.0,0.0,0.0,0.0,0.0,0.0,0.0,0.0,1.0,1.0,1.0,0.0,1.0,1.0,0.0,0.0,0.0,0.0,0.0,0.0,1.0,0.0,0.0,0.0,1.0,1.0,0.0,0.0,1.0,1.0,1.0,0.0,1.0,0.0,0.0,1.0,0.0,0.0,1.0,1.0,1.0,1.0,0.0,0.0,0.0,0.0,0.0,1.0,1.0,1.0,1.0,0.0,0.0,1.0,BET,Pass1+relabel consensus
d7429_BTN_flop,0,0.0,80.0,0.0,0.0,0.0,0,0,1.0,12.0,3.61,1.0,1.0,1.0,0.0,0.0,0.0,0.0,0.0,1.0,0.0,0.0,2.0,13.0,0.0,0.0,0.0,0.84525,0.84525,0.006173,0.993827,0.84525,1.25,0.0,1.0,0.0,0.0,2.0,0.1749,0.0636,0.3577,0.0,0.1251,0.0,0.0,0.0,0.0,1.0,0.991082,1.0,0.629325,0.0,0.0,0.4038,1.0,0.0,0.0,0.0,0.0,0.0,0.0,0.0,1.0,1.0,1.0,1.0,1.0,1.0,0.0,0.0,0.0,0.0,0.0,0.0,1.0,0.0,1.0,0.0,1.0,0.0,0.0,0.0,1.0,0.0,1.0,0.0,1.0,0.0,0.0,0.0,0.0,1.0,1.0,1.0,1.0,0.0,1.0,0.0,0.0,0.0,0.0,1.0,1.0,1.0,1.0,0.0,0.0,1.0,BET,Pass1+relabel consensus
d7466_BTN_river,0,0.0,80.0,0.0,0.0,0.0,0,0,1.0,1.0,0.34,0.0,0.0,0.0,0.0,1.0,4.0,0.0,1.0,0.0,0.0,0.0,2.0,13.0,0.6064,0.4864,0.0,0.05675,0.05675,0.681499,0.299766,0.05675,1.25,0.0,1.0,1.0,0.0,2.0,0.2607,0.0,0.3021,0.0,0.0393,0.0,0.0,0.0,3.0,0.0,0.95519,0.0,0.546564,0.0,0.0,0.4372,0.0,1.0,0.0,0.0,0.0,0.0,0.0,0.0,1.0,1.0,1.0,1.0,0.0,0.0,0.0,0.0,0.0,0.0,0.0,0.0,0.0,0.0,0.0,0.0,0.0,1.0,0.0,1.0,1.0,1.0,1.0,0.0,1.0,0.0,0.0,0.0,0.0,1.0,1.0,1.0,1.0,1.0,0.0,0.0,0.0,0.0,1.0,0.0,1.0,1.0,1.0,0.0,0.0,1.0,CHECK,Pass1+relabel consensus
d7516_BTN_river,0,1.0,133.0,53.0,0.284946,0.398496,0,0,1.0,1.0,0.34,0.0,0.0,0.0,0.0,1.0,4.0,0.0,0.0,1.0,1.0,0.0,7.0,13.0,0.77,0.0,0.5,0.06425,0.06425,0.639423,0.165865,-0.220696,0.7519,0.0,1.0,1.0,0.0,2.0,0.914,0.0,0.086,0.0,-0.614,0.0,1.0,0.0,3.0,0.0,0.210238,0.0,0.007396,0.0,0.0,0.0,0.0,0.0,0.0,0.0,1.0,1.0,0.0,0.0,1.0,1.0,1.0,1.0,0.0,0.0,0.0,0.0,0.0,0.0,0.0,0.0,0.0,0.0,1.0,0.0,1.0,0.0,1.0,1.0,1.0,1.0,0.0,1.0,0.0,0.0,0.0,0.0,0.0,0.0,1.0,1.0,1.0,0.0,1.0,0.0,1.0,0.0,1.0,0.0,1.0,1.0,1.0,0.0,0.0,1.0,FOLD,Pass1+relabel consensus
d7516_HJ_river,0,0.0,80.0,0.0,0.0,0.0,0,0,0.0,15.0,6.5325,1.0,1.0,1.0,0.0,0.0,0.0,0.0,0.0,1.0,1.0,0.0,7.0,13.0,0.77,0.0,0.5,0.93325,0.93325,0.018433,0.97235,0.93325,1.25,0.0,0.0,1.0,1.0,2.0,0.8676,0.0,0.1324,1.0,-0.5676,0.0,0.0,0.06734,0.0,0.0,0.951076,1.0,0.01753,13.0,0.0,0.0,0.0,0.0,0.0,0.0,0.0,0.0,0.0,0.0,1.0,1.0,1.0,0.0,1.0,1.0,0.0,0.0,0.0,0.0,0.0,0.0,1.0,0.0,0.0,0.0,1.0,0.0,0.0,0.0,1.0,0.0,1.0,0.0,1.0,0.0,0.0,1.0,0.0,0.0,1.0,1.0,1.0,1.0,0.0,0.0,0.0,0.0,0.0,0.0,1.0,0.0,1.0,0.0,0.0,1.0,BET,Pass1+relabel consensus
d7516_HJ_turn,0,0.0,80.0,0.0,0.0,0.0,0,0,0.0,11.0,3.1,1.0,1.0,1.0,1.0,0.0,9.0,0.0,0.0,1.0,1.0,0.0,2.0,12.0,0.23,0.0,0.0,0.788,0.788,0.064103,0.923077,0.788,1.25,0.0,0.0,1.0,1.0,2.0,0.7352,0.23,0.0348,1.0,-0.4352,0.0,0.0,0.09772,3.0,1.0,0.870766,1.0,0.02244,13.0,0.0,0.0,0.0,0.0,0.0,0.0,0.0,0.0,0.0,0.0,1.0,1.0,1.0,1.0,1.0,1.0,1.0,0.0,0.0,0.0,0.0,0.0,1.0,0.0,0.0,0.0,0.0,0.0,0.0,1.0,1.0,0.0,1.0,0.0,1.0,0.0,0.0,1.0,1.0,0.0,1.0,1.0,1.0,1.0,1.0,0.0,0.0,0.0,0.0,1.0,1.0,0.0,1.0,1.0,0.0,1.0,BET,Pass1+relabel consensus
d7640_BB_turn,0,0.0,80.0,0.0,0.0,0.0,0,0,0.0,14.0,5.12,1.0,1.0,0.0,0.0,0.0,0.0,0.0,1.0,0.0,1.0,0.0,2.0,9.0,0.7454,0.5154,0.0,0.8235,0.8235,0.040733,0.959267,0.8235,1.25,0.0,1.0,1.0,0.0,2.0,0.4515,0.0,0.5485,0.0,-0.1515,0.0,0.0,0.245902,6.0,1.0,0.70122,1.0,0.300852,12.0,0.0,0.0,0.0,0.0,0.0,0.0,0.0,0.0,0.0,0.0,1.0,0.0,1.0,0.0,1.0,1.0,0.0,0.0,0.0,0.0,1.0,0.0,1.0,0.0,0.0,0.0,1.0,0.0,0.0,0.0,1.0,0.0,1.0,0.0,1.0,0.0,0.0,0.0,0.0,0.0,1.0,1.0,1.0,1.0,1.0,0.0,0.0,1.0,1.0,1.0,1.0,0.0,1.0,1.0,0.0,1.0,BET,Pass1+relabel consensus
d7695_BTN_flop,0,0.0,80.0,0.0,0.0,0.0,0,0,1.0,1.0,0.34,0.0,0.0,0.0,0.0,0.0,0.0,0.0,0.0,1.0,0.0,0.0,2.0,13.0,0.0,0.0,0.0,0.24175,0.24175,0.396104,0.584416,0.24175,1.25,0.0,1.0,0.0,0.0,2.0,0.159,0.0,0.5246,0.0,0.141,0.0,0.0,0.0,3.0,0.0,0.557491,0.0,0.707281,0.0,0.0,0.3164,0.0,0.0,0.0,0.0,0.0,1.0,0.0,0.0,1.0,1.0,1.0,1.0,0.0,0.0,0.0,0.0,0.0,0.0,0.0,1.0,0.0,0.0,1.0,1.0,0.0,0.0,0.0,1.0,1.0,0.0,1.0,0.0,0.0,0.0,0.0,0.0,0.0,1.0,1.0,1.0,1.0,1.0,1.0,0.0,0.0,0.0,1.0,0.0,1.0,1.0,1.0,0.0,1.0,1.0,CHECK,Pass1+relabel consensus
d7695_BTN_turn,0,0.0,80.0,0.0,0.0,0.0,0,0,1.0,1.0,0.34,0.0,0.0,0.0,0.0,0.0,0.0,0.0,0.0,1.0,0.0,0.0,2.0,13.0,0.08,0.0,0.0,0.16525,0.16525,0.520362,0.459276,0.16525,1.25,0.0,1.0,1.0,0.0,2.0,0.1908,0.318,0.1272,0.0,0.1092,0.0,0.0,0.195567,3.0,0.0,0.274572,0.0,0.42276,14.0,0.0,0.3641,0.0,1.0,0.0,0.0,0.0,1.0,0.0,0.0,1.0,1.0,0.0,1.0,0.0,0.0,0.0,0.0,0.0,0.0,0.0,0.0,0.0,0.0,0.0,0.0,0.0,0.0,0.0,1.0,1.0,0.0,1.0,0.0,1.0,1.0,0.0,1.0,0.0,1.0,1.0,1.0,1.0,0.0,1.0,0.0,0.0,1.0,1.0,1.0,1.0,1.0,1.0,0.0,1.0,1.0,CHECK,Pass1+relabel consensus
d7726_BTN_river,0,0.0,80.0,0.0,0.0,0.0,0,0,1.0,4.0,0.98,1.0,0.0,0.0,0.0,1.0,4.0,0.0,1.0,0.0,0.0,0.0,7.0,14.0,0.77,0.4864,0.5,0.02875,0.02875,0.754137,0.243499,0.02875,1.25,0.0,1.0,1.0,0.0,2.0,0.5946,0.0,0.0,0.0,-0.2946,0.0,0.0,0.0,0.0,0.0,0.102087,1.0,0.164349,0.0,0.0,0.4054,1.0,0.0,0.0,0.0,0.0,0.0,0.0,0.0,1.0,1.0,1.0,1.0,0.0,0.0,0.0,1.0,0.0,0.0,0.0,0.0,0.0,0.0,0.0,0.0,0.0,1.0,0.0,1.0,1.0,1.0,1.0,0.0,1.0,0.0,1.0,1.0,0.0,0.0,1.0,1.0,1.0,0.0,1.0,0.0,0.0,0.0,0.0,0.0,1.0,1.0,1.0,0.0,1.0,1.0,CHECK,Pass1+relabel consensus
d7760_BTN_flop,0,0.0,80.0,0.0,0.0,0.0,0,0,1.0,2.0,0.44,0.0,0.0,0.0,0.0,0.0,0.0,0.0,1.0,0.0,0.0,0.0,2.0,10.0,0.25,0.25,0.0,0.21475,0.21475,0.449679,0.531049,0.21475,1.25,0.0,1.0,0.0,0.0,2.0,0.1971,0.0,0.5405,0.0,0.1029,0.0,0.0,0.0,6.0,0.0,0.623565,0.0,0.644648,0.0,0.0,0.2623,0.0,1.0,0.0,0.0,0.0,1.0,0.0,0.0,1.0,1.0,1.0,1.0,0.0,0.0,0.0,0.0,0.0,0.0,1.0,0.0,0.0,0.0,0.0,1.0,1.0,1.0,0.0,0.0,1.0,0.0,0.0,0.0,1.0,0.0,0.0,0.0,0.0,1.0,1.0,1.0,1.0,1.0,1.0,0.0,0.0,0.0,1.0,0.0,1.0,1.0,1.0,0.0,1.0,1.0,CHECK,Pass1+relabel consensus
d7760_BTN_river,0,1.0,133.0,53.0,0.284946,0.398496,0,0,1.0,6.0,1.351,1.0,0.0,0.0,0.0,0.0,0.0,0.0,1.0,0.0,0.0,0.0,4.0,14.0,0.7564,0.4864,0.3,0.4355,0.4355,0.225806,0.759305,0.150554,0.7519,0.0,1.0,1.0,0.0,2.0,0.6318,0.0,0.2667,0.0,-0.3318,0.0,1.0,0.0,0.0,0.0,0.773815,1.0,0.135571,0.0,0.0,0.1015,0.0,0.0,0.0,0.0,1.0,1.0,0.0,0.0,1.0,1.0,0.0,1.0,0.0,0.0,0.0,0.0,0.0,0.0,0.0,0.0,0.0,0.0,0.0,1.0,1.0,1.0,1.0,1.0,1.0,1.0,1.0,1.0,0.0,0.0,1.0,1.0,0.0,0.0,1.0,1.0,1.0,0.0,1.0,0.0,1.0,0.0,0.0,0.0,1.0,1.0,0.0,0.0,0.0,1.0,CALL,Pass1+relabel consensus
d7760_CO_river,0,0.0,80.0,0.0,0.0,0.0,0,0,0.0,14.0,5.12,1.0,1.0,1.0,0.0,0.0,0.0,0.0,1.0,0.0,0.0,0.0,4.0,14.0,0.7564,0.4864,0.3,0.975,0.975,0.015015,0.984985,0.975,1.25,0.0,0.0,1.0,1.0,2.0,0.3145,0.0,0.1195,1.0,-0.0145,0.0,0.0,0.05,0.0,0.0,0.892509,1.0,0.46991,12.0,0.0,0.566,0.0,0.0,0.0,0.0,0.0,0.0,0.0,0.0,1.0,1.0,1.0,1.0,1.0,1.0,0.0,0.0,0.0,0.0,1.0,0.0,0.0,0.0,0.0,0.0,0.0,1.0,1.0,1.0,1.0,1.0,1.0,0.0,1.0,0.0,0.0,1.0,0.0,0.0,1.0,1.0,1.0,1.0,0.0,0.0,0.0,1.0,0.0,1.0,1.0,0.0,1.0,1.0,0.0,1.0,BET,Pass1+relabel consensus
d7983_BB_river,0,0.0,80.0,0.0,0.0,0.0,0,0,0.0,1.0,0.34,0.0,0.0,0.0,0.0,0.0,0.0,0.0,1.0,0.0,0.0,0.0,7.0,13.0,0.77,0.4864,0.5,0.064,0.064,0.717241,0.264368,0.064,1.25,0.0,1.0,1.0,0.0,2.0,0.5485,0.0,0.0633,0.0,-0.2485,0.0,0.0,0.0,3.0,0.0,0.049053,0.0,0.203852,0.0,0.0,0.3882,1.0,0.0,0.0,0.0,0.0,0.0,0.0,0.0,1.0,1.0,1.0,1.0,0.0,0.0,0.0,0.0,0.0,0.0,0.0,0.0,0.0,0.0,1.0,0.0,1.0,1.0,1.0,1.0,1.0,0.0,1.0,0.0,0.0,0.0,0.0,1.0,0.0,1.0,1.0,1.0,1.0,1.0,1.0,0.0,0.0,0.0,1.0,0.0,1.0,1.0,1.0,0.0,0.0,1.0,CHECK,Pass1+relabel consensus
d7983_BB_turn,0,0.0,80.0,0.0,0.0,0.0,0,0,0.0,1.0,0.34,0.0,0.0,0.0,0.0,0.0,0.0,0.0,0.0,0.0,0.0,0.0,7.0,13.0,0.58,0.0,0.5,0.16625,0.16625,0.556522,0.423913,0.16625,1.25,0.0,1.0,1.0,0.0,2.0,0.1899,0.3376,0.1055,0.0,0.1101,0.0,0.0,0.0,3.0,0.0,0.091787,0.0,0.411266,0.0,0.0,0.3671,0.0,0.0,0.0,0.0,0.0,0.0,1.0,0.0,1.0,1.0,0.0,1.0,0.0,0.0,0.0,0.0,0.0,0.0,0.0,0.0,0.0,0.0,1.0,0.0,0.0,0.0,1.0,1.0,1.0,1.0,1.0,0.0,0.0,0.0,0.0,0.0,0.0,0.0,1.0,1.0,1.0,1.0,1.0,0.0,0.0,0.0,1.0,0.0,1.0,1.0,1.0,0.0,0.0,1.0,CHECK,Pass1+relabel consensus
d7983_HJ_flop,0,0.0,80.0,0.0,0.0,0.0,0,0,0.0,2.0,0.43,0.0,0.0,0.0,0.0,0.0,0.0,0.0,1.0,0.0,0.0,0.0,7.0,6.0,0.65,0.25,0.5,0.1535,0.1535,0.650735,0.316176,0.1535,1.25,0.0,0.0,0.0,1.0,2.0,0.3589,0.4808,0.0557,1.0,-0.0589,0.0,0.0,0.0,6.0,0.0,0.198968,0.0,0.16056,0.0,0.0,0.1045,0.0,0.0,0.0,0.0,0.0,1.0,0.0,0.0,1.0,1.0,1.0,1.0,0.0,0.0,0.0,0.0,0.0,0.0,0.0,0.0,0.0,0.0,1.0,0.0,0.0,1.0,1.0,1.0,1.0,0.0,0.0,0.0,0.0,0.0,0.0,0.0,0.0,1.0,1.0,1.0,1.0,0.0,1.0,0.0,0.0,0.0,1.0,0.0,1.0,1.0,1.0,0.0,0.0,1.0,CHECK,Pass1+relabel consensus
d8002_BTN_flop,0,1.0,133.0,53.0,0.284946,0.398496,0,0,1.0,4.0,0.97,1.0,0.0,0.0,0.0,0.0,0.0,0.0,0.0,1.0,0.0,0.0,2.0,10.0,0.0,0.0,0.0,0.34,0.34,0.224242,0.773737,0.055054,0.7519,0.0,1.0,0.0,0.0,2.0,0.4699,0.0,0.3566,0.0,-0.1699,0.0,1.0,0.0,0.0,0.234043,0.690741,1.0,0.281006,0.0,0.0,0.1736,0.0,0.0,0.0,0.0,1.0,1.0,0.0,0.0,1.0,1.0,1.0,1.0,0.0,0.0,0.0,0.0,0.0,0.0,0.0,0.0,0.0,0.0,0.0,0.0,1.0,0.0,0.0,1.0,1.0,1.0,1.0,1.0,1.0,0.0,1.0,0.0,1.0,0.0,1.0,1.0,1.0,0.0,1.0,0.0,1.0,0.0,0.0,1.0,1.0,1.0,0.0,0.0,1.0,1.0,FOLD,"Pass 2 + SOLVER override (was Pass 2 CALL, solver said FOLD)"
d8002_HJ_flop,0,0.0,80.0,0.0,0.0,0.0,0,0,0.0,12.0,3.6,1.0,1.0,1.0,0.0,0.0,0.0,0.0,0.0,1.0,0.0,0.0,2.0,10.0,0.0,0.0,0.0,0.905,0.905,0.0,1.0,0.905,1.25,0.0,0.0,0.0,1.0,2.0,0.3136,0.0,0.3798,1.0,-0.0136,0.0,0.0,0.0,0.0,1.0,0.99424,1.0,0.471145,0.0,0.0,0.3066,0.0,1.0,0.0,0.0,0.0,1.0,0.0,0.0,1.0,1.0,1.0,1.0,1.0,1.0,0.0,0.0,0.0,0.0,0.0,1.0,1.0,0.0,1.0,1.0,1.0,0.0,0.0,1.0,1.0,1.0,1.0,0.0,1.0,0.0,0.0,0.0,0.0,0.0,1.0,1.0,1.0,1.0,0.0,0.0,0.0,0.0,0.0,1.0,1.0,0.0,1.0,0.0,0.0,1.0,BET,Pass1+relabel consensus
d8007_BTN_flop,0,0.0,80.0,0.0,0.0,0.0,0,0,1.0,1.0,0.34,0.0,0.0,0.0,0.0,0.0,0.0,0.0,1.0,0.0,0.0,0.0,2.0,10.0,0.25,0.25,0.0,0.09325,0.09325,0.684435,0.296375,0.09325,1.25,0.0,1.0,0.0,0.0,2.0,0.2743,0.0,0.4641,0.0,0.0257,0.0,0.0,0.0,3.0,0.0,0.479588,0.0,0.52664,0.0,0.0,0.2616,0.0,0.0,0.0,0.0,0.0,0.0,0.0,0.0,1.0,0.0,1.0,1.0,0.0,0.0,0.0,0.0,0.0,0.0,0.0,0.0,0.0,0.0,0.0,1.0,1.0,1.0,0.0,0.0,1.0,1.0,0.0,0.0,1.0,0.0,0.0,0.0,0.0,0.0,1.0,1.0,1.0,0.0,1.0,0.0,0.0,0.0,1.0,0.0,1.0,1.0,1.0,0.0,1.0,1.0,CHECK,Pass1+relabel consensus
d8036_BTN_turn,0,0.0,80.0,0.0,0.0,0.0,0,0,1.0,2.0,0.43,0.0,0.0,0.0,0.0,1.0,4.0,0.0,0.0,1.0,0.0,0.0,4.0,10.0,0.38,0.0,0.3,0.162,0.162,0.784483,0.202586,0.162,1.25,0.0,1.0,1.0,0.0,2.0,0.2289,0.0477,0.4134,0.0,0.0711,0.0,0.0,0.0,6.0,0.086957,0.423558,0.0,0.558383,0.0,0.0,0.31,0.0,0.0,0.0,0.0,0.0,0.0,0.0,0.0,1.0,1.0,0.0,0.0,0.0,0.0,0.0,1.0,1.0,0.0,0.0,0.0,0.0,0.0,0.0,0.0,0.0,0.0,1.0,0.0,1.0,1.0,1.0,0.0,1.0,0.0,0.0,1.0,0.0,0.0,1.0,1.0,1.0,0.0,0.0,0.0,0.0,0.0,1.0,1.0,1.0,1.0,1.0,0.0,1.0,1.0,CHECK,Pass1+relabel consensus
d8036_CO_river,0,0.0,80.0,0.0,0.0,0.0,0,0,0.0,2.0,0.43,0.0,0.0,0.0,0.0,1.0,4.0,0.0,1.0,0.0,0.0,0.0,9.0,10.0,1.0,0.4864,0.8,0.0015,0.0015,0.919075,0.057803,0.0015,1.25,0.0,0.0,1.0,1.0,2.0,0.4874,0.0,0.2516,1.0,-0.1874,0.0,0.0,0.0,6.0,0.0,0.056657,0.0,0.262759,0.0,0.0,0.261,1.0,0.0,0.0,0.0,0.0,1.0,0.0,0.0,1.0,1.0,0.0,1.0,0.0,0.0,0.0,0.0,0.0,0.0,0.0,0.0,0.0,0.0,0.0,0.0,1.0,1.0,1.0,1.0,1.0,1.0,1.0,0.0,0.0,0.0,0.0,1.0,0.0,1.0,1.0,1.0,1.0,1.0,0.0,0.0,0.0,0.0,1.0,0.0,1.0,1.0,1.0,0.0,0.0,1.0,CHECK,Pass1+relabel consensus
d8137_BTN_flop,0,0.0,80.0,0.0,0.0,0.0,0,0,1.0,4.0,1.0,1.0,0.0,0.0,0.0,1.0,8.0,0.0,1.0,0.0,0.0,0.0,7.0,12.0,0.65,0.25,0.5,0.435,0.435,0.277542,0.720339,0.435,1.25,0.0,1.0,0.0,0.0,2.0,0.2544,0.0477,0.31,0.0,0.0456,0.0,0.0,0.0,0.0,0.404255,0.615227,1.0,0.520923,0.0,0.0,0.3879,0.0,0.0,0.0,0.0,0.0,0.0,0.0,0.0,1.0,1.0,1.0,0.0,0.0,0.0,0.0,1.0,1.0,0.0,1.0,0.0,0.0,0.0,1.0,1.0,1.0,1.0,1.0,1.0,1.0,1.0,1.0,0.0,1.0,0.0,0.0,0.0,0.0,1.0,1.0,1.0,1.0,0.0,0.0,0.0,0.0,0.0,0.0,1.0,1.0,1.0,0.0,0.0,1.0,1.0,CHECK,Pass1+relabel consensus
d8137_CO_river,0,0.0,80.0,0.0,0.0,0.0,0,0,0.0,0.0,0.23,0.0,0.0,0.0,0.0,1.0,4.0,0.0,0.0,1.0,0.0,0.0,7.0,14.0,0.62,0.0,0.5,0.00075,0.00075,0.936306,0.035032,0.00075,1.25,0.0,0.0,1.0,1.0,2.0,0.3553,0.0,0.0314,1.0,-0.0553,0.0,0.0,0.0,0.0,0.0,0.09256,0.0,0.415638,0.0,0.0,0.6132,0.0,1.0,0.0,0.0,0.0,1.0,0.0,0.0,1.0,1.0,1.0,1.0,0.0,0.0,0.0,1.0,0.0,0.0,0.0,0.0,0.0,0.0,1.0,1.0,0.0,0.0,1.0,1.0,1.0,0.0,0.0,0.0,0.0,0.0,0.0,1.0,0.0,1.0,1.0,1.0,1.0,1.0,1.0,0.0,0.0,0.0,1.0,0.0,1.0,1.0,1.0,0.0,1.0,1.0,CHECK,Pass1+relabel consensus
d8411_HJ_river,0,0.0,80.0,0.0,0.0,0.0,0,0,0.0,2.0,0.43,0.0,0.0,0.0,0.0,0.0,0.0,0.0,1.0,0.0,0.0,0.0,5.0,11.0,0.7564,0.4864,0.3,0.006,0.006,0.877049,0.090164,0.006,1.25,0.0,0.0,1.0,1.0,2.0,0.3136,0.0,0.3275,1.0,-0.0136,0.0,0.0,0.0,6.0,0.0,0.820288,0.0,0.471145,0.0,0.0,0.3589,0.0,0.0,0.0,0.0,0.0,0.0,0.0,0.0,1.0,0.0,1.0,1.0,1.0,0.0,0.0,0.0,0.0,0.0,0.0,0.0,0.0,0.0,1.0,0.0,1.0,1.0,0.0,1.0,1.0,1.0,1.0,0.0,1.0,0.0,0.0,0.0,0.0,1.0,1.0,1.0,1.0,0.0,0.0,0.0,0.0,1.0,1.0,0.0,1.0,1.0,1.0,0.0,0.0,1.0,CHECK,Pass1+relabel consensus
d8427_BB_river,0,0.0,80.0,0.0,0.0,0.0,0,0,0.0,11.0,3.13,1.0,1.0,1.0,0.0,0.0,0.0,0.0,0.0,1.0,1.0,0.0,4.0,13.0,0.57,0.0,0.3,0.854,0.854,0.063232,0.929742,0.854,1.25,0.0,1.0,1.0,0.0,2.0,0.6582,0.0,0.3418,0.0,-0.3582,0.0,0.0,0.04635,0.0,0.0,0.832882,1.0,0.116827,13.0,0.0,0.0,0.0,0.0,0.0,0.0,0.0,0.0,0.0,0.0,1.0,1.0,1.0,0.0,1.0,1.0,0.0,0.0,0.0,0.0,0.0,0.0,1.0,0.0,0.0,0.0,1.0,0.0,1.0,1.0,1.0,1.0,1.0,0.0,1.0,0.0,0.0,1.0,0.0,0.0,1.0,1.0,1.0,1.0,0.0,0.0,0.0,0.0,0.0,0.0,1.0,0.0,1.0,0.0,0.0,1.0,BET,Pass1+relabel consensus
d8427_BTN_flop,0,0.0,80.0,0.0,0.0,0.0,0,0,1.0,7.0,1.342,1.0,0.0,0.0,0.0,0.0,0.0,0.0,0.0,1.0,0.0,0.0,2.0,13.0,0.0,0.0,0.0,0.6935,0.6935,0.049896,0.93763,0.6935,1.25,0.0,1.0,0.0,0.0,2.0,0.1335,0.0,0.4372,0.0,0.1665,0.0,0.0,0.0,0.0,0.234043,0.916374,1.0,0.750822,0.0,0.0,0.4293,0.0,1.0,0.0,0.0,0.0,1.0,1.0,0.0,1.0,1.0,1.0,1.0,0.0,0.0,0.0,0.0,0.0,0.0,0.0,1.0,0.0,0.0,1.0,0.0,1.0,0.0,0.0,1.0,1.0,1.0,1.0,0.0,1.0,0.0,0.0,0.0,0.0,0.0,1.0,1.0,1.0,0.0,1.0,0.0,0.0,0.0,0.0,1.0,1.0,1.0,1.0,0.0,1.0,1.0,BET,Pass1+relabel consensus
d8427_CO_river,0,1.0,133.0,53.0,0.284946,0.398496,0,0,0.0,10.0,2.7325,1.0,1.0,0.0,0.0,0.0,0.0,0.0,0.0,1.0,1.0,0.0,4.0,13.0,0.57,0.0,0.3,0.65575,0.65575,0.17,0.826667,0.370804,0.7519,0.0,0.0,1.0,1.0,2.0,0.8324,0.0,0.1676,1.0,-0.5324,0.0,1.0,0.112486,6.0,0.0,0.812373,1.0,0.02809,14.0,0.0,0.0,0.0,1.0,0.0,0.0,1.0,1.0,0.0,0.0,1.0,1.0,1.0,1.0,1.0,0.0,0.0,0.0,0.0,0.0,0.0,0.0,0.0,0.0,0.0,0.0,1.0,0.0,0.0,1.0,1.0,1.0,1.0,1.0,1.0,0.0,1.0,1.0,0.0,0.0,1.0,1.0,1.0,1.0,1.0,0.0,1.0,1.0,0.0,0.0,1.0,1.0,0.0,0.0,0.0,1.0,CALL,Pass1+relabel consensus
d8439_BTN_turn,0,0.0,80.0,0.0,0.0,0.0,0,0,1.0,1.0,0.34,0.0,0.0,0.0,0.0,0.0,0.0,0.0,0.0,1.0,0.0,0.0,7.0,12.0,0.58,0.0,0.5,0.0625,0.0625,0.786047,0.109302,0.0625,1.25,0.0,1.0,1.0,0.0,2.0,0.3021,0.2782,0.0318,0.0,-0.0021,0.0,0.0,0.0,3.0,0.0,0.318066,0.0,0.312257,0.0,0.0,0.3879,0.0,0.0,0.0,0.0,0.0,0.0,0.0,0.0,1.0,1.0,0.0,1.0,0.0,0.0,0.0,0.0,0.0,0.0,0.0,0.0,0.0,0.0,1.0,0.0,1.0,0.0,1.0,0.0,1.0,1.0,0.0,0.0,0.0,0.0,1.0,1.0,0.0,0.0,1.0,1.0,1.0,0.0,0.0,0.0,0.0,0.0,1.0,1.0,1.0,1.0,1.0,0.0,0.0,1.0,CHECK,Pass1+relabel consensus
d8453_BTN_turn,0,0.0,80.0,0.0,0.0,0.0,0,0,1.0,10.0,2.4175,1.0,1.0,0.0,0.0,0.0,0.0,0.0,0.0,1.0,1.0,1.0,2.0,7.0,0.23,0.0,0.0,0.438,0.438,0.165657,0.832323,0.438,1.25,0.0,1.0,1.0,0.0,2.0,0.2689,0.5419,0.1892,0.0,0.0311,0.0,0.0,0.0,6.0,1.0,0.871919,1.0,0.211738,0.0,0.0,0.0,0.0,1.0,0.0,0.0,0.0,1.0,0.0,0.0,1.0,1.0,1.0,0.0,1.0,0.0,0.0,0.0,0.0,0.0,0.0,1.0,1.0,1.0,0.0,0.0,1.0,1.0,0.0,1.0,1.0,0.0,0.0,0.0,1.0,0.0,0.0,1.0,1.0,1.0,1.0,1.0,1.0,0.0,0.0,1.0,0.0,0.0,1.0,1.0,1.0,1.0,1.0,0.0,1.0,1.0,BET,Pass1+relabel consensus
d8473_BTN_turn,0,0.0,80.0,0.0,0.0,0.0,0,0,1.0,3.0,1.02,1.0,0.0,0.0,1.0,1.0,17.0,0.0,0.0,0.0,0.0,0.0,9.0,7.0,0.88,0.0,0.8,0.4575,0.4575,0.371901,0.615702,0.4575,1.25,0.0,1.0,1.0,0.0,2.0,0.2405,0.2532,0.3797,0.0,0.0595,0.0,0.0,0.0,3.0,0.543478,0.697827,1.0,0.400562,0.0,0.0,0.1266,0.0,0.0,0.0,0.0,0.0,1.0,0.0,0.0,1.0,1.0,1.0,1.0,0.0,0.0,1.0,1.0,1.0,0.0,0.0,0.0,0.0,0.0,1.0,1.0,1.0,0.0,1.0,1.0,1.0,0.0,1.0,0.0,0.0,0.0,0.0,1.0,0.0,0.0,1.0,1.0,1.0,1.0,1.0,0.0,0.0,1.0,0.0,1.0,1.0,1.0,1.0,1.0,1.0,1.0,BET,Pass1+relabel consensus
d8473_HJ_river,0,0.0,80.0,0.0,0.0,0.0,0,0,0.0,0.0,0.2,0.0,0.0,0.0,0.0,0.0,0.0,0.0,0.0,1.0,0.0,0.0,9.0,13.0,0.92,0.0,0.8,0.001,0.001,0.976744,0.011628,0.001,1.25,0.0,0.0,1.0,1.0,2.0,0.2997,0.0,0.3066,1.0,0.0003,0.0,0.0,0.0,0.0,0.0,0.265915,0.0,0.49042,0.0,0.0,0.3937,0.0,0.0,0.0,1.0,0.0,0.0,0.0,0.0,1.0,1.0,1.0,1.0,0.0,0.0,0.0,0.0,0.0,0.0,0.0,0.0,0.0,0.0,1.0,0.0,1.0,0.0,1.0,1.0,1.0,1.0,1.0,0.0,0.0,0.0,0.0,1.0,0.0,1.0,1.0,1.0,1.0,0.0,0.0,0.0,0.0,0.0,1.0,0.0,1.0,1.0,1.0,0.0,1.0,1.0,CHECK,Pass1+relabel consensus
d8758_BTN_turn,0,0.0,80.0,0.0,0.0,0.0,0,0,1.0,10.0,2.31,1.0,1.0,0.0,0.0,0.0,0.0,0.0,0.0,1.0,1.0,0.0,2.0,13.0,0.23,0.0,0.0,0.2335,0.2335,0.413136,0.584746,0.2335,1.25,0.0,1.0,1.0,0.0,2.0,0.6027,0.0,0.3973,0.0,-0.3027,0.0,0.0,0.0,0.0,1.0,0.563167,1.0,0.157847,6.0,0.0,0.0,0.0,0.0,0.0,0.0,0.0,0.0,0.0,0.0,1.0,1.0,1.0,1.0,1.0,0.0,0.0,0.0,0.0,0.0,0.0,0.0,1.0,0.0,0.0,0.0,1.0,0.0,0.0,0.0,1.0,1.0,1.0,0.0,1.0,0.0,1.0,1.0,0.0,0.0,1.0,1.0,1.0,0.0,1.0,0.0,0.0,0.0,0.0,1.0,1.0,1.0,1.0,0.0,0.0,1.0,CHECK,Pass1+relabel consensus
d8758_UTG_flop,0,0.0,80.0,0.0,0.0,0.0,0,0,0.0,2.0,0.43,0.0,0.0,0.0,0.0,0.0,0.0,0.0,0.0,1.0,1.0,0.0,2.0,9.0,0.15,0.0,0.0,0.17625,0.17625,0.748148,0.207407,0.17625,1.25,0.0,0.0,0.0,1.0,2.0,0.4902,0.0,0.5098,1.0,-0.1902,0.0,0.0,0.0,6.0,0.12766,0.210675,0.0,0.259896,0.0,0.0,0.0,0.0,0.0,0.0,0.0,0.0,0.0,0.0,0.0,1.0,1.0,1.0,1.0,0.0,0.0,0.0,0.0,0.0,0.0,0.0,1.0,1.0,0.0,0.0,0.0,1.0,0.0,0.0,1.0,1.0,0.0,1.0,0.0,1.0,0.0,0.0,0.0,1.0,1.0,1.0,1.0,1.0,1.0,1.0,0.0,0.0,0.0,1.0,0.0,1.0,1.0,1.0,0.0,1.0,1.0,CHECK,Pass1+relabel consensus
d8886_BTN_flop,0,0.0,80.0,0.0,0.0,0.0,0,0,1.0,4.0,0.99,1.0,0.0,0.0,0.0,0.0,0.0,0.0,1.0,0.0,0.0,0.0,2.0,11.0,0.25,0.25,0.0,0.39375,0.39375,0.178645,0.819302,0.39375,1.25,0.0,1.0,0.0,0.0,2.0,0.1812,0.0,0.5882,0.0,0.1188,0.0,0.0,0.018553,0.0,0.234043,0.728414,1.0,0.670433,9.0,0.0,0.2305,0.0,0.0,0.0,0.0,0.0,0.0,0.0,0.0,1.0,1.0,1.0,1.0,0.0,0.0,0.0,0.0,0.0,0.0,1.0,0.0,0.0,0.0,1.0,1.0,1.0,1.0,0.0,1.0,1.0,1.0,1.0,0.0,1.0,0.0,0.0,0.0,0.0,0.0,1.0,1.0,1.0,1.0,0.0,0.0,0.0,0.0,0.0,0.0,1.0,1.0,1.0,0.0,1.0,1.0,CHECK,Pass 2 — solver mixed (BET combo) but owner keeps CHECK
d8963_BB_turn,0,0.0,80.0,0.0,0.0,0.0,0,0,0.0,1.0,0.34,0.0,0.0,0.0,0.0,0.0,0.0,0.0,0.0,1.0,0.0,0.0,4.0,13.0,0.38,0.0,0.3,0.17125,0.17125,0.564159,0.415929,0.17125,1.25,0.0,1.0,1.0,0.0,2.0,0.1772,0.2743,0.1055,0.0,0.1228,0.0,0.0,0.0,3.0,0.0,0.072816,0.0,0.470116,0.0,0.0,0.443,1.0,0.0,0.0,0.0,0.0,0.0,0.0,0.0,1.0,1.0,1.0,1.0,0.0,0.0,0.0,0.0,0.0,0.0,0.0,0.0,0.0,0.0,0.0,0.0,1.0,0.0,0.0,1.0,1.0,0.0,1.0,0.0,1.0,0.0,1.0,1.0,0.0,1.0,1.0,1.0,1.0,0.0,0.0,0.0,0.0,0.0,1.0,0.0,1.0,1.0,1.0,0.0,0.0,1.0,CHECK,Pass1+relabel consensus
d8963_HJ_turn,0,0.0,80.0,0.0,0.0,0.0,0,0,0.0,4.0,1.01,1.0,0.0,0.0,0.0,0.0,0.0,0.0,0.0,1.0,0.0,0.0,4.0,13.0,0.38,0.0,0.3,0.38475,0.38475,0.298387,0.697581,0.38475,1.25,0.0,0.0,1.0,1.0,2.0,0.2822,0.3066,0.0105,1.0,0.0178,0.0,0.0,0.0,0.0,0.304348,0.610841,1.0,0.31866,11.0,0.0,0.4007,0.0,0.0,0.0,0.0,0.0,0.0,0.0,0.0,1.0,1.0,0.0,1.0,0.0,0.0,0.0,0.0,0.0,0.0,0.0,0.0,0.0,0.0,1.0,0.0,1.0,0.0,1.0,1.0,1.0,0.0,0.0,0.0,1.0,0.0,0.0,0.0,1.0,0.0,1.0,1.0,1.0,0.0,0.0,0.0,0.0,0.0,0.0,0.0,1.0,1.0,1.0,0.0,1.0,1.0,CHECK,Pass 2 — solver mixed (BET combo) but owner keeps CHECK
d9178_CO_turn,0,0.0,80.0,0.0,0.0,0.0,0,0,0.0,0.0,0.17,0.0,0.0,0.0,0.0,0.0,0.0,0.0,0.0,0.0,1.0,0.0,4.0,14.0,0.53,0.0,0.3,0.03075,0.03075,0.95493,0.03662,0.03075,1.25,0.0,0.0,1.0,1.0,2.0,0.7547,0.0314,0.2138,1.0,-0.4547,0.0,0.0,0.0,0.0,0.130435,0.013966,0.0,0.052716,0.0,0.0,0.0,1.0,0.0,0.0,0.0,0.0,0.0,0.0,0.0,1.0,1.0,0.0,0.0,0.0,0.0,0.0,0.0,0.0,0.0,0.0,0.0,1.0,0.0,0.0,0.0,0.0,0.0,0.0,1.0,1.0,1.0,1.0,0.0,0.0,0.0,0.0,1.0,0.0,1.0,1.0,1.0,1.0,1.0,1.0,0.0,0.0,0.0,1.0,0.0,1.0,1.0,1.0,0.0,0.0,1.0,CHECK,Pass1+relabel consensus
d9208_BB_flop,0,0.0,80.0,0.0,0.0,0.0,0,0,0.0,10.0,2.7175,1.0,1.0,0.0,0.0,0.0,0.0,0.0,0.0,1.0,1.0,0.0,2.0,14.0,0.15,0.0,0.0,0.62,0.62,0.161638,0.825431,0.62,1.25,0.0,1.0,0.0,0.0,2.0,0.5787,0.0,0.4213,0.0,-0.2787,0.0,0.0,0.0,0.0,1.0,0.689377,1.0,0.177494,0.0,0.0,0.0,0.0,0.0,0.0,0.0,0.0,1.0,0.0,0.0,1.0,1.0,1.0,1.0,1.0,0.0,0.0,0.0,0.0,0.0,0.0,0.0,1.0,0.0,0.0,0.0,1.0,0.0,0.0,1.0,1.0,1.0,0.0,0.0,1.0,0.0,0.0,0.0,0.0,1.0,1.0,1.0,1.0,1.0,1.0,0.0,0.0,0.0,0.0,0.0,1.0,1.0,0.0,0.0,1.0,1.0,CHECK,Pass1+relabel consensus
d9208_BB_turn,0,0.0,80.0,0.0,0.0,0.0,0,0,0.0,10.0,2.7175,1.0,1.0,0.0,0.0,0.0,0.0,0.0,0.0,1.0,1.0,0.0,2.0,14.0,0.23,0.0,0.0,0.642,0.642,0.098174,0.742009,0.642,1.25,0.0,1.0,1.0,0.0,2.0,0.7218,0.0318,0.2464,0.0,-0.4218,0.0,0.0,0.0,0.0,1.0,0.705483,1.0,0.068801,0.0,0.0,0.0,0.0,0.0,0.0,0.0,0.0,0.0,0.0,0.0,1.0,1.0,1.0,1.0,1.0,0.0,0.0,0.0,0.0,0.0,0.0,0.0,1.0,0.0,1.0,0.0,1.0,0.0,0.0,1.0,1.0,1.0,1.0,0.0,1.0,0.0,1.0,1.0,0.0,0.0,1.0,1.0,1.0,1.0,1.0,0.0,0.0,0.0,0.0,1.0,1.0,1.0,1.0,0.0,0.0,1.0,BET,Pass1+relabel consensus
d9418_UTG_flop,0,0.0,80.0,0.0,0.0,0.0,0,0,0.0,0.0,0.22,0.0,0.0,0.0,0.0,1.0,4.0,0.0,0.0,1.0,0.0,0.0,4.0,14.0,0.3,0.0,0.3,0.1955,0.1955,0.88587,0.097826,0.1955,1.25,0.0,0.0,0.0,1.0,2.0,0.1961,0.0392,0.1765,1.0,0.1039,0.0,0.0,0.0,0.0,0.085106,0.109574,0.0,0.615126,0.0,0.0,0.5882,0.0,0.0,0.0,0.0,0.0,0.0,0.0,0.0,1.0,1.0,1.0,0.0,0.0,0.0,0.0,1.0,1.0,0.0,0.0,0.0,0.0,0.0,1.0,1.0,1.0,0.0,1.0,1.0,1.0,0.0,0.0,0.0,1.0,0.0,0.0,0.0,0.0,1.0,1.0,1.0,1.0,1.0,1.0,0.0,0.0,0.0,0.0,1.0,1.0,1.0,1.0,0.0,1.0,1.0,CHECK,Pass1+relabel consensus
d9418_UTG_river,0,0.0,80.0,0.0,0.0,0.0,0,0,0.0,0.0,0.22,0.0,0.0,0.0,0.0,1.0,4.0,0.0,0.0,1.0,0.0,0.0,5.0,14.0,0.42,0.0,0.3,0.0,0.0,0.965116,0.017442,0.0,1.25,0.0,0.0,1.0,1.0,2.0,0.3529,0.0,0.0784,1.0,-0.0529,0.0,0.0,0.0,0.0,0.0,0.105232,0.0,0.418738,0.0,0.0,0.5686,1.0,1.0,0.0,0.0,0.0,0.0,0.0,0.0,1.0,1.0,0.0,1.0,0.0,0.0,0.0,0.0,0.0,0.0,0.0,0.0,0.0,0.0,1.0,0.0,0.0,0.0,1.0,1.0,1.0,1.0,1.0,0.0,0.0,0.0,0.0,1.0,0.0,0.0,1.0,1.0,1.0,0.0,0.0,0.0,0.0,0.0,1.0,0.0,1.0,1.0,1.0,0.0,0.0,1.0,CHECK,Pass1+relabel consensus
d9518_BB_flop,0,0.0,80.0,0.0,0.0,0.0,0,0,0.0,4.0,0.98,1.0,0.0,0.0,0.0,0.0,0.0,0.0,1.0,0.0,0.0,0.0,2.0,11.0,0.25,0.25,0.0,0.40225,0.40225,0.215534,0.782524,0.40225,1.25,0.0,1.0,0.0,0.0,2.0,0.2703,0.027,0.5122,0.0,0.0297,0.0,0.0,0.0,0.0,0.234043,0.686499,1.0,0.512942,0.0,0.0,0.1905,0.0,1.0,0.0,0.0,0.0,0.0,1.0,0.0,1.0,1.0,0.0,1.0,0.0,0.0,0.0,0.0,0.0,0.0,1.0,0.0,0.0,0.0,0.0,1.0,1.0,1.0,0.0,1.0,1.0,0.0,1.0,0.0,1.0,0.0,1.0,0.0,0.0,1.0,1.0,1.0,1.0,0.0,0.0,0.0,0.0,0.0,0.0,0.0,1.0,1.0,0.0,0.0,1.0,1.0,CHECK,Pass1+relabel consensus
d9556_BB_flop,0,0.0,80.0,0.0,0.0,0.0,0,0,0.0,15.0,6.265,1.0,1.0,1.0,0.0,0.0,0.0,0.0,0.0,1.0,1.0,0.0,4.0,6.0,0.45,0.0,0.3,0.89925,0.89925,0.003711,0.996289,0.89925,1.25,0.0,1.0,0.0,0.0,2.0,0.277,0.0054,0.7176,0.0,0.023,0.0,0.0,0.0,0.0,1.0,0.990651,1.0,0.518832,0.0,0.0,0.0,0.0,0.0,0.0,0.0,0.0,0.0,0.0,0.0,1.0,1.0,1.0,0.0,0.0,1.0,0.0,0.0,0.0,0.0,0.0,1.0,1.0,0.0,1.0,0.0,1.0,0.0,1.0,1.0,1.0,1.0,1.0,0.0,1.0,0.0,0.0,0.0,0.0,1.0,1.0,1.0,1.0,0.0,0.0,0.0,0.0,0.0,0.0,1.0,1.0,1.0,1.0,0.0,1.0,1.0,CHECK,Pass1+relabel consensus
d9556_BB_turn,0,0.0,80.0,0.0,0.0,0.0,0,0,0.0,15.0,6.265,1.0,1.0,1.0,0.0,0.0,0.0,0.0,0.0,1.0,1.0,0.0,7.0,8.0,0.73,0.0,0.5,0.92925,0.92925,0.01165,0.98835,0.92925,1.25,0.0,1.0,1.0,0.0,2.0,0.3432,0.027,0.6297,0.0,-0.0432,0.0,0.0,0.0,0.0,1.0,0.978879,1.0,0.413835,0.0,0.0,0.0,0.0,0.0,0.0,0.0,0.0,0.0,0.0,0.0,1.0,1.0,1.0,0.0,1.0,1.0,0.0,0.0,0.0,0.0,0.0,0.0,1.0,0.0,0.0,0.0,0.0,0.0,1.0,0.0,1.0,1.0,1.0,0.0,1.0,0.0,1.0,1.0,0.0,1.0,1.0,1.0,1.0,0.0,0.0,0.0,0.0,0.0,0.0,1.0,1.0,1.0,1.0,0.0,0.0,1.0,BET,Pass1+relabel consensus
d9556_UTG_turn,0,1.0,133.0,53.0,0.284946,0.398496,0,0,0.0,2.0,0.43,0.0,0.0,0.0,0.0,1.0,4.0,0.0,0.0,1.0,1.0,0.0,7.0,8.0,0.73,0.0,0.5,0.1695,0.1695,0.84058,0.144928,-0.115446,0.7519,0.0,0.0,1.0,1.0,2.0,0.7638,0.0,0.2362,1.0,-0.4638,0.0,1.0,0.0,6.0,0.217391,0.266286,0.0,0.05579,0.0,0.0,0.0,0.0,0.0,0.0,0.0,1.0,1.0,0.0,0.0,1.0,1.0,0.0,0.0,0.0,0.0,0.0,1.0,1.0,0.0,0.0,0.0,1.0,0.0,1.0,0.0,1.0,0.0,1.0,1.0,1.0,0.0,1.0,1.0,1.0,0.0,0.0,0.0,0.0,0.0,1.0,1.0,1.0,1.0,0.0,1.0,1.0,0.0,0.0,1.0,1.0,0.0,1.0,0.0,1.0,1.0,FOLD,Pass1+relabel consensus
d9759_BB_river,0,0.0,80.0,0.0,0.0,0.0,0,0,0.0,1.0,0.34,0.0,0.0,0.0,0.0,0.0,0.0,0.0,1.0,0.0,1.0,0.0,4.0,13.0,0.9064,0.4864,0.3,0.0605,0.0605,0.673563,0.206897,0.0605,1.25,0.0,1.0,1.0,0.0,2.0,0.6582,0.0,0.3418,0.0,-0.3582,0.0,0.0,0.0,3.0,0.0,0.168071,0.0,0.116827,0.0,0.0,0.0,0.0,0.0,0.0,0.0,0.0,0.0,0.0,0.0,1.0,1.0,1.0,1.0,0.0,0.0,0.0,0.0,0.0,0.0,0.0,0.0,1.0,0.0,0.0,0.0,0.0,1.0,0.0,1.0,1.0,1.0,1.0,0.0,0.0,0.0,0.0,1.0,0.0,0.0,1.0,1.0,1.0,1.0,1.0,0.0,0.0,0.0,1.0,0.0,1.0,1.0,1.0,0.0,1.0,1.0,CHECK,Pass1+relabel consensus
d9941_BTN_flop,0,0.0,80.0,0.0,0.0,0.0,0,0,1.0,12.0,3.57,1.0,1.0,1.0,0.0,0.0,0.0,0.0,0.0,1.0,0.0,0.0,4.0,13.0,0.3,0.0,0.3,0.847,0.847,0.0125,0.9875,0.847,1.25,0.0,1.0,0.0,0.0,2.0,0.1749,0.0238,0.3498,0.0,0.1251,0.0,0.0,0.0,0.0,1.0,0.985018,1.0,0.661294,0.0,0.0,0.4515,0.0,0.0,0.0,0.0,0.0,1.0,0.0,0.0,1.0,1.0,1.0,1.0,1.0,1.0,0.0,0.0,0.0,0.0,0.0,0.0,0.0,0.0,1.0,1.0,1.0,1.0,1.0,1.0,1.0,0.0,1.0,0.0,1.0,0.0,1.0,0.0,0.0,0.0,1.0,1.0,1.0,1.0,1.0,0.0,0.0,0.0,0.0,0.0,1.0,0.0,1.0,0.0,0.0,1.0,BET,Pass1+relabel consensus
d9989_BB_flop,0,0.0,80.0,0.0,0.0,0.0,0,0,0.0,7.0,1.342,1.0,0.0,0.0,0.0,0.0,0.0,0.0,1.0,0.0,0.0,0.0,2.0,13.0,0.25,0.25,0.0,0.68625,0.68625,0.059426,0.928279,0.68625,1.25,0.0,1.0,0.0,0.0,2.0,0.159,0.0,0.4531,0.0,0.141,0.0,0.0,0.098146,0.0,0.234043,0.872713,1.0,0.707281,12.0,0.0,0.3879,0.0,1.0,0.0,0.0,0.0,0.0,0.0,0.0,1.0,1.0,0.0,1.0,0.0,0.0,0.0,0.0,0.0,0.0,1.0,0.0,0.0,0.0,0.0,0.0,1.0,1.0,0.0,0.0,1.0,0.0,1.0,0.0,1.0,0.0,1.0,0.0,0.0,1.0,1.0,1.0,1.0,0.0,1.0,0.0,0.0,0.0,0.0,0.0,1.0,1.0,1.0,0.0,1.0,1.0,CHECK,Pass1+relabel consensus
d9989_BTN_turn,0,0.0,80.0,0.0,0.0,0.0,0,0,1.0,14.0,5.1,1.0,1.0,0.0,0.0,0.0,0.0,0.0,1.0,0.0,0.0,0.0,2.0,13.0,0.5954,0.5154,0.0,0.8875,0.8875,0.02407,0.97593,0.8875,1.25,0.0,1.0,1.0,0.0,2.0,0.2067,0.0636,0.2623,0.0,0.0933,0.0,0.0,0.134933,0.0,1.0,0.832858,1.0,0.579882,10.0,0.0,0.4674,0.0,0.0,0.0,0.0,0.0,0.0,0.0,0.0,1.0,1.0,1.0,1.0,1.0,0.0,0.0,0.0,0.0,0.0,1.0,0.0,0.0,0.0,0.0,0.0,1.0,1.0,1.0,1.0,1.0,0.0,1.0,0.0,1.0,0.0,0.0,1.0,0.0,0.0,1.0,1.0,1.0,1.0,0.0,0.0,0.0,1.0,0.0,1.0,1.0,0.0,1.0,1.0,1.0,1.0,BET,Pass1+relabel consensus
d9989_CO_river,0,0.0,80.0,0.0,0.0,0.0,0,0,0.0,1.0,0.34,0.0,0.0,0.0,0.0,0.0,0.0,0.0,1.0,0.0,1.0,0.0,2.0,13.0,0.7564,0.4864,0.0,0.04025,0.04025,0.66967,0.303303,0.04025,1.25,0.0,0.0,1.0,1.0,2.0,0.739,0.0,0.261,1.0,-0.439,0.0,0.0,0.0,3.0,0.0,0.122699,0.0,0.068121,8.0,0.0,0.0,1.0,0.0,0.0,0.0,0.0,1.0,0.0,0.0,1.0,1.0,0.0,1.0,0.0,0.0,0.0,0.0,0.0,0.0,1.0,0.0,1.0,0.0,0.0,0.0,0.0,1.0,0.0,1.0,1.0,1.0,1.0,0.0,1.0,0.0,0.0,1.0,0.0,0.0,1.0,1.0,1.0,1.0,0.0,0.0,0.0,0.0,1.0,0.0,1.0,1.0,1.0,1.0,0.0,1.0,CHECK,Pass1+relabel consensus
MM_IP_FLOP_001,0.0,0.0,90.0,0.0,0.0,0.0,3.0,4.0,1.0,5.0,1.19,1.0,0.0,0.0,0.0,0.0,0.0,0.0,0.0,1.0,0.0,0.0,2.0,13.0,0.0,0.0,0.0,0.431,0.431,0.214286,0.772321,0.431,1.1111,0.0,0.0,0.0,1.0,2.0,0.2593,0.0,0.4074,1.0,0.0407,0.0,0.0,0.0,3.0,0.234043,0.78753,1.0,0.548636,0.0,1.0,0.3333,1.0,1.0,1.0,1.0,1.0,1.0,1.0,1.0,1.0,1.0,1.0,1.0,1.0,1.0,1.0,1.0,1.0,1.0,1.0,1.0,1.0,1.0,1.0,1.0,1.0,1.0,1.0,1.0,1.0,1.0,1.0,1.0,1.0,1.0,1.0,1.0,1.0,1.0,1.0,1.0,1.0,1.0,1.0,1.0,1.0,1.0,1.0,1.0,1.0,1.0,1.0,1.0,1.0,1.0,BET,panel_unanimous
MM_IP_FLOP_002,0.0,0.0,90.0,0.0,0.0,0.0,3.0,4.0,1.0,5.0,1.19,1.0,0.0,0.0,0.0,0.0,0.0,0.0,0.0,1.0,0.0,0.0,2.0,13.0,0.0,0.0,0.0,0.3935,0.3935,0.214286,0.772321,0.3935,1.1111,0.0,0.0,0.0,1.0,2.0,0.2593,0.0,0.4074,1.0,0.0407,0.0,0.0,0.0,3.0,0.234043,0.78753,1.0,0.548636,0.0,1.0,0.3333,1.0,1.0,1.0,1.0,1.0,1.0,1.0,1.0,1.0,1.0,1.0,1.0,1.0,1.0,1.0,1.0,1.0,1.0,1.0,1.0,1.0,1.0,1.0,1.0,1.0,1.0,1.0,1.0,1.0,1.0,1.0,1.0,1.0,1.0,1.0,1.0,1.0,1.0,1.0,1.0,1.0,1.0,1.0,1.0,1.0,1.0,1.0,1.0,1.0,1.0,1.0,1.0,1.0,1.0,BET,panel_unanimous
MM_IP_FLOP_003,0.0,0.0,90.0,0.0,0.0,0.0,3.0,4.0,1.0,5.0,1.17,1.0,0.0,0.0,0.0,0.0,0.0,0.0,0.0,1.0,0.0,0.0,2.0,13.0,0.0,0.0,0.0,0.37375,0.37375,0.241901,0.74514,0.37375,1.1111,0.0,0.0,0.0,1.0,2.0,0.1852,0.0,0.4815,1.0,0.1148,0.0,0.0,0.0,3.0,0.234043,0.792613,1.0,0.663899,0.0,1.0,0.3333,1.0,1.0,1.0,1.0,1.0,1.0,1.0,1.0,1.0,1.0,1.0,1.0,1.0,1.0,1.0,1.0,1.0,1.0,1.0,1.0,1.0,1.0,1.0,1.0,1.0,1.0,1.0,1.0,1.0,1.0,1.0,1.0,1.0,1.0,1.0,1.0,1.0,1.0,1.0,1.0,1.0,1.0,1.0,1.0,1.0,1.0,1.0,1.0,1.0,1.0,1.0,1.0,1.0,1.0,BET,panel_unanimous
MM_IP_FLOP_004,0.0,0.0,90.0,0.0,0.0,0.0,3.0,4.0,1.0,5.0,1.17,1.0,0.0,0.0,0.0,0.0,0.0,0.0,0.0,1.0,0.0,0.0,2.0,13.0,0.0,0.0,0.0,0.35725,0.35725,0.243534,0.743534,0.35725,1.1111,0.0,0.0,0.0,1.0,2.0,0.1852,0.0,0.4815,1.0,0.1148,0.0,0.0,0.0,3.0,0.234043,0.792613,1.0,0.663899,0.0,1.0,0.3333,1.0,1.0,1.0,1.0,1.0,1.0,1.0,1.0,1.0,1.0,1.0,1.0,1.0,1.0,1.0,1.0,1.0,1.0,1.0,1.0,1.0,1.0,1.0,1.0,1.0,1.0,1.0,1.0,1.0,1.0,1.0,1.0,1.0,1.0,1.0,1.0,1.0,1.0,1.0,1.0,1.0,1.0,1.0,1.0,1.0,1.0,1.0,1.0,1.0,1.0,1.0,1.0,1.0,1.0,BET,panel_unanimous
MM_IP_FLOP_005,0.0,0.0,90.0,0.0,0.0,0.0,3.0,4.0,1.0,5.0,1.18,1.0,0.0,0.0,0.0,0.0,0.0,0.0,0.0,1.0,0.0,0.0,2.0,13.0,0.0,0.0,0.0,0.384,0.384,0.229437,0.757576,0.384,1.1111,0.0,0.0,0.0,1.0,2.0,0.2222,0.0,0.4444,1.0,0.0778,0.0,0.0,0.0,3.0,0.234043,0.789619,1.0,0.604973,0.0,1.0,0.3333,1.0,1.0,1.0,1.0,1.0,1.0,1.0,1.0,1.0,1.0,1.0,1.0,1.0,1.0,1.0,1.0,1.0,1.0,1.0,1.0,1.0,1.0,1.0,1.0,1.0,1.0,1.0,1.0,1.0,1.0,1.0,1.0,1.0,1.0,1.0,1.0,1.0,1.0,1.0,1.0,1.0,1.0,1.0,1.0,1.0,1.0,1.0,1.0,1.0,1.0,1.0,1.0,1.0,1.0,BET,panel_unanimous
MM_IP_FLOP_006,0.0,0.0,90.0,0.0,0.0,0.0,3.0,4.0,1.0,5.0,1.18,1.0,0.0,0.0,0.0,0.0,0.0,0.0,0.0,1.0,0.0,0.0,2.0,13.0,0.0,0.0,0.0,0.40275,0.40275,0.229437,0.757576,0.40275,1.1111,0.0,0.0,0.0,1.0,2.0,0.2222,0.0,0.4444,1.0,0.0778,0.0,0.0,0.0,3.0,0.234043,0.789619,1.0,0.604973,0.0,1.0,0.3333,1.0,1.0,1.0,1.0,1.0,1.0,1.0,1.0,1.0,1.0,1.0,1.0,1.0,1.0,1.0,1.0,1.0,1.0,1.0,1.0,1.0,1.0,1.0,1.0,1.0,1.0,1.0,1.0,1.0,1.0,1.0,1.0,1.0,1.0,1.0,1.0,1.0,1.0,1.0,1.0,1.0,1.0,1.0,1.0,1.0,1.0,1.0,1.0,1.0,1.0,1.0,1.0,1.0,1.0,BET,panel_unanimous
MM_IP_FLOP_007,0.0,0.0,90.0,0.0,0.0,0.0,3.0,4.0,1.0,5.0,1.17,1.0,0.0,0.0,0.0,0.0,0.0,0.0,0.0,1.0,0.0,0.0,2.0,12.0,0.0,0.0,0.0,0.41975,0.41975,0.224839,0.762313,0.41975,1.1111,0.0,0.0,0.0,1.0,2.0,0.2222,0.0,0.5185,1.0,0.0778,0.0,0.0,0.0,3.0,0.234043,0.803742,1.0,0.604973,0.0,1.0,0.2593,1.0,1.0,1.0,1.0,1.0,1.0,1.0,1.0,1.0,1.0,1.0,1.0,1.0,1.0,1.0,1.0,1.0,1.0,1.0,1.0,1.0,1.0,1.0,1.0,1.0,1.0,1.0,1.0,1.0,1.0,1.0,1.0,1.0,1.0,1.0,1.0,1.0,1.0,1.0,1.0,1.0,1.0,1.0,1.0,1.0,1.0,1.0,1.0,1.0,1.0,1.0,1.0,1.0,1.0,BET,panel_unanimous
MM_IP_FLOP_008,0.0,0.0,90.0,0.0,0.0,0.0,3.0,4.0,1.0,5.0,1.17,1.0,0.0,0.0,0.0,0.0,0.0,0.0,0.0,1.0,0.0,0.0,2.0,12.0,0.0,0.0,0.0,0.3945,0.3945,0.223176,0.763948,0.3945,1.1111,0.0,0.0,0.0,1.0,2.0,0.2222,0.0,0.5185,1.0,0.0778,0.0,0.0,0.0,3.0,0.234043,0.803742,1.0,0.604973,0.0,1.0,0.2593,1.0,1.0,1.0,1.0,1.0,1.0,1.0,1.0,1.0,1.0,1.0,1.0,1.0,1.0,1.0,1.0,1.0,1.0,1.0,1.0,1.0,1.0,1.0,1.0,1.0,1.0,1.0,1.0,1.0,1.0,1.0,1.0,1.0,1.0,1.0,1.0,1.0,1.0,1.0,1.0,1.0,1.0,1.0,1.0,1.0,1.0,1.0,1.0,1.0,1.0,1.0,1.0,1.0,1.0,BET,panel_unanimous
MM_IP_FLOP_009,0.0,0.0,90.0,0.0,0.0,0.0,3.0,4.0,1.0,5.0,1.18,1.0,0.0,0.0,0.0,0.0,0.0,0.0,0.0,1.0,0.0,0.0,2.0,12.0,0.0,0.0,0.0,0.3835,0.3835,0.210753,0.776344,0.3835,1.1111,0.0,0.0,0.0,1.0,2.0,0.2222,0.0,0.4444,1.0,0.0778,0.0,0.0,0.0,3.0,0.234043,0.798671,1.0,0.604973,0.0,1.0,0.3333,1.0,1.0,1.0,1.0,1.0,1.0,1.0,1.0,1.0,1.0,1.0,1.0,1.0,1.0,1.0,1.0,1.0,1.0,1.0,1.0,1.0,1.0,1.0,1.0,1.0,1.0,1.0,1.0,1.0,1.0,1.0,1.0,1.0,1.0,1.0,1.0,1.0,1.0,1.0,1.0,1.0,1.0,1.0,1.0,1.0,1.0,1.0,1.0,1.0,1.0,1.0,1.0,1.0,1.0,BET,panel_unanimous
MM_IP_FLOP_010,0.0,0.0,90.0,0.0,0.0,0.0,3.0,4.0,1.0,5.0,1.18,1.0,0.0,0.0,0.0,0.0,0.0,0.0,0.0,1.0,0.0,0.0,2.0,12.0,0.0,0.0,0.0,0.3805,0.3805,0.212446,0.774678,0.3805,1.1111,0.0,0.0,0.0,1.0,2.0,0.2222,0.0,0.4444,1.0,0.0778,0.0,0.0,0.0,3.0,0.234043,0.798671,1.0,0.604973,0.0,1.0,0.3333,1.0,1.0,1.0,1.0,1.0,1.0,1.0,1.0,1.0,1.0,1.0,1.0,1.0,1.0,1.0,1.0,1.0,1.0,1.0,1.0,1.0,1.0,1.0,1.0,1.0,1.0,1.0,1.0,1.0,1.0,1.0,1.0,1.0,1.0,1.0,1.0,1.0,1.0,1.0,1.0,1.0,1.0,1.0,1.0,1.0,1.0,1.0,1.0,1.0,1.0,1.0,1.0,1.0,1.0,BET,panel_unanimous
MM_IP_FLOP_011,0.0,0.0,90.0,0.0,0.0,0.0,3.0,4.0,1.0,5.0,1.16,1.0,0.0,0.0,0.0,0.0,0.0,0.0,0.0,1.0,0.0,0.0,2.0,12.0,0.0,0.0,0.0,0.41575,0.41575,0.235043,0.752137,0.41575,1.1111,0.0,0.0,0.0,1.0,2.0,0.2222,0.0,0.5185,1.0,0.0778,0.0,0.0,0.0,3.0,0.234043,0.803366,1.0,0.604973,0.0,1.0,0.2593,1.0,1.0,1.0,1.0,1.0,1.0,1.0,1.0,1.0,1.0,1.0,1.0,1.0,1.0,1.0,1.0,1.0,1.0,1.0,1.0,1.0,1.0,1.0,1.0,1.0,1.0,1.0,1.0,1.0,1.0,1.0,1.0,1.0,1.0,1.0,1.0,1.0,1.0,1.0,1.0,1.0,1.0,1.0,1.0,1.0,1.0,1.0,1.0,1.0,1.0,1.0,1.0,1.0,1.0,BET,panel_unanimous
MM_IP_FLOP_012,0.0,0.0,90.0,0.0,0.0,0.0,3.0,4.0,1.0,5.0,1.16,1.0,0.0,0.0,0.0,0.0,0.0,0.0,0.0,1.0,0.0,0.0,2.0,12.0,0.0,0.0,0.0,0.375,0.375,0.235043,0.752137,0.375,1.1111,0.0,0.0,0.0,1.0,2.0,0.2222,0.0,0.5185,1.0,0.0778,0.0,0.0,0.0,3.0,0.234043,0.803366,1.0,0.604973,0.0,1.0,0.2593,1.0,1.0,1.0,1.0,1.0,1.0,1.0,1.0,1.0,1.0,1.0,1.0,1.0,1.0,1.0,1.0,1.0,1.0,1.0,1.0,1.0,1.0,1.0,1.0,1.0,1.0,1.0,1.0,1.0,1.0,1.0,1.0,1.0,1.0,1.0,1.0,1.0,1.0,1.0,1.0,1.0,1.0,1.0,1.0,1.0,1.0,1.0,1.0,1.0,1.0,1.0,1.0,1.0,1.0,BET,panel_unanimous
MM_IP_FLOP_013,0.0,0.0,90.0,0.0,0.0,0.0,3.0,4.0,1.0,5.0,1.18,1.0,0.0,0.0,0.0,0.0,0.0,0.0,0.0,1.0,0.0,0.0,2.0,11.0,0.0,0.0,0.0,0.43075,0.43075,0.190171,0.797009,0.43075,1.1111,0.0,0.0,0.0,1.0,2.0,0.1852,0.0,0.5185,1.0,0.1148,0.0,0.0,0.0,3.0,0.234043,0.79126,1.0,0.663899,0.0,1.0,0.2963,1.0,1.0,1.0,1.0,1.0,1.0,1.0,1.0,1.0,1.0,1.0,1.0,1.0,1.0,1.0,1.0,1.0,1.0,1.0,1.0,1.0,1.0,1.0,1.0,1.0,1.0,1.0,1.0,1.0,1.0,1.0,1.0,1.0,1.0,1.0,1.0,1.0,1.0,1.0,1.0,1.0,1.0,1.0,1.0,1.0,1.0,1.0,1.0,1.0,1.0,1.0,1.0,1.0,1.0,BET,panel_unanimous
MM_IP_FLOP_014,0.0,0.0,90.0,0.0,0.0,0.0,3.0,4.0,1.0,5.0,1.18,1.0,0.0,0.0,0.0,0.0,0.0,0.0,0.0,1.0,0.0,0.0,2.0,11.0,0.0,0.0,0.0,0.4375,0.4375,0.191898,0.795309,0.4375,1.1111,0.0,0.0,0.0,1.0,2.0,0.1852,0.0,0.5185,1.0,0.1148,0.0,0.0,0.0,3.0,0.234043,0.79126,1.0,0.663899,0.0,1.0,0.2963,1.0,1.0,1.0,1.0,1.0,1.0,1.0,1.0,1.0,1.0,1.0,1.0,1.0,1.0,1.0,1.0,1.0,1.0,1.0,1.0,1.0,1.0,1.0,1.0,1.0,1.0,1.0,1.0,1.0,1.0,1.0,1.0,1.0,1.0,1.0,1.0,1.0,1.0,1.0,1.0,1.0,1.0,1.0,1.0,1.0,1.0,1.0,1.0,1.0,1.0,1.0,1.0,1.0,1.0,BET,panel_unanimous
MM_IP_FLOP_015,0.0,0.0,90.0,0.0,0.0,0.0,3.0,4.0,1.0,5.0,1.17,1.0,0.0,0.0,0.0,0.0,0.0,0.0,0.0,1.0,0.0,0.0,2.0,11.0,0.0,0.0,0.0,0.474,0.474,0.204255,0.782979,0.474,1.1111,0.0,0.0,0.0,1.0,2.0,0.1852,0.0,0.5926,1.0,0.1148,0.0,0.0,0.0,3.0,0.234043,0.798399,1.0,0.663899,0.0,1.0,0.2222,1.0,1.0,1.0,1.0,1.0,1.0,1.0,1.0,1.0,1.0,1.0,1.0,1.0,1.0,1.0,1.0,1.0,1.0,1.0,1.0,1.0,1.0,1.0,1.0,1.0,1.0,1.0,1.0,1.0,1.0,1.0,1.0,1.0,1.0,1.0,1.0,1.0,1.0,1.0,1.0,1.0,1.0,1.0,1.0,1.0,1.0,1.0,1.0,1.0,1.0,1.0,1.0,1.0,1.0,BET,panel_unanimous
MM_IP_FLOP_016,0.0,0.0,90.0,0.0,0.0,0.0,3.0,4.0,1.0,5.0,1.17,1.0,0.0,0.0,0.0,0.0,0.0,0.0,0.0,1.0,0.0,0.0,2.0,11.0,0.0,0.0,0.0,0.4285,0.4285,0.202559,0.784648,0.4285,1.1111,0.0,0.0,0.0,1.0,2.0,0.1852,0.0,0.5926,1.0,0.1148,0.0,0.0,0.0,3.0,0.234043,0.798399,1.0,0.663899,0.0,1.0,0.2222,1.0,1.0,1.0,1.0,1.0,1.0,1.0,1.0,1.0,1.0,1.0,1.0,1.0,1.0,1.0,1.0,1.0,1.0,1.0,1.0,1.0,1.0,1.0,1.0,1.0,1.0,1.0,1.0,1.0,1.0,1.0,1.0,1.0,1.0,1.0,1.0,1.0,1.0,1.0,1.0,1.0,1.0,1.0,1.0,1.0,1.0,1.0,1.0,1.0,1.0,1.0,1.0,1.0,1.0,BET,panel_unanimous
MM_IP_FLOP_017,0.0,0.0,90.0,0.0,0.0,0.0,3.0,4.0,1.0,5.0,1.16,1.0,0.0,0.0,0.0,0.0,0.0,0.0,0.0,1.0,0.0,0.0,2.0,11.0,0.0,0.0,0.0,0.43925,0.43925,0.218684,0.768577,0.43925,1.1111,0.0,0.0,0.0,1.0,2.0,0.1852,0.0,0.5926,1.0,0.1148,0.0,0.0,0.0,3.0,0.234043,0.798015,1.0,0.663899,0.0,1.0,0.2222,1.0,1.0,1.0,1.0,1.0,1.0,1.0,1.0,1.0,1.0,1.0,1.0,1.0,1.0,1.0,1.0,1.0,1.0,1.0,1.0,1.0,1.0,1.0,1.0,1.0,1.0,1.0,1.0,1.0,1.0,1.0,1.0,1.0,1.0,1.0,1.0,1.0,1.0,1.0,1.0,1.0,1.0,1.0,1.0,1.0,1.0,1.0,1.0,1.0,1.0,1.0,1.0,1.0,1.0,BET,panel_unanimous
MM_IP_FLOP_018,0.0,0.0,90.0,0.0,0.0,0.0,3.0,4.0,1.0,5.0,1.16,1.0,0.0,0.0,0.0,0.0,0.0,0.0,0.0,1.0,0.0,0.0,2.0,11.0,0.0,0.0,0.0,0.42825,0.42825,0.218684,0.768577,0.42825,1.1111,0.0,0.0,0.0,1.0,2.0,0.1852,0.0,0.5926,1.0,0.1148,0.0,0.0,0.0,3.0,0.234043,0.798015,1.0,0.663899,0.0,1.0,0.2222,1.0,1.0,1.0,1.0,1.0,1.0,1.0,1.0,1.0,1.0,1.0,1.0,1.0,1.0,1.0,1.0,1.0,1.0,1.0,1.0,1.0,1.0,1.0,1.0,1.0,1.0,1.0,1.0,1.0,1.0,1.0,1.0,1.0,1.0,1.0,1.0,1.0,1.0,1.0,1.0,1.0,1.0,1.0,1.0,1.0,1.0,1.0,1.0,1.0,1.0,1.0,1.0,1.0,1.0,BET,panel_unanimous
MM_IP_FLOP_019,0.0,0.0,90.0,0.0,0.0,0.0,3.0,4.0,1.0,6.0,1.351,1.0,0.0,0.0,0.0,0.0,0.0,0.0,0.0,1.0,0.0,0.0,2.0,14.0,0.0,0.0,0.0,0.57575,0.57575,0.080831,0.905312,0.57575,1.1111,0.0,0.0,0.0,1.0,2.0,0.2593,0.0,0.2222,1.0,0.0407,0.0,0.0,0.0,0.0,0.234043,0.898291,1.0,0.548636,0.0,1.0,0.5185,1.0,1.0,1.0,1.0,1.0,1.0,1.0,1.0,1.0,1.0,1.0,1.0,1.0,1.0,1.0,1.0,1.0,1.0,1.0,1.0,1.0,1.0,1.0,1.0,1.0,1.0,1.0,1.0,1.0,1.0,1.0,1.0,1.0,1.0,1.0,1.0,1.0,1.0,1.0,1.0,1.0,1.0,1.0,1.0,1.0,1.0,1.0,1.0,1.0,1.0,1.0,1.0,1.0,1.0,BET,panel_unanimous
MM_IP_TURN_001,1.0,0.0,90.0,0.0,0.0,0.0,3.0,4.0,1.0,5.0,1.19,1.0,0.0,0.0,1.0,0.0,9.0,0.0,0.0,1.0,0.0,0.0,4.0,13.0,0.38,0.0,0.3,0.551,0.551,0.223982,0.762443,0.551,1.1111,0.0,0.0,1.0,1.0,2.0,0.2593,0.3333,0.037,1.0,0.0407,0.0,0.0,0.176471,3.0,0.478261,0.782748,1.0,0.329533,14.0,1.0,0.3704,1.0,1.0,1.0,1.0,1.0,1.0,1.0,1.0,1.0,1.0,1.0,1.0,1.0,1.0,1.0,1.0,1.0,1.0,1.0,1.0,1.0,1.0,1.0,1.0,1.0,1.0,1.0,1.0,1.0,1.0,1.0,1.0,1.0,1.0,1.0,1.0,1.0,1.0,1.0,1.0,1.0,1.0,1.0,1.0,1.0,1.0,1.0,1.0,1.0,1.0,1.0,1.0,1.0,1.0,BET,panel_unanimous
MM_IP_TURN_002,1.0,0.0,90.0,0.0,0.0,0.0,3.0,4.0,1.0,5.0,1.19,1.0,0.0,0.0,0.0,0.0,0.0,0.0,0.0,1.0,0.0,0.0,4.0,13.0,0.38,0.0,0.3,0.394,0.394,0.223982,0.762443,0.394,1.1111,0.0,0.0,1.0,1.0,2.0,0.2593,0.3333,0.037,1.0,0.0407,0.0,0.0,0.142857,3.0,0.304348,0.782748,1.0,0.329533,14.0,1.0,0.3704,1.0,1.0,1.0,1.0,1.0,1.0,1.0,1.0,1.0,1.0,1.0,1.0,1.0,1.0,1.0,1.0,1.0,1.0,1.0,1.0,1.0,1.0,1.0,1.0,1.0,1.0,1.0,1.0,1.0,1.0,1.0,1.0,1.0,1.0,1.0,1.0,1.0,1.0,1.0,1.0,1.0,1.0,1.0,1.0,1.0,1.0,1.0,1.0,1.0,1.0,1.0,1.0,1.0,1.0,BET,panel_unanimous
MM_IP_TURN_004,1.0,0.0,90.0,0.0,0.0,0.0,3.0,4.0,1.0,5.0,1.18,1.0,0.0,0.0,0.0,0.0,0.0,0.0,0.0,1.0,0.0,0.0,4.0,13.0,0.38,0.0,0.3,0.39075,0.39075,0.237363,0.749451,0.39075,1.1111,0.0,0.0,1.0,1.0,2.0,0.2222,0.037,0.3704,1.0,0.0778,0.0,0.0,0.0,3.0,0.304348,0.78645,1.0,0.576536,0.0,1.0,0.3704,1.0,1.0,1.0,1.0,1.0,1.0,1.0,1.0,1.0,1.0,1.0,1.0,1.0,1.0,1.0,1.0,1.0,1.0,1.0,1.0,1.0,1.0,1.0,1.0,1.0,1.0,1.0,1.0,1.0,1.0,1.0,1.0,1.0,1.0,1.0,1.0,1.0,1.0,1.0,1.0,1.0,1.0,1.0,1.0,1.0,1.0,1.0,1.0,1.0,1.0,1.0,1.0,1.0,1.0,BET,panel_unanimous
MM_IP_TURN_005,1.0,0.0,90.0,0.0,0.0,0.0,3.0,4.0,1.0,5.0,1.18,1.0,0.0,0.0,0.0,0.0,0.0,0.0,0.0,1.0,0.0,0.0,4.0,13.0,0.38,0.0,0.3,0.41525,0.41525,0.237363,0.749451,0.41525,1.1111,0.0,0.0,1.0,1.0,2.0,0.2222,0.037,0.3704,1.0,0.0778,0.0,0.0,0.0,3.0,0.304348,0.78645,1.0,0.576536,0.0,1.0,0.3704,1.0,1.0,1.0,1.0,1.0,1.0,1.0,1.0,1.0,1.0,1.0,1.0,1.0,1.0,1.0,1.0,1.0,1.0,1.0,1.0,1.0,1.0,1.0,1.0,1.0,1.0,1.0,1.0,1.0,1.0,1.0,1.0,1.0,1.0,1.0,1.0,1.0,1.0,1.0,1.0,1.0,1.0,1.0,1.0,1.0,1.0,1.0,1.0,1.0,1.0,1.0,1.0,1.0,1.0,BET,panel_unanimous
MM_IP_TURN_006,1.0,0.0,90.0,0.0,0.0,0.0,3.0,4.0,1.0,5.0,1.18,1.0,0.0,0.0,0.0,0.0,0.0,0.0,0.0,1.0,0.0,0.0,4.0,13.0,0.38,0.0,0.3,0.41,0.41,0.239035,0.747807,0.41,1.1111,0.0,0.0,1.0,1.0,2.0,0.2222,0.037,0.3704,1.0,0.0778,0.0,0.0,0.0,3.0,0.304348,0.78645,1.0,0.576536,0.0,1.0,0.3704,1.0,1.0,1.0,1.0,1.0,1.0,1.0,1.0,1.0,1.0,1.0,1.0,1.0,1.0,1.0,1.0,1.0,1.0,1.0,1.0,1.0,1.0,1.0,1.0,1.0,1.0,1.0,1.0,1.0,1.0,1.0,1.0,1.0,1.0,1.0,1.0,1.0,1.0,1.0,1.0,1.0,1.0,1.0,1.0,1.0,1.0,1.0,1.0,1.0,1.0,1.0,1.0,1.0,1.0,BET,panel_unanimous
MM_IP_TURN_007,1.0,0.0,90.0,0.0,0.0,0.0,3.0,4.0,1.0,5.0,1.18,1.0,0.0,0.0,0.0,0.0,0.0,0.0,0.0,1.0,0.0,0.0,4.0,12.0,0.38,0.0,0.3,0.42025,0.42025,0.220524,0.766376,0.42025,1.1111,0.0,0.0,1.0,1.0,2.0,0.2222,0.037,0.3704,1.0,0.0778,0.0,0.0,0.0,3.0,0.304348,0.79362,1.0,0.576536,0.0,1.0,0.3704,1.0,1.0,1.0,1.0,1.0,1.0,1.0,1.0,1.0,1.0,1.0,1.0,1.0,1.0,1.0,1.0,1.0,1.0,1.0,1.0,1.0,1.0,1.0,1.0,1.0,1.0,1.0,1.0,1.0,1.0,1.0,1.0,1.0,1.0,1.0,1.0,1.0,1.0,1.0,1.0,1.0,1.0,1.0,1.0,1.0,1.0,1.0,1.0,1.0,1.0,1.0,1.0,1.0,1.0,BET,panel_unanimous
MM_IP_TURN_008,1.0,0.0,90.0,0.0,0.0,0.0,3.0,4.0,1.0,5.0,1.18,1.0,0.0,0.0,0.0,0.0,0.0,0.0,0.0,1.0,0.0,0.0,4.0,12.0,0.38,0.0,0.3,0.42325,0.42325,0.222222,0.764706,0.42325,1.1111,0.0,0.0,1.0,1.0,2.0,0.2222,0.037,0.3704,1.0,0.0778,0.0,0.0,0.0,3.0,0.304348,0.79362,1.0,0.576536,0.0,1.0,0.3704,1.0,1.0,1.0,1.0,1.0,1.0,1.0,1.0,1.0,1.0,1.0,1.0,1.0,1.0,1.0,1.0,1.0,1.0,1.0,1.0,1.0,1.0,1.0,1.0,1.0,1.0,1.0,1.0,1.0,1.0,1.0,1.0,1.0,1.0,1.0,1.0,1.0,1.0,1.0,1.0,1.0,1.0,1.0,1.0,1.0,1.0,1.0,1.0,1.0,1.0,1.0,1.0,1.0,1.0,BET,panel_unanimous
MM_IP_TURN_009,1.0,0.0,90.0,0.0,0.0,0.0,3.0,4.0,1.0,5.0,1.18,1.0,0.0,0.0,0.0,0.0,0.0,0.0,0.0,1.0,0.0,0.0,4.0,12.0,0.38,0.0,0.3,0.4205,0.4205,0.220524,0.766376,0.4205,1.1111,0.0,0.0,1.0,1.0,2.0,0.2222,0.037,0.3704,1.0,0.0778,0.0,0.0,0.0,3.0,0.304348,0.79362,1.0,0.576536,0.0,1.0,0.3704,1.0,1.0,1.0,1.0,1.0,1.0,1.0,1.0,1.0,1.0,1.0,1.0,1.0,1.0,1.0,1.0,1.0,1.0,1.0,1.0,1.0,1.0,1.0,1.0,1.0,1.0,1.0,1.0,1.0,1.0,1.0,1.0,1.0,1.0,1.0,1.0,1.0,1.0,1.0,1.0,1.0,1.0,1.0,1.0,1.0,1.0,1.0,1.0,1.0,1.0,1.0,1.0,1.0,1.0,BET,panel_unanimous
MM_IP_TURN_010,1.0,0.0,90.0,0.0,0.0,0.0,3.0,4.0,1.0,5.0,1.16,1.0,0.0,0.0,0.0,0.0,0.0,0.0,0.0,1.0,0.0,0.0,5.0,12.0,0.38,0.0,0.3,0.381,0.381,0.257642,0.729258,0.381,1.1111,0.0,0.0,1.0,1.0,2.0,0.2222,0.037,0.4074,1.0,0.0778,0.0,0.0,0.0,3.0,0.304348,0.789066,1.0,0.576536,0.0,1.0,0.3333,1.0,1.0,1.0,1.0,1.0,1.0,1.0,1.0,1.0,1.0,1.0,1.0,1.0,1.0,1.0,1.0,1.0,1.0,1.0,1.0,1.0,1.0,1.0,1.0,1.0,1.0,1.0,1.0,1.0,1.0,1.0,1.0,1.0,1.0,1.0,1.0,1.0,1.0,1.0,1.0,1.0,1.0,1.0,1.0,1.0,1.0,1.0,1.0,1.0,1.0,1.0,1.0,1.0,1.0,BET,panel_unanimous
MM_IP_TURN_011,1.0,0.0,90.0,0.0,0.0,0.0,3.0,4.0,1.0,5.0,1.16,1.0,0.0,0.0,0.0,0.0,0.0,0.0,0.0,1.0,0.0,0.0,5.0,12.0,0.38,0.0,0.3,0.37725,0.37725,0.259259,0.727669,0.37725,1.1111,0.0,0.0,1.0,1.0,2.0,0.2222,0.037,0.4074,1.0,0.0778,0.0,0.0,0.0,3.0,0.304348,0.789066,1.0,0.576536,0.0,1.0,0.3333,1.0,1.0,1.0,1.0,1.0,1.0,1.0,1.0,1.0,1.0,1.0,1.0,1.0,1.0,1.0,1.0,1.0,1.0,1.0,1.0,1.0,1.0,1.0,1.0,1.0,1.0,1.0,1.0,1.0,1.0,1.0,1.0,1.0,1.0,1.0,1.0,1.0,1.0,1.0,1.0,1.0,1.0,1.0,1.0,1.0,1.0,1.0,1.0,1.0,1.0,1.0,1.0,1.0,1.0,BET,panel_unanimous
MM_IP_TURN_012,1.0,0.0,90.0,0.0,0.0,0.0,3.0,4.0,1.0,5.0,1.16,1.0,0.0,0.0,0.0,0.0,0.0,0.0,0.0,1.0,0.0,0.0,5.0,12.0,0.38,0.0,0.3,0.3475,0.3475,0.259259,0.727669,0.3475,1.1111,0.0,0.0,1.0,1.0,2.0,0.2222,0.037,0.4074,1.0,0.0778,0.0,0.0,0.0,3.0,0.304348,0.789066,1.0,0.576536,0.0,1.0,0.3333,1.0,1.0,1.0,1.0,1.0,1.0,1.0,1.0,1.0,1.0,1.0,1.0,1.0,1.0,1.0,1.0,1.0,1.0,1.0,1.0,1.0,1.0,1.0,1.0,1.0,1.0,1.0,1.0,1.0,1.0,1.0,1.0,1.0,1.0,1.0,1.0,1.0,1.0,1.0,1.0,1.0,1.0,1.0,1.0,1.0,1.0,1.0,1.0,1.0,1.0,1.0,1.0,1.0,1.0,BET,panel_unanimous
MM_IP_TURN_013,1.0,0.0,90.0,0.0,0.0,0.0,3.0,4.0,1.0,5.0,1.18,1.0,0.0,0.0,0.0,0.0,0.0,0.0,0.0,1.0,0.0,0.0,4.0,11.0,0.38,0.0,0.3,0.4705,0.4705,0.199566,0.787419,0.4705,1.1111,0.0,0.0,1.0,1.0,2.0,0.1852,0.037,0.4444,1.0,0.1148,0.0,0.0,0.0,3.0,0.304348,0.786164,1.0,0.634094,0.0,1.0,0.3333,1.0,1.0,1.0,1.0,1.0,1.0,1.0,1.0,1.0,1.0,1.0,1.0,1.0,1.0,1.0,1.0,1.0,1.0,1.0,1.0,1.0,1.0,1.0,1.0,1.0,1.0,1.0,1.0,1.0,1.0,1.0,1.0,1.0,1.0,1.0,1.0,1.0,1.0,1.0,1.0,1.0,1.0,1.0,1.0,1.0,1.0,1.0,1.0,1.0,1.0,1.0,1.0,1.0,1.0,BET,panel_unanimous
MM_IP_TURN_014,1.0,0.0,90.0,0.0,0.0,0.0,3.0,4.0,1.0,5.0,1.18,1.0,0.0,0.0,0.0,0.0,0.0,0.0,0.0,1.0,0.0,0.0,4.0,11.0,0.38,0.0,0.3,0.49375,0.49375,0.201299,0.785714,0.49375,1.1111,0.0,0.0,1.0,1.0,2.0,0.1852,0.037,0.4444,1.0,0.1148,0.0,0.0,0.0,3.0,0.304348,0.786164,1.0,0.634094,0.0,1.0,0.3333,1.0,1.0,1.0,1.0,1.0,1.0,1.0,1.0,1.0,1.0,1.0,1.0,1.0,1.0,1.0,1.0,1.0,1.0,1.0,1.0,1.0,1.0,1.0,1.0,1.0,1.0,1.0,1.0,1.0,1.0,1.0,1.0,1.0,1.0,1.0,1.0,1.0,1.0,1.0,1.0,1.0,1.0,1.0,1.0,1.0,1.0,1.0,1.0,1.0,1.0,1.0,1.0,1.0,1.0,BET,panel_unanimous
MM_IP_TURN_015,1.0,0.0,90.0,0.0,0.0,0.0,3.0,4.0,1.0,5.0,1.18,1.0,0.0,0.0,0.0,0.0,0.0,0.0,0.0,1.0,0.0,0.0,4.0,11.0,0.38,0.0,0.3,0.48475,0.48475,0.199566,0.787419,0.48475,1.1111,0.0,0.0,1.0,1.0,2.0,0.1852,0.037,0.4444,1.0,0.1148,0.0,0.0,0.0,3.0,0.304348,0.786164,1.0,0.634094,0.0,1.0,0.3333,1.0,1.0,1.0,1.0,1.0,1.0,1.0,1.0,1.0,1.0,1.0,1.0,1.0,1.0,1.0,1.0,1.0,1.0,1.0,1.0,1.0,1.0,1.0,1.0,1.0,1.0,1.0,1.0,1.0,1.0,1.0,1.0,1.0,1.0,1.0,1.0,1.0,1.0,1.0,1.0,1.0,1.0,1.0,1.0,1.0,1.0,1.0,1.0,1.0,1.0,1.0,1.0,1.0,1.0,BET,panel_unanimous
MM_IP_TURN_016,1.0,0.0,90.0,0.0,0.0,0.0,3.0,4.0,1.0,6.0,1.351,1.0,0.0,0.0,0.0,0.0,0.0,0.0,0.0,1.0,0.0,0.0,8.0,14.0,0.88,0.0,0.8,0.5915,0.5915,0.112412,0.873536,0.5915,1.1111,0.0,0.0,1.0,1.0,2.0,0.2963,0.2222,0.0,1.0,0.0037,0.0,0.0,0.0,0.0,0.304348,0.879705,1.0,0.351175,11.0,1.0,0.4815,1.0,1.0,1.0,1.0,1.0,1.0,1.0,1.0,1.0,1.0,1.0,1.0,1.0,1.0,1.0,1.0,1.0,1.0,1.0,1.0,1.0,1.0,1.0,1.0,1.0,1.0,1.0,1.0,1.0,1.0,1.0,1.0,1.0,1.0,1.0,1.0,1.0,1.0,1.0,1.0,1.0,1.0,1.0,1.0,1.0,1.0,1.0,1.0,1.0,1.0,1.0,1.0,1.0,1.0,BET,pass2_confirmed
MM_IP_TURN_017,1.0,0.0,90.0,0.0,0.0,0.0,3.0,4.0,1.0,6.0,1.351,1.0,0.0,0.0,0.0,0.0,0.0,0.0,0.0,1.0,0.0,0.0,8.0,14.0,0.88,0.0,0.8,0.563,0.563,0.112412,0.873536,0.563,1.1111,0.0,0.0,1.0,1.0,2.0,0.2963,0.2222,0.0,1.0,0.0037,0.0,0.0,0.0,0.0,0.304348,0.879705,1.0,0.351175,0.0,1.0,0.4815,1.0,1.0,1.0,1.0,1.0,1.0,1.0,1.0,1.0,1.0,1.0,1.0,1.0,1.0,1.0,1.0,1.0,1.0,1.0,1.0,1.0,1.0,1.0,1.0,1.0,1.0,1.0,1.0,1.0,1.0,1.0,1.0,1.0,1.0,1.0,1.0,1.0,1.0,1.0,1.0,1.0,1.0,1.0,1.0,1.0,1.0,1.0,1.0,1.0,1.0,1.0,1.0,1.0,1.0,BET,provisional_solver_pending
MM_IP_TURN_018,1.0,0.0,90.0,0.0,0.0,0.0,3.0,4.0,1.0,6.0,1.351,1.0,0.0,0.0,0.0,0.0,0.0,0.0,0.0,1.0,0.0,0.0,8.0,14.0,0.88,0.0,0.8,0.55775,0.55775,0.112412,0.873536,0.55775,1.1111,0.0,0.0,1.0,1.0,2.0,0.2963,0.2222,0.0,1.0,0.0037,0.0,0.0,0.0,0.0,0.304348,0.879705,1.0,0.351175,0.0,1.0,0.4815,1.0,1.0,1.0,1.0,1.0,1.0,1.0,1.0,1.0,1.0,1.0,1.0,1.0,1.0,1.0,1.0,1.0,1.0,1.0,1.0,1.0,1.0,1.0,1.0,1.0,1.0,1.0,1.0,1.0,1.0,1.0,1.0,1.0,1.0,1.0,1.0,1.0,1.0,1.0,1.0,1.0,1.0,1.0,1.0,1.0,1.0,1.0,1.0,1.0,1.0,1.0,1.0,1.0,1.0,BET,provisional_solver_pending
MM_IP_TURN_019,1.0,0.0,90.0,0.0,0.0,0.0,3.0,4.0,1.0,6.0,1.351,1.0,0.0,0.0,1.0,0.0,9.0,0.0,0.0,1.0,0.0,0.0,8.0,14.0,0.88,0.0,0.8,0.7275,0.7275,0.110599,0.875576,0.7275,1.1111,0.0,0.0,1.0,1.0,2.0,0.2593,0.2593,0.0,1.0,0.0407,0.0,0.0,0.16,0.0,0.478261,0.882711,1.0,0.373382,14.0,1.0,0.4815,1.0,1.0,1.0,1.0,1.0,1.0,1.0,1.0,1.0,1.0,1.0,1.0,1.0,1.0,1.0,1.0,1.0,1.0,1.0,1.0,1.0,1.0,1.0,1.0,1.0,1.0,1.0,1.0,1.0,1.0,1.0,1.0,1.0,1.0,1.0,1.0,1.0,1.0,1.0,1.0,1.0,1.0,1.0,1.0,1.0,1.0,1.0,1.0,1.0,1.0,1.0,1.0,1.0,1.0,BET,pass2_confirmed
MM_IP_TURN_020,1.0,0.0,90.0,0.0,0.0,0.0,3.0,4.0,1.0,6.0,1.351,1.0,0.0,0.0,0.0,0.0,0.0,0.0,0.0,1.0,0.0,0.0,8.0,14.0,0.88,0.0,0.8,0.609,0.609,0.110345,0.875862,0.609,1.1111,0.0,0.0,1.0,1.0,2.0,0.2593,0.2593,0.0,1.0,0.0407,0.0,0.0,0.142857,0.0,0.304348,0.882711,1.0,0.373382,14.0,1.0,0.4815,1.0,1.0,1.0,1.0,1.0,1.0,1.0,1.0,1.0,1.0,1.0,1.0,1.0,1.0,1.0,1.0,1.0,1.0,1.0,1.0,1.0,1.0,1.0,1.0,1.0,1.0,1.0,1.0,1.0,1.0,1.0,1.0,1.0,1.0,1.0,1.0,1.0,1.0,1.0,1.0,1.0,1.0,1.0,1.0,1.0,1.0,1.0,1.0,1.0,1.0,1.0,1.0,1.0,1.0,BET,panel_unanimous
MM_IP_TURN_021,1.0,0.0,90.0,0.0,0.0,0.0,3.0,4.0,1.0,6.0,1.351,1.0,0.0,0.0,0.0,0.0,0.0,0.0,0.0,1.0,0.0,0.0,8.0,14.0,0.88,0.0,0.8,0.612,0.612,0.110599,0.875576,0.612,1.1111,0.0,0.0,1.0,1.0,2.0,0.2593,0.2593,0.0,1.0,0.0407,0.0,0.0,0.142857,0.0,0.304348,0.882711,1.0,0.373382,14.0,1.0,0.4815,1.0,1.0,1.0,1.0,1.0,1.0,1.0,1.0,1.0,1.0,1.0,1.0,1.0,1.0,1.0,1.0,1.0,1.0,1.0,1.0,1.0,1.0,1.0,1.0,1.0,1.0,1.0,1.0,1.0,1.0,1.0,1.0,1.0,1.0,1.0,1.0,1.0,1.0,1.0,1.0,1.0,1.0,1.0,1.0,1.0,1.0,1.0,1.0,1.0,1.0,1.0,1.0,1.0,1.0,BET,pass2_confirmed
MM_IP_TURN_022,1.0,0.0,90.0,0.0,0.0,0.0,3.0,4.0,1.0,5.0,1.17,1.0,0.0,0.0,1.0,0.0,9.0,0.0,0.0,1.0,0.0,0.0,4.0,10.0,0.38,0.0,0.3,0.56375,0.56375,0.229258,0.757642,0.56375,1.1111,0.0,0.0,1.0,1.0,2.0,0.2222,0.4444,0.0741,1.0,0.0778,0.0,0.0,0.230769,3.0,0.478261,0.772059,1.0,0.308691,14.0,1.0,0.2593,1.0,1.0,1.0,1.0,1.0,1.0,1.0,1.0,1.0,1.0,1.0,1.0,1.0,1.0,1.0,1.0,1.0,1.0,1.0,1.0,1.0,1.0,1.0,1.0,1.0,1.0,1.0,1.0,1.0,1.0,1.0,1.0,1.0,1.0,1.0,1.0,1.0,1.0,1.0,1.0,1.0,1.0,1.0,1.0,1.0,1.0,1.0,1.0,1.0,1.0,1.0,1.0,1.0,1.0,BET,panel_unanimous
MM_IP_TURN_023,1.0,0.0,90.0,0.0,0.0,0.0,3.0,4.0,1.0,5.0,1.17,1.0,0.0,0.0,0.0,0.0,0.0,0.0,0.0,1.0,0.0,0.0,4.0,10.0,0.38,0.0,0.3,0.45825,0.45825,0.227571,0.7593,0.45825,1.1111,0.0,0.0,1.0,1.0,2.0,0.2222,0.4444,0.0741,1.0,0.0778,0.0,0.0,0.214286,3.0,0.304348,0.772059,1.0,0.308691,14.0,1.0,0.2593,1.0,1.0,1.0,1.0,1.0,1.0,1.0,1.0,1.0,1.0,1.0,1.0,1.0,1.0,1.0,1.0,1.0,1.0,1.0,1.0,1.0,1.0,1.0,1.0,1.0,1.0,1.0,1.0,1.0,1.0,1.0,1.0,1.0,1.0,1.0,1.0,1.0,1.0,1.0,1.0,1.0,1.0,1.0,1.0,1.0,1.0,1.0,1.0,1.0,1.0,1.0,1.0,1.0,1.0,BET,panel_unanimous
MM_IP_TURN_024,1.0,0.0,90.0,0.0,0.0,0.0,3.0,4.0,1.0,5.0,1.17,1.0,0.0,0.0,0.0,0.0,0.0,0.0,0.0,1.0,0.0,0.0,4.0,10.0,0.38,0.0,0.3,0.436,0.436,0.227571,0.7593,0.436,1.1111,0.0,0.0,1.0,1.0,2.0,0.2222,0.4444,0.0741,1.0,0.0778,0.0,0.0,0.214286,3.0,0.304348,0.772059,1.0,0.308691,14.0,1.0,0.2593,1.0,1.0,1.0,1.0,1.0,1.0,1.0,1.0,1.0,1.0,1.0,1.0,1.0,1.0,1.0,1.0,1.0,1.0,1.0,1.0,1.0,1.0,1.0,1.0,1.0,1.0,1.0,1.0,1.0,1.0,1.0,1.0,1.0,1.0,1.0,1.0,1.0,1.0,1.0,1.0,1.0,1.0,1.0,1.0,1.0,1.0,1.0,1.0,1.0,1.0,1.0,1.0,1.0,1.0,BET,panel_unanimous
MM_IP_TURN_025,1.0,0.0,90.0,0.0,0.0,0.0,3.0,4.0,1.0,5.0,1.16,1.0,0.0,0.0,0.0,0.0,0.0,0.0,0.0,1.0,0.0,0.0,5.0,10.0,0.38,0.0,0.3,0.39625,0.39625,0.254902,0.732026,0.39625,1.1111,0.0,0.0,1.0,1.0,2.0,0.2222,0.037,0.4815,1.0,0.0778,0.0,0.0,0.0,3.0,0.304348,0.762384,1.0,0.576536,0.0,1.0,0.2593,1.0,1.0,1.0,1.0,1.0,1.0,1.0,1.0,1.0,1.0,1.0,1.0,1.0,1.0,1.0,1.0,1.0,1.0,1.0,1.0,1.0,1.0,1.0,1.0,1.0,1.0,1.0,1.0,1.0,1.0,1.0,1.0,1.0,1.0,1.0,1.0,1.0,1.0,1.0,1.0,1.0,1.0,1.0,1.0,1.0,1.0,1.0,1.0,1.0,1.0,1.0,1.0,1.0,1.0,BET,panel_unanimous
MM_IP_TURN_026,1.0,0.0,90.0,0.0,0.0,0.0,3.0,4.0,1.0,5.0,1.16,1.0,0.0,0.0,0.0,0.0,0.0,0.0,0.0,1.0,0.0,0.0,5.0,10.0,0.38,0.0,0.3,0.38475,0.38475,0.256522,0.730435,0.38475,1.1111,0.0,0.0,1.0,1.0,2.0,0.2222,0.037,0.4815,1.0,0.0778,0.0,0.0,0.0,3.0,0.304348,0.762384,1.0,0.576536,0.0,1.0,0.2593,1.0,1.0,1.0,1.0,1.0,1.0,1.0,1.0,1.0,1.0,1.0,1.0,1.0,1.0,1.0,1.0,1.0,1.0,1.0,1.0,1.0,1.0,1.0,1.0,1.0,1.0,1.0,1.0,1.0,1.0,1.0,1.0,1.0,1.0,1.0,1.0,1.0,1.0,1.0,1.0,1.0,1.0,1.0,1.0,1.0,1.0,1.0,1.0,1.0,1.0,1.0,1.0,1.0,1.0,BET,panel_unanimous
MM_IP_TURN_029,1.0,0.0,90.0,0.0,0.0,0.0,3.0,4.0,1.0,5.0,1.18,1.0,0.0,0.0,0.0,0.0,0.0,0.0,0.0,1.0,0.0,0.0,4.0,12.0,0.38,0.0,0.3,0.405,0.405,0.222222,0.764706,0.405,1.1111,0.0,0.0,1.0,1.0,2.0,0.2222,0.037,0.3704,1.0,0.0778,0.0,0.0,0.0,3.0,0.304348,0.79206,1.0,0.576536,0.0,1.0,0.3704,1.0,1.0,1.0,1.0,1.0,1.0,1.0,1.0,1.0,1.0,1.0,1.0,1.0,1.0,1.0,1.0,1.0,1.0,1.0,1.0,1.0,1.0,1.0,1.0,1.0,1.0,1.0,1.0,1.0,1.0,1.0,1.0,1.0,1.0,1.0,1.0,1.0,1.0,1.0,1.0,1.0,1.0,1.0,1.0,1.0,1.0,1.0,1.0,1.0,1.0,1.0,1.0,1.0,1.0,BET,panel_unanimous
MM_IP_TURN_031,1.0,0.0,90.0,0.0,0.0,0.0,3.0,4.0,1.0,5.0,1.18,1.0,0.0,0.0,1.0,0.0,9.0,0.0,0.0,0.0,0.0,0.0,2.0,13.0,0.08,0.0,0.0,0.51675,0.51675,0.23956,0.747253,0.51675,1.1111,0.0,0.0,1.0,1.0,2.0,0.2222,0.3704,0.037,1.0,0.0778,0.0,0.0,0.0,3.0,0.478261,0.784314,1.0,0.351175,0.0,1.0,0.3704,1.0,1.0,1.0,1.0,1.0,1.0,1.0,1.0,1.0,1.0,1.0,1.0,1.0,1.0,1.0,1.0,1.0,1.0,1.0,1.0,1.0,1.0,1.0,1.0,1.0,1.0,1.0,1.0,1.0,1.0,1.0,1.0,1.0,1.0,1.0,1.0,1.0,1.0,1.0,1.0,1.0,1.0,1.0,1.0,1.0,1.0,1.0,1.0,1.0,1.0,1.0,1.0,1.0,1.0,BET,panel_unanimous
MM_IP_TURN_032,1.0,0.0,90.0,0.0,0.0,0.0,3.0,4.0,1.0,5.0,1.18,1.0,0.0,0.0,0.0,0.0,0.0,0.0,0.0,0.0,0.0,0.0,2.0,13.0,0.08,0.0,0.0,0.35175,0.35175,0.23956,0.747253,0.35175,1.1111,0.0,0.0,1.0,1.0,2.0,0.2222,0.3704,0.037,1.0,0.0778,0.0,0.0,0.0,3.0,0.304348,0.784314,1.0,0.351175,0.0,1.0,0.3704,1.0,1.0,1.0,1.0,1.0,1.0,1.0,1.0,1.0,1.0,1.0,1.0,1.0,1.0,1.0,1.0,1.0,1.0,1.0,1.0,1.0,1.0,1.0,1.0,1.0,1.0,1.0,1.0,1.0,1.0,1.0,1.0,1.0,1.0,1.0,1.0,1.0,1.0,1.0,1.0,1.0,1.0,1.0,1.0,1.0,1.0,1.0,1.0,1.0,1.0,1.0,1.0,1.0,1.0,BET,panel_unanimous
MM_IP_TURN_034,1.0,0.0,90.0,0.0,0.0,0.0,3.0,4.0,1.0,5.0,1.18,1.0,0.0,0.0,1.0,0.0,9.0,0.0,1.0,0.0,0.0,0.0,2.0,12.0,0.5954,0.5154,0.0,0.48125,0.48125,0.272926,0.713974,0.48125,1.1111,0.0,0.0,1.0,1.0,2.0,0.4815,0.037,0.0,1.0,-0.1815,0.0,0.0,0.142857,3.0,0.478261,0.473402,1.0,0.25,14.0,1.0,0.4815,1.0,1.0,1.0,1.0,1.0,1.0,1.0,1.0,1.0,1.0,1.0,1.0,1.0,1.0,1.0,1.0,1.0,1.0,1.0,1.0,1.0,1.0,1.0,1.0,1.0,1.0,1.0,1.0,1.0,1.0,1.0,1.0,1.0,1.0,1.0,1.0,1.0,1.0,1.0,1.0,1.0,1.0,1.0,1.0,1.0,1.0,1.0,1.0,1.0,1.0,1.0,1.0,1.0,1.0,BET,pass2_confirmed
MM_IP_TURN_035,1.0,0.0,90.0,0.0,0.0,0.0,3.0,4.0,1.0,5.0,1.18,1.0,0.0,0.0,1.0,0.0,9.0,0.0,1.0,0.0,0.0,0.0,2.0,12.0,0.5954,0.5154,0.0,0.48625,0.48625,0.272926,0.713974,0.48625,1.1111,0.0,0.0,1.0,1.0,2.0,0.4815,0.037,0.0,1.0,-0.1815,0.0,0.0,0.142857,3.0,0.478261,0.473402,1.0,0.25,14.0,1.0,0.4815,1.0,1.0,1.0,1.0,1.0,1.0,1.0,1.0,1.0,1.0,1.0,1.0,1.0,1.0,1.0,1.0,1.0,1.0,1.0,1.0,1.0,1.0,1.0,1.0,1.0,1.0,1.0,1.0,1.0,1.0,1.0,1.0,1.0,1.0,1.0,1.0,1.0,1.0,1.0,1.0,1.0,1.0,1.0,1.0,1.0,1.0,1.0,1.0,1.0,1.0,1.0,1.0,1.0,1.0,BET,provisional_solver_pending
MM_IP_TURN_036,1.0,0.0,90.0,0.0,0.0,0.0,3.0,4.0,1.0,5.0,1.18,1.0,0.0,0.0,1.0,0.0,9.0,0.0,1.0,0.0,0.0,0.0,2.0,12.0,0.5954,0.5154,0.0,0.478,0.478,0.272926,0.713974,0.478,1.1111,0.0,0.0,1.0,1.0,2.0,0.4815,0.037,0.0,1.0,-0.1815,0.0,0.0,0.142857,3.0,0.478261,0.473402,1.0,0.25,14.0,1.0,0.4815,1.0,1.0,1.0,1.0,1.0,1.0,1.0,1.0,1.0,1.0,1.0,1.0,1.0,1.0,1.0,1.0,1.0,1.0,1.0,1.0,1.0,1.0,1.0,1.0,1.0,1.0,1.0,1.0,1.0,1.0,1.0,1.0,1.0,1.0,1.0,1.0,1.0,1.0,1.0,1.0,1.0,1.0,1.0,1.0,1.0,1.0,1.0,1.0,1.0,1.0,1.0,1.0,1.0,1.0,BET,pass2_confirmed
MM_IP_TURN_037,1.0,0.0,90.0,0.0,0.0,0.0,3.0,4.0,1.0,5.0,1.17,1.0,0.0,0.0,1.0,0.0,9.0,0.0,1.0,0.0,0.0,0.0,4.0,11.0,0.7454,0.5154,0.3,0.5335,0.5335,0.269565,0.717391,0.5335,1.1111,0.0,0.0,1.0,1.0,2.0,0.5556,0.0741,0.0,1.0,-0.2556,0.0,0.0,0.230769,3.0,0.478261,0.47128,1.0,0.165934,14.0,1.0,0.3704,1.0,1.0,1.0,1.0,1.0,1.0,1.0,1.0,1.0,1.0,1.0,1.0,1.0,1.0,1.0,1.0,1.0,1.0,1.0,1.0,1.0,1.0,1.0,1.0,1.0,1.0,1.0,1.0,1.0,1.0,1.0,1.0,1.0,1.0,1.0,1.0,1.0,1.0,1.0,1.0,1.0,1.0,1.0,1.0,1.0,1.0,1.0,1.0,1.0,1.0,1.0,1.0,1.0,1.0,BET,provisional_solver_pending
MM_IP_TURN_038,1.0,0.0,90.0,0.0,0.0,0.0,3.0,4.0,1.0,5.0,1.17,1.0,0.0,0.0,1.0,0.0,9.0,0.0,1.0,0.0,0.0,0.0,4.0,11.0,0.7454,0.5154,0.3,0.526,0.526,0.269565,0.717391,0.526,1.1111,0.0,0.0,1.0,1.0,2.0,0.5556,0.0741,0.0,1.0,-0.2556,0.0,0.0,0.230769,3.0,0.478261,0.47128,1.0,0.165934,14.0,1.0,0.3704,1.0,1.0,1.0,1.0,1.0,1.0,1.0,1.0,1.0,1.0,1.0,1.0,1.0,1.0,1.0,1.0,1.0,1.0,1.0,1.0,1.0,1.0,1.0,1.0,1.0,1.0,1.0,1.0,1.0,1.0,1.0,1.0,1.0,1.0,1.0,1.0,1.0,1.0,1.0,1.0,1.0,1.0,1.0,1.0,1.0,1.0,1.0,1.0,1.0,1.0,1.0,1.0,1.0,1.0,BET,pass2_confirmed
MM_OOP_TURN_002,1.0,0.0,90.0,0.0,0.0,0.0,4.0,2.0,0.0,5.0,1.19,1.0,0.0,0.0,0.0,0.0,0.0,0.0,0.0,1.0,0.0,0.0,4.0,13.0,0.38,0.0,0.3,0.41025,0.41025,0.270115,0.712644,0.41025,1.1111,0.0,1.0,1.0,0.0,2.0,0.1653,0.31,0.1113,0.0,0.1347,0.0,0.0,0.175439,3.0,0.304348,0.687931,1.0,0.461992,14.0,0.0,0.4134,1.0,1.0,1.0,1.0,1.0,1.0,1.0,1.0,1.0,1.0,1.0,1.0,1.0,1.0,1.0,1.0,1.0,1.0,1.0,1.0,1.0,1.0,1.0,1.0,1.0,1.0,1.0,1.0,1.0,1.0,1.0,1.0,1.0,1.0,1.0,1.0,1.0,1.0,1.0,1.0,1.0,1.0,1.0,1.0,1.0,1.0,1.0,1.0,1.0,1.0,1.0,1.0,1.0,1.0,BET,panel_unanimous
MM_OOP_TURN_003,1.0,0.0,90.0,0.0,0.0,0.0,4.0,2.0,0.0,5.0,1.19,1.0,0.0,0.0,0.0,0.0,0.0,0.0,0.0,1.0,0.0,0.0,4.0,13.0,0.38,0.0,0.3,0.4115,0.4115,0.270115,0.712644,0.4115,1.1111,0.0,1.0,1.0,0.0,2.0,0.1653,0.31,0.1113,0.0,0.1347,0.0,0.0,0.175439,3.0,0.304348,0.687931,1.0,0.461992,14.0,0.0,0.4134,1.0,1.0,1.0,1.0,1.0,1.0,1.0,1.0,1.0,1.0,1.0,1.0,1.0,1.0,1.0,1.0,1.0,1.0,1.0,1.0,1.0,1.0,1.0,1.0,1.0,1.0,1.0,1.0,1.0,1.0,1.0,1.0,1.0,1.0,1.0,1.0,1.0,1.0,1.0,1.0,1.0,1.0,1.0,1.0,1.0,1.0,1.0,1.0,1.0,1.0,1.0,1.0,1.0,1.0,BET,panel_unanimous
MM_OOP_TURN_004,1.0,0.0,90.0,0.0,0.0,0.0,4.0,2.0,0.0,5.0,1.18,1.0,0.0,0.0,0.0,0.0,0.0,0.0,0.0,1.0,0.0,0.0,4.0,13.0,0.38,0.0,0.3,0.37825,0.37825,0.282609,0.701087,0.37825,1.1111,0.0,1.0,1.0,0.0,2.0,0.1653,0.0159,0.4054,0.0,0.1347,0.0,0.0,0.0,3.0,0.304348,0.720417,1.0,0.683516,0.0,0.0,0.4134,1.0,1.0,1.0,1.0,1.0,1.0,1.0,1.0,1.0,1.0,1.0,1.0,1.0,1.0,1.0,1.0,1.0,1.0,1.0,1.0,1.0,1.0,1.0,1.0,1.0,1.0,1.0,1.0,1.0,1.0,1.0,1.0,1.0,1.0,1.0,1.0,1.0,1.0,1.0,1.0,1.0,1.0,1.0,1.0,1.0,1.0,1.0,1.0,1.0,1.0,1.0,1.0,1.0,1.0,BET,panel_unanimous
MM_OOP_TURN_005,1.0,0.0,90.0,0.0,0.0,0.0,4.0,2.0,0.0,5.0,1.18,1.0,0.0,0.0,0.0,0.0,0.0,0.0,0.0,1.0,0.0,0.0,4.0,13.0,0.38,0.0,0.3,0.38,0.38,0.282609,0.701087,0.38,1.1111,0.0,1.0,1.0,0.0,2.0,0.1653,0.0159,0.4054,0.0,0.1347,0.0,0.0,0.0,3.0,0.304348,0.720417,1.0,0.683516,0.0,0.0,0.4134,1.0,1.0,1.0,1.0,1.0,1.0,1.0,1.0,1.0,1.0,1.0,1.0,1.0,1.0,1.0,1.0,1.0,1.0,1.0,1.0,1.0,1.0,1.0,1.0,1.0,1.0,1.0,1.0,1.0,1.0,1.0,1.0,1.0,1.0,1.0,1.0,1.0,1.0,1.0,1.0,1.0,1.0,1.0,1.0,1.0,1.0,1.0,1.0,1.0,1.0,1.0,1.0,1.0,1.0,BET,panel_unanimous
MM_OOP_TURN_006,1.0,0.0,90.0,0.0,0.0,0.0,4.0,2.0,0.0,5.0,1.18,1.0,0.0,0.0,0.0,0.0,0.0,0.0,0.0,1.0,0.0,0.0,4.0,13.0,0.38,0.0,0.3,0.392,0.392,0.284553,0.699187,0.392,1.1111,0.0,1.0,1.0,0.0,2.0,0.1653,0.0159,0.4054,0.0,0.1347,0.0,0.0,0.0,3.0,0.304348,0.720417,1.0,0.683516,0.0,0.0,0.4134,1.0,1.0,1.0,1.0,1.0,1.0,1.0,1.0,1.0,1.0,1.0,1.0,1.0,1.0,1.0,1.0,1.0,1.0,1.0,1.0,1.0,1.0,1.0,1.0,1.0,1.0,1.0,1.0,1.0,1.0,1.0,1.0,1.0,1.0,1.0,1.0,1.0,1.0,1.0,1.0,1.0,1.0,1.0,1.0,1.0,1.0,1.0,1.0,1.0,1.0,1.0,1.0,1.0,1.0,BET,panel_unanimous
MM_OOP_TURN_007,1.0,0.0,90.0,0.0,0.0,0.0,4.0,2.0,0.0,5.0,1.18,1.0,0.0,0.0,0.0,0.0,0.0,0.0,0.0,1.0,0.0,0.0,4.0,12.0,0.38,0.0,0.3,0.413,0.413,0.264865,0.718919,0.413,1.1111,0.0,1.0,1.0,0.0,2.0,0.1653,0.0159,0.4372,0.0,0.1347,0.0,0.0,0.0,3.0,0.304348,0.690909,1.0,0.683516,0.0,0.0,0.3816,1.0,1.0,1.0,1.0,1.0,1.0,1.0,1.0,1.0,1.0,1.0,1.0,1.0,1.0,1.0,1.0,1.0,1.0,1.0,1.0,1.0,1.0,1.0,1.0,1.0,1.0,1.0,1.0,1.0,1.0,1.0,1.0,1.0,1.0,1.0,1.0,1.0,1.0,1.0,1.0,1.0,1.0,1.0,1.0,1.0,1.0,1.0,1.0,1.0,1.0,1.0,1.0,1.0,1.0,BET,panel_unanimous
MM_OOP_TURN_008,1.0,0.0,90.0,0.0,0.0,0.0,4.0,2.0,0.0,5.0,1.18,1.0,0.0,0.0,0.0,0.0,0.0,0.0,0.0,1.0,0.0,0.0,4.0,12.0,0.38,0.0,0.3,0.398,0.398,0.266846,0.716981,0.398,1.1111,0.0,1.0,1.0,0.0,2.0,0.1653,0.0159,0.4372,0.0,0.1347,0.0,0.0,0.0,3.0,0.304348,0.690909,1.0,0.683516,0.0,0.0,0.3816,1.0,1.0,1.0,1.0,1.0,1.0,1.0,1.0,1.0,1.0,1.0,1.0,1.0,1.0,1.0,1.0,1.0,1.0,1.0,1.0,1.0,1.0,1.0,1.0,1.0,1.0,1.0,1.0,1.0,1.0,1.0,1.0,1.0,1.0,1.0,1.0,1.0,1.0,1.0,1.0,1.0,1.0,1.0,1.0,1.0,1.0,1.0,1.0,1.0,1.0,1.0,1.0,1.0,1.0,BET,panel_unanimous
MM_OOP_TURN_009,1.0,0.0,90.0,0.0,0.0,0.0,4.0,2.0,0.0,5.0,1.18,1.0,0.0,0.0,0.0,0.0,0.0,0.0,0.0,1.0,0.0,0.0,4.0,12.0,0.38,0.0,0.3,0.428,0.428,0.264865,0.718919,0.428,1.1111,0.0,1.0,1.0,0.0,2.0,0.1653,0.0159,0.4372,0.0,0.1347,0.0,0.0,0.0,3.0,0.304348,0.690909,1.0,0.683516,0.0,0.0,0.3816,1.0,1.0,1.0,1.0,1.0,1.0,1.0,1.0,1.0,1.0,1.0,1.0,1.0,1.0,1.0,1.0,1.0,1.0,1.0,1.0,1.0,1.0,1.0,1.0,1.0,1.0,1.0,1.0,1.0,1.0,1.0,1.0,1.0,1.0,1.0,1.0,1.0,1.0,1.0,1.0,1.0,1.0,1.0,1.0,1.0,1.0,1.0,1.0,1.0,1.0,1.0,1.0,1.0,1.0,BET,panel_unanimous
MM_OOP_TURN_010,1.0,0.0,90.0,0.0,0.0,0.0,4.0,2.0,0.0,5.0,1.16,1.0,0.0,0.0,0.0,0.0,0.0,0.0,0.0,1.0,0.0,0.0,5.0,12.0,0.38,0.0,0.3,0.339,0.339,0.305263,0.678947,0.339,1.1111,0.0,1.0,1.0,0.0,2.0,0.1653,0.0159,0.4928,0.0,0.1347,0.0,0.0,0.0,3.0,0.304348,0.693033,1.0,0.683516,0.0,0.0,0.3259,1.0,1.0,1.0,1.0,1.0,1.0,1.0,1.0,1.0,1.0,1.0,1.0,1.0,1.0,1.0,1.0,1.0,1.0,1.0,1.0,1.0,1.0,1.0,1.0,1.0,1.0,1.0,1.0,1.0,1.0,1.0,1.0,1.0,1.0,1.0,1.0,1.0,1.0,1.0,1.0,1.0,1.0,1.0,1.0,1.0,1.0,1.0,1.0,1.0,1.0,1.0,1.0,1.0,1.0,BET,panel_unanimous
MM_OOP_TURN_011,1.0,0.0,90.0,0.0,0.0,0.0,4.0,2.0,0.0,5.0,1.16,1.0,0.0,0.0,0.0,0.0,0.0,0.0,0.0,1.0,0.0,0.0,5.0,12.0,0.38,0.0,0.3,0.3285,0.3285,0.305263,0.678947,0.3285,1.1111,0.0,1.0,1.0,0.0,2.0,0.1653,0.0159,0.4928,0.0,0.1347,0.0,0.0,0.0,3.0,0.304348,0.693033,1.0,0.683516,0.0,0.0,0.3259,1.0,1.0,1.0,1.0,1.0,1.0,1.0,1.0,1.0,1.0,1.0,1.0,1.0,1.0,1.0,1.0,1.0,1.0,1.0,1.0,1.0,1.0,1.0,1.0,1.0,1.0,1.0,1.0,1.0,1.0,1.0,1.0,1.0,1.0,1.0,1.0,1.0,1.0,1.0,1.0,1.0,1.0,1.0,1.0,1.0,1.0,1.0,1.0,1.0,1.0,1.0,1.0,1.0,1.0,BET,panel_unanimous
MM_OOP_TURN_012,1.0,0.0,90.0,0.0,0.0,0.0,4.0,2.0,0.0,5.0,1.16,1.0,0.0,0.0,0.0,0.0,0.0,0.0,0.0,1.0,0.0,0.0,5.0,12.0,0.38,0.0,0.3,0.331,0.331,0.305263,0.678947,0.331,1.1111,0.0,1.0,1.0,0.0,2.0,0.1653,0.0159,0.4928,0.0,0.1347,0.0,0.0,0.0,3.0,0.304348,0.693033,1.0,0.683516,0.0,0.0,0.3259,1.0,1.0,1.0,1.0,1.0,1.0,1.0,1.0,1.0,1.0,1.0,1.0,1.0,1.0,1.0,1.0,1.0,1.0,1.0,1.0,1.0,1.0,1.0,1.0,1.0,1.0,1.0,1.0,1.0,1.0,1.0,1.0,1.0,1.0,1.0,1.0,1.0,1.0,1.0,1.0,1.0,1.0,1.0,1.0,1.0,1.0,1.0,1.0,1.0,1.0,1.0,1.0,1.0,1.0,BET,panel_unanimous
MM_OOP_TURN_013,1.0,0.0,90.0,0.0,0.0,0.0,4.0,2.0,0.0,5.0,1.18,1.0,0.0,0.0,0.0,0.0,0.0,0.0,0.0,1.0,0.0,0.0,4.0,11.0,0.38,0.0,0.3,0.433,0.433,0.256065,0.727763,0.433,1.1111,0.0,1.0,1.0,0.0,2.0,0.213,0.0318,0.4531,0.0,0.087,0.0,0.0,0.0,3.0,0.304348,0.7448,1.0,0.594595,0.0,0.0,0.3021,1.0,1.0,1.0,1.0,1.0,1.0,1.0,1.0,1.0,1.0,1.0,1.0,1.0,1.0,1.0,1.0,1.0,1.0,1.0,1.0,1.0,1.0,1.0,1.0,1.0,1.0,1.0,1.0,1.0,1.0,1.0,1.0,1.0,1.0,1.0,1.0,1.0,1.0,1.0,1.0,1.0,1.0,1.0,1.0,1.0,1.0,1.0,1.0,1.0,1.0,1.0,1.0,1.0,1.0,BET,panel_unanimous
MM_OOP_TURN_014,1.0,0.0,90.0,0.0,0.0,0.0,4.0,2.0,0.0,5.0,1.18,1.0,0.0,0.0,0.0,0.0,0.0,0.0,0.0,1.0,0.0,0.0,4.0,11.0,0.38,0.0,0.3,0.435,0.435,0.258065,0.725806,0.435,1.1111,0.0,1.0,1.0,0.0,2.0,0.213,0.0318,0.4531,0.0,0.087,0.0,0.0,0.0,3.0,0.304348,0.7448,1.0,0.594595,0.0,0.0,0.3021,1.0,1.0,1.0,1.0,1.0,1.0,1.0,1.0,1.0,1.0,1.0,1.0,1.0,1.0,1.0,1.0,1.0,1.0,1.0,1.0,1.0,1.0,1.0,1.0,1.0,1.0,1.0,1.0,1.0,1.0,1.0,1.0,1.0,1.0,1.0,1.0,1.0,1.0,1.0,1.0,1.0,1.0,1.0,1.0,1.0,1.0,1.0,1.0,1.0,1.0,1.0,1.0,1.0,1.0,BET,panel_unanimous
MM_OOP_TURN_015,1.0,0.0,90.0,0.0,0.0,0.0,4.0,2.0,0.0,5.0,1.18,1.0,0.0,0.0,0.0,0.0,0.0,0.0,0.0,1.0,0.0,0.0,4.0,11.0,0.38,0.0,0.3,0.44375,0.44375,0.256065,0.727763,0.44375,1.1111,0.0,1.0,1.0,0.0,2.0,0.213,0.0318,0.4531,0.0,0.087,0.0,0.0,0.0,3.0,0.304348,0.7448,1.0,0.594595,0.0,0.0,0.3021,1.0,1.0,1.0,1.0,1.0,1.0,1.0,1.0,1.0,1.0,1.0,1.0,1.0,1.0,1.0,1.0,1.0,1.0,1.0,1.0,1.0,1.0,1.0,1.0,1.0,1.0,1.0,1.0,1.0,1.0,1.0,1.0,1.0,1.0,1.0,1.0,1.0,1.0,1.0,1.0,1.0,1.0,1.0,1.0,1.0,1.0,1.0,1.0,1.0,1.0,1.0,1.0,1.0,1.0,BET,panel_unanimous
MM_OOP_TURN_016,1.0,0.0,90.0,0.0,0.0,0.0,4.0,2.0,0.0,6.0,1.351,1.0,0.0,0.0,0.0,0.0,0.0,0.0,0.0,1.0,0.0,0.0,8.0,14.0,0.88,0.0,0.8,0.6135,0.6135,0.115727,0.866469,0.6135,1.1111,0.0,1.0,1.0,0.0,2.0,0.1812,0.31,0.0954,0.0,0.1188,0.0,0.0,0.104046,0.0,0.304348,0.634773,1.0,0.44063,11.0,0.0,0.4134,1.0,1.0,1.0,1.0,1.0,1.0,1.0,1.0,1.0,1.0,1.0,1.0,1.0,1.0,1.0,1.0,1.0,1.0,1.0,1.0,1.0,1.0,1.0,1.0,1.0,1.0,1.0,1.0,1.0,1.0,1.0,1.0,1.0,1.0,1.0,1.0,1.0,1.0,1.0,1.0,1.0,1.0,1.0,1.0,1.0,1.0,1.0,1.0,1.0,1.0,1.0,1.0,1.0,1.0,BET,panel_unanimous
MM_OOP_TURN_017,1.0,0.0,90.0,0.0,0.0,0.0,4.0,2.0,0.0,6.0,1.351,1.0,0.0,0.0,0.0,0.0,0.0,0.0,0.0,1.0,0.0,0.0,8.0,14.0,0.88,0.0,0.8,0.59275,0.59275,0.115727,0.866469,0.59275,1.1111,0.0,1.0,1.0,0.0,2.0,0.1812,0.31,0.0954,0.0,0.1188,0.0,0.0,0.0,0.0,0.304348,0.668182,1.0,0.44063,0.0,0.0,0.4134,1.0,1.0,1.0,1.0,1.0,1.0,1.0,1.0,1.0,1.0,1.0,1.0,1.0,1.0,1.0,1.0,1.0,1.0,1.0,1.0,1.0,1.0,1.0,1.0,1.0,1.0,1.0,1.0,1.0,1.0,1.0,1.0,1.0,1.0,1.0,1.0,1.0,1.0,1.0,1.0,1.0,1.0,1.0,1.0,1.0,1.0,1.0,1.0,1.0,1.0,1.0,1.0,1.0,1.0,BET,panel_unanimous
MM_OOP_TURN_018,1.0,0.0,90.0,0.0,0.0,0.0,4.0,2.0,0.0,6.0,1.351,1.0,0.0,0.0,0.0,0.0,0.0,0.0,0.0,1.0,0.0,0.0,8.0,14.0,0.88,0.0,0.8,0.595,0.595,0.115727,0.866469,0.595,1.1111,0.0,1.0,1.0,0.0,2.0,0.1812,0.31,0.0954,0.0,0.1188,0.0,0.0,0.0,0.0,0.304348,0.634773,1.0,0.44063,0.0,0.0,0.4134,1.0,1.0,1.0,1.0,1.0,1.0,1.0,1.0,1.0,1.0,1.0,1.0,1.0,1.0,1.0,1.0,1.0,1.0,1.0,1.0,1.0,1.0,1.0,1.0,1.0,1.0,1.0,1.0,1.0,1.0,1.0,1.0,1.0,1.0,1.0,1.0,1.0,1.0,1.0,1.0,1.0,1.0,1.0,1.0,1.0,1.0,1.0,1.0,1.0,1.0,1.0,1.0,1.0,1.0,BET,panel_unanimous
MM_OOP_TURN_019,1.0,0.0,90.0,0.0,0.0,0.0,4.0,2.0,0.0,6.0,1.351,1.0,0.0,0.0,1.0,0.0,9.0,0.0,0.0,1.0,0.0,0.0,8.0,14.0,0.88,0.0,0.8,0.70625,0.70625,0.114943,0.867816,0.70625,1.1111,0.0,1.0,1.0,0.0,2.0,0.1812,0.31,0.0954,0.0,0.1188,0.0,0.0,0.227545,0.0,0.478261,0.712389,1.0,0.44063,14.0,0.0,0.4134,1.0,1.0,1.0,1.0,1.0,1.0,1.0,1.0,1.0,1.0,1.0,1.0,1.0,1.0,1.0,1.0,1.0,1.0,1.0,1.0,1.0,1.0,1.0,1.0,1.0,1.0,1.0,1.0,1.0,1.0,1.0,1.0,1.0,1.0,1.0,1.0,1.0,1.0,1.0,1.0,1.0,1.0,1.0,1.0,1.0,1.0,1.0,1.0,1.0,1.0,1.0,1.0,1.0,1.0,BET,panel_unanimous
MM_OOP_TURN_020,1.0,0.0,90.0,0.0,0.0,0.0,4.0,2.0,0.0,6.0,1.351,1.0,0.0,0.0,0.0,0.0,0.0,0.0,0.0,1.0,0.0,0.0,8.0,14.0,0.88,0.0,0.8,0.6055,0.6055,0.114613,0.868195,0.6055,1.1111,0.0,1.0,1.0,0.0,2.0,0.1812,0.31,0.0954,0.0,0.1188,0.0,0.0,0.121827,0.0,0.304348,0.67677,1.0,0.44063,14.0,0.0,0.4134,1.0,1.0,1.0,1.0,1.0,1.0,1.0,1.0,1.0,1.0,1.0,1.0,1.0,1.0,1.0,1.0,1.0,1.0,1.0,1.0,1.0,1.0,1.0,1.0,1.0,1.0,1.0,1.0,1.0,1.0,1.0,1.0,1.0,1.0,1.0,1.0,1.0,1.0,1.0,1.0,1.0,1.0,1.0,1.0,1.0,1.0,1.0,1.0,1.0,1.0,1.0,1.0,1.0,1.0,BET,panel_unanimous
MM_OOP_TURN_021,1.0,0.0,90.0,0.0,0.0,0.0,4.0,2.0,0.0,6.0,1.351,1.0,0.0,0.0,0.0,0.0,0.0,0.0,0.0,1.0,0.0,0.0,8.0,14.0,0.88,0.0,0.8,0.62925,0.62925,0.114943,0.867816,0.62925,1.1111,0.0,1.0,1.0,0.0,2.0,0.1812,0.31,0.0954,0.0,0.1188,0.0,0.0,0.121827,0.0,0.304348,0.67677,1.0,0.44063,14.0,0.0,0.4134,1.0,1.0,1.0,1.0,1.0,1.0,1.0,1.0,1.0,1.0,1.0,1.0,1.0,1.0,1.0,1.0,1.0,1.0,1.0,1.0,1.0,1.0,1.0,1.0,1.0,1.0,1.0,1.0,1.0,1.0,1.0,1.0,1.0,1.0,1.0,1.0,1.0,1.0,1.0,1.0,1.0,1.0,1.0,1.0,1.0,1.0,1.0,1.0,1.0,1.0,1.0,1.0,1.0,1.0,BET,panel_unanimous
MM_OOP_TURN_022,1.0,0.0,90.0,0.0,0.0,0.0,4.0,2.0,0.0,5.0,1.17,1.0,0.0,0.0,1.0,0.0,9.0,0.0,0.0,1.0,0.0,0.0,4.0,10.0,0.38,0.0,0.3,0.51575,0.51575,0.271768,0.712401,0.51575,1.1111,0.0,1.0,1.0,0.0,2.0,0.2289,0.3577,0.1272,0.0,0.0711,0.0,0.0,0.179641,3.0,0.478261,0.70119,1.0,0.35076,14.0,0.0,0.2862,1.0,1.0,1.0,1.0,1.0,1.0,1.0,1.0,1.0,1.0,1.0,1.0,1.0,1.0,1.0,1.0,1.0,1.0,1.0,1.0,1.0,1.0,1.0,1.0,1.0,1.0,1.0,1.0,1.0,1.0,1.0,1.0,1.0,1.0,1.0,1.0,1.0,1.0,1.0,1.0,1.0,1.0,1.0,1.0,1.0,1.0,1.0,1.0,1.0,1.0,1.0,1.0,1.0,1.0,BET,panel_unanimous
MM_OOP_TURN_023,1.0,0.0,90.0,0.0,0.0,0.0,4.0,2.0,0.0,5.0,1.17,1.0,0.0,0.0,0.0,0.0,0.0,0.0,0.0,1.0,0.0,0.0,4.0,10.0,0.38,0.0,0.3,0.39525,0.39525,0.271768,0.712401,0.39525,1.1111,0.0,1.0,1.0,0.0,2.0,0.2289,0.3577,0.1272,0.0,0.0711,0.0,0.0,0.167598,3.0,0.304348,0.70119,1.0,0.35076,14.0,0.0,0.2862,1.0,1.0,1.0,1.0,1.0,1.0,1.0,1.0,1.0,1.0,1.0,1.0,1.0,1.0,1.0,1.0,1.0,1.0,1.0,1.0,1.0,1.0,1.0,1.0,1.0,1.0,1.0,1.0,1.0,1.0,1.0,1.0,1.0,1.0,1.0,1.0,1.0,1.0,1.0,1.0,1.0,1.0,1.0,1.0,1.0,1.0,1.0,1.0,1.0,1.0,1.0,1.0,1.0,1.0,BET,panel_unanimous
MM_OOP_TURN_024,1.0,0.0,90.0,0.0,0.0,0.0,4.0,2.0,0.0,5.0,1.17,1.0,0.0,0.0,0.0,0.0,0.0,0.0,0.0,1.0,0.0,0.0,4.0,10.0,0.38,0.0,0.3,0.39375,0.39375,0.271768,0.712401,0.39375,1.1111,0.0,1.0,1.0,0.0,2.0,0.2289,0.3577,0.1272,0.0,0.0711,0.0,0.0,0.167598,3.0,0.304348,0.70119,1.0,0.35076,14.0,0.0,0.2862,1.0,1.0,1.0,1.0,1.0,1.0,1.0,1.0,1.0,1.0,1.0,1.0,1.0,1.0,1.0,1.0,1.0,1.0,1.0,1.0,1.0,1.0,1.0,1.0,1.0,1.0,1.0,1.0,1.0,1.0,1.0,1.0,1.0,1.0,1.0,1.0,1.0,1.0,1.0,1.0,1.0,1.0,1.0,1.0,1.0,1.0,1.0,1.0,1.0,1.0,1.0,1.0,1.0,1.0,BET,panel_unanimous
MM_OOP_TURN_025,1.0,0.0,90.0,0.0,0.0,0.0,4.0,2.0,0.0,5.0,1.16,1.0,0.0,0.0,0.0,0.0,0.0,0.0,0.0,1.0,0.0,0.0,5.0,10.0,0.38,0.0,0.3,0.32425,0.32425,0.296588,0.687664,0.32425,1.1111,0.0,1.0,1.0,0.0,2.0,0.213,0.0159,0.4928,0.0,0.087,0.0,0.0,0.0,3.0,0.304348,0.70119,1.0,0.606919,0.0,0.0,0.2782,1.0,1.0,1.0,1.0,1.0,1.0,1.0,1.0,1.0,1.0,1.0,1.0,1.0,1.0,1.0,1.0,1.0,1.0,1.0,1.0,1.0,1.0,1.0,1.0,1.0,1.0,1.0,1.0,1.0,1.0,1.0,1.0,1.0,1.0,1.0,1.0,1.0,1.0,1.0,1.0,1.0,1.0,1.0,1.0,1.0,1.0,1.0,1.0,1.0,1.0,1.0,1.0,1.0,1.0,BET,panel_unanimous
MON_CHECKED_001,0.0,0.0,90.0,0.0,0.0,0.0,3.0,4.0,1.0,12.0,3.63,1.0,1.0,1.0,0.0,0.0,0.0,0.0,0.0,1.0,0.0,0.0,2.0,13.0,0.0,0.0,0.0,0.9295,0.9295,0.0,1.0,0.9295,1.1111,0.0,0.0,0.0,1.0,2.0,0.2593,0.0,0.4074,1.0,0.0407,0.0,0.0,0.0,0.0,1.0,0.997021,1.0,0.548636,0.0,1.0,0.3333,1.0,1.0,1.0,1.0,1.0,1.0,1.0,1.0,1.0,1.0,1.0,1.0,1.0,1.0,1.0,1.0,1.0,1.0,1.0,1.0,1.0,1.0,1.0,1.0,1.0,1.0,1.0,1.0,1.0,1.0,1.0,1.0,1.0,1.0,1.0,1.0,1.0,1.0,1.0,1.0,1.0,1.0,1.0,1.0,1.0,1.0,1.0,1.0,1.0,1.0,1.0,1.0,1.0,1.0,BET,panel_unanimous
MON_CHECKED_002,0.0,0.0,90.0,0.0,0.0,0.0,3.0,4.0,1.0,12.0,3.63,1.0,1.0,1.0,0.0,0.0,0.0,0.0,0.0,1.0,0.0,0.0,2.0,13.0,0.0,0.0,0.0,0.9415,0.9415,0.0,1.0,0.9415,1.1111,0.0,0.0,0.0,1.0,2.0,0.2593,0.0,0.4074,1.0,0.0407,0.0,0.0,0.0,0.0,1.0,0.997021,1.0,0.548636,0.0,1.0,0.3333,1.0,1.0,1.0,1.0,1.0,1.0,1.0,1.0,1.0,1.0,1.0,1.0,1.0,1.0,1.0,1.0,1.0,1.0,1.0,1.0,1.0,1.0,1.0,1.0,1.0,1.0,1.0,1.0,1.0,1.0,1.0,1.0,1.0,1.0,1.0,1.0,1.0,1.0,1.0,1.0,1.0,1.0,1.0,1.0,1.0,1.0,1.0,1.0,1.0,1.0,1.0,1.0,1.0,1.0,BET,panel_unanimous
MON_CHECKED_003,0.0,0.0,90.0,0.0,0.0,0.0,3.0,4.0,1.0,12.0,3.63,1.0,1.0,1.0,0.0,0.0,0.0,0.0,0.0,1.0,0.0,0.0,2.0,13.0,0.0,0.0,0.0,0.948,0.948,0.0,1.0,0.948,1.1111,0.0,0.0,0.0,1.0,2.0,0.1852,0.0,0.4815,1.0,0.1148,0.0,0.0,0.0,0.0,1.0,0.997114,1.0,0.663899,0.0,1.0,0.3333,1.0,1.0,1.0,1.0,1.0,1.0,1.0,1.0,1.0,1.0,1.0,1.0,1.0,1.0,1.0,1.0,1.0,1.0,1.0,1.0,1.0,1.0,1.0,1.0,1.0,1.0,1.0,1.0,1.0,1.0,1.0,1.0,1.0,1.0,1.0,1.0,1.0,1.0,1.0,1.0,1.0,1.0,1.0,1.0,1.0,1.0,1.0,1.0,1.0,1.0,1.0,1.0,1.0,1.0,BET,panel_unanimous
MON_CHECKED_004,0.0,0.0,90.0,0.0,0.0,0.0,3.0,4.0,1.0,12.0,3.63,1.0,1.0,1.0,0.0,0.0,0.0,0.0,0.0,1.0,0.0,0.0,2.0,13.0,0.0,0.0,0.0,0.9475,0.9475,0.0,1.0,0.9475,1.1111,0.0,0.0,0.0,1.0,2.0,0.1852,0.0,0.4815,1.0,0.1148,0.0,0.0,0.0,0.0,1.0,0.997114,1.0,0.663899,0.0,1.0,0.3333,1.0,1.0,1.0,1.0,1.0,1.0,1.0,1.0,1.0,1.0,1.0,1.0,1.0,1.0,1.0,1.0,1.0,1.0,1.0,1.0,1.0,1.0,1.0,1.0,1.0,1.0,1.0,1.0,1.0,1.0,1.0,1.0,1.0,1.0,1.0,1.0,1.0,1.0,1.0,1.0,1.0,1.0,1.0,1.0,1.0,1.0,1.0,1.0,1.0,1.0,1.0,1.0,1.0,1.0,BET,panel_unanimous
MON_CHECKED_005,0.0,0.0,90.0,0.0,0.0,0.0,3.0,4.0,1.0,12.0,3.63,1.0,1.0,1.0,0.0,0.0,0.0,0.0,0.0,1.0,0.0,0.0,2.0,13.0,0.0,0.0,0.0,0.945,0.945,0.0,1.0,0.945,1.1111,0.0,0.0,0.0,1.0,2.0,0.2222,0.0,0.4444,1.0,0.0778,0.0,0.0,0.0,0.0,1.0,0.997051,1.0,0.604973,0.0,1.0,0.3333,1.0,1.0,1.0,1.0,1.0,1.0,1.0,1.0,1.0,1.0,1.0,1.0,1.0,1.0,1.0,1.0,1.0,1.0,1.0,1.0,1.0,1.0,1.0,1.0,1.0,1.0,1.0,1.0,1.0,1.0,1.0,1.0,1.0,1.0,1.0,1.0,1.0,1.0,1.0,1.0,1.0,1.0,1.0,1.0,1.0,1.0,1.0,1.0,1.0,1.0,1.0,1.0,1.0,1.0,BET,panel_unanimous
MON_CHECKED_006,0.0,0.0,90.0,0.0,0.0,0.0,3.0,4.0,1.0,12.0,3.63,1.0,1.0,1.0,0.0,0.0,0.0,0.0,0.0,1.0,0.0,0.0,2.0,13.0,0.0,0.0,0.0,0.9445,0.9445,0.0,1.0,0.9445,1.1111,0.0,0.0,0.0,1.0,2.0,0.2222,0.0,0.4444,1.0,0.0778,0.0,0.0,0.0,0.0,1.0,0.997051,1.0,0.604973,0.0,1.0,0.3333,1.0,1.0,1.0,1.0,1.0,1.0,1.0,1.0,1.0,1.0,1.0,1.0,1.0,1.0,1.0,1.0,1.0,1.0,1.0,1.0,1.0,1.0,1.0,1.0,1.0,1.0,1.0,1.0,1.0,1.0,1.0,1.0,1.0,1.0,1.0,1.0,1.0,1.0,1.0,1.0,1.0,1.0,1.0,1.0,1.0,1.0,1.0,1.0,1.0,1.0,1.0,1.0,1.0,1.0,BET,panel_unanimous
MON_CHECKED_007,0.0,0.0,90.0,0.0,0.0,0.0,3.0,4.0,1.0,12.0,3.62,1.0,1.0,1.0,0.0,0.0,0.0,0.0,0.0,1.0,0.0,0.0,2.0,12.0,0.0,0.0,0.0,0.9375,0.9375,0.0,1.0,0.9375,1.1111,0.0,0.0,0.0,1.0,2.0,0.2222,0.0,0.5185,1.0,0.0778,0.0,0.0,0.0,0.0,1.0,0.997136,1.0,0.604973,0.0,1.0,0.2593,1.0,1.0,1.0,1.0,1.0,1.0,1.0,1.0,1.0,1.0,1.0,1.0,1.0,1.0,1.0,1.0,1.0,1.0,1.0,1.0,1.0,1.0,1.0,1.0,1.0,1.0,1.0,1.0,1.0,1.0,1.0,1.0,1.0,1.0,1.0,1.0,1.0,1.0,1.0,1.0,1.0,1.0,1.0,1.0,1.0,1.0,1.0,1.0,1.0,1.0,1.0,1.0,1.0,1.0,BET,panel_unanimous
MON_CHECKED_008,0.0,0.0,90.0,0.0,0.0,0.0,3.0,4.0,1.0,12.0,3.62,1.0,1.0,1.0,0.0,0.0,0.0,0.0,0.0,1.0,0.0,0.0,2.0,12.0,0.0,0.0,0.0,0.9425,0.9425,0.0,1.0,0.9425,1.1111,0.0,0.0,0.0,1.0,2.0,0.2222,0.0,0.5185,1.0,0.0778,0.0,0.0,0.0,0.0,1.0,0.997136,1.0,0.604973,0.0,1.0,0.2593,1.0,1.0,1.0,1.0,1.0,1.0,1.0,1.0,1.0,1.0,1.0,1.0,1.0,1.0,1.0,1.0,1.0,1.0,1.0,1.0,1.0,1.0,1.0,1.0,1.0,1.0,1.0,1.0,1.0,1.0,1.0,1.0,1.0,1.0,1.0,1.0,1.0,1.0,1.0,1.0,1.0,1.0,1.0,1.0,1.0,1.0,1.0,1.0,1.0,1.0,1.0,1.0,1.0,1.0,BET,panel_unanimous
MON_CHECKED_009,0.0,0.0,90.0,0.0,0.0,0.0,3.0,4.0,1.0,12.0,3.62,1.0,1.0,1.0,0.0,0.0,0.0,0.0,0.0,1.0,0.0,0.0,2.0,12.0,0.0,0.0,0.0,0.9195,0.9195,0.0,1.0,0.9195,1.1111,0.0,0.0,0.0,1.0,2.0,0.2222,0.0,0.4444,1.0,0.0778,0.0,0.0,0.0,0.0,1.0,0.997068,1.0,0.604973,0.0,1.0,0.3333,1.0,1.0,1.0,1.0,1.0,1.0,1.0,1.0,1.0,1.0,1.0,1.0,1.0,1.0,1.0,1.0,1.0,1.0,1.0,1.0,1.0,1.0,1.0,1.0,1.0,1.0,1.0,1.0,1.0,1.0,1.0,1.0,1.0,1.0,1.0,1.0,1.0,1.0,1.0,1.0,1.0,1.0,1.0,1.0,1.0,1.0,1.0,1.0,1.0,1.0,1.0,1.0,1.0,1.0,BET,panel_unanimous
MON_CHECKED_010,0.0,0.0,90.0,0.0,0.0,0.0,3.0,4.0,1.0,12.0,3.62,1.0,1.0,1.0,0.0,0.0,0.0,0.0,0.0,1.0,0.0,0.0,2.0,12.0,0.0,0.0,0.0,0.9215,0.9215,0.0,1.0,0.9215,1.1111,0.0,0.0,0.0,1.0,2.0,0.2222,0.0,0.4444,1.0,0.0778,0.0,0.0,0.0,0.0,1.0,0.997068,1.0,0.604973,0.0,1.0,0.3333,1.0,1.0,1.0,1.0,1.0,1.0,1.0,1.0,1.0,1.0,1.0,1.0,1.0,1.0,1.0,1.0,1.0,1.0,1.0,1.0,1.0,1.0,1.0,1.0,1.0,1.0,1.0,1.0,1.0,1.0,1.0,1.0,1.0,1.0,1.0,1.0,1.0,1.0,1.0,1.0,1.0,1.0,1.0,1.0,1.0,1.0,1.0,1.0,1.0,1.0,1.0,1.0,1.0,1.0,BET,panel_unanimous
MON_CHECKED_011,0.0,0.0,90.0,0.0,0.0,0.0,3.0,4.0,1.0,12.0,3.62,1.0,1.0,1.0,0.0,0.0,0.0,0.0,0.0,1.0,0.0,0.0,2.0,12.0,0.0,0.0,0.0,0.9325,0.9325,0.0,1.0,0.9325,1.1111,0.0,0.0,0.0,1.0,2.0,0.2222,0.0,0.5185,1.0,0.0778,0.0,0.0,0.0,0.0,1.0,0.997131,1.0,0.604973,0.0,1.0,0.2593,1.0,1.0,1.0,1.0,1.0,1.0,1.0,1.0,1.0,1.0,1.0,1.0,1.0,1.0,1.0,1.0,1.0,1.0,1.0,1.0,1.0,1.0,1.0,1.0,1.0,1.0,1.0,1.0,1.0,1.0,1.0,1.0,1.0,1.0,1.0,1.0,1.0,1.0,1.0,1.0,1.0,1.0,1.0,1.0,1.0,1.0,1.0,1.0,1.0,1.0,1.0,1.0,1.0,1.0,BET,panel_unanimous
MON_CHECKED_012,0.0,0.0,90.0,0.0,0.0,0.0,3.0,4.0,1.0,12.0,3.62,1.0,1.0,1.0,0.0,0.0,0.0,0.0,0.0,1.0,0.0,0.0,2.0,12.0,0.0,0.0,0.0,0.93,0.93,0.0,1.0,0.93,1.1111,0.0,0.0,0.0,1.0,2.0,0.2222,0.0,0.5185,1.0,0.0778,0.0,0.0,0.0,0.0,1.0,0.997131,1.0,0.604973,0.0,1.0,0.2593,1.0,1.0,1.0,1.0,1.0,1.0,1.0,1.0,1.0,1.0,1.0,1.0,1.0,1.0,1.0,1.0,1.0,1.0,1.0,1.0,1.0,1.0,1.0,1.0,1.0,1.0,1.0,1.0,1.0,1.0,1.0,1.0,1.0,1.0,1.0,1.0,1.0,1.0,1.0,1.0,1.0,1.0,1.0,1.0,1.0,1.0,1.0,1.0,1.0,1.0,1.0,1.0,1.0,1.0,BET,panel_unanimous
MON_CHECKED_013,0.0,0.0,90.0,0.0,0.0,0.0,3.0,4.0,1.0,12.0,3.61,1.0,1.0,1.0,0.0,0.0,0.0,0.0,0.0,1.0,0.0,0.0,2.0,11.0,0.0,0.0,0.0,0.896,0.896,0.0,1.0,0.896,1.1111,0.0,0.0,0.0,1.0,2.0,0.1852,0.0,0.5185,1.0,0.1148,0.0,0.0,0.0,0.0,1.0,0.997074,1.0,0.663899,0.0,1.0,0.2963,1.0,1.0,1.0,1.0,1.0,1.0,1.0,1.0,1.0,1.0,1.0,1.0,1.0,1.0,1.0,1.0,1.0,1.0,1.0,1.0,1.0,1.0,1.0,1.0,1.0,1.0,1.0,1.0,1.0,1.0,1.0,1.0,1.0,1.0,1.0,1.0,1.0,1.0,1.0,1.0,1.0,1.0,1.0,1.0,1.0,1.0,1.0,1.0,1.0,1.0,1.0,1.0,1.0,1.0,BET,panel_unanimous
MON_CHECKED_014,0.0,0.0,90.0,0.0,0.0,0.0,3.0,4.0,1.0,12.0,3.61,1.0,1.0,1.0,0.0,0.0,0.0,0.0,0.0,1.0,0.0,0.0,2.0,11.0,0.0,0.0,0.0,0.905,0.905,0.0,1.0,0.905,1.1111,0.0,0.0,0.0,1.0,2.0,0.1852,0.0,0.5185,1.0,0.1148,0.0,0.0,0.0,0.0,1.0,0.997074,1.0,0.663899,0.0,1.0,0.2963,1.0,1.0,1.0,1.0,1.0,1.0,1.0,1.0,1.0,1.0,1.0,1.0,1.0,1.0,1.0,1.0,1.0,1.0,1.0,1.0,1.0,1.0,1.0,1.0,1.0,1.0,1.0,1.0,1.0,1.0,1.0,1.0,1.0,1.0,1.0,1.0,1.0,1.0,1.0,1.0,1.0,1.0,1.0,1.0,1.0,1.0,1.0,1.0,1.0,1.0,1.0,1.0,1.0,1.0,BET,panel_unanimous
MON_CHECKED_015,0.0,0.0,90.0,0.0,0.0,0.0,3.0,4.0,1.0,12.0,3.61,1.0,1.0,1.0,0.0,0.0,0.0,0.0,0.0,1.0,0.0,0.0,2.0,11.0,0.0,0.0,0.0,0.926,0.926,0.0,1.0,0.926,1.1111,0.0,0.0,0.0,1.0,2.0,0.1852,0.0,0.5926,1.0,0.1148,0.0,0.0,0.0,0.0,1.0,0.997142,1.0,0.663899,0.0,1.0,0.2222,1.0,1.0,1.0,1.0,1.0,1.0,1.0,1.0,1.0,1.0,1.0,1.0,1.0,1.0,1.0,1.0,1.0,1.0,1.0,1.0,1.0,1.0,1.0,1.0,1.0,1.0,1.0,1.0,1.0,1.0,1.0,1.0,1.0,1.0,1.0,1.0,1.0,1.0,1.0,1.0,1.0,1.0,1.0,1.0,1.0,1.0,1.0,1.0,1.0,1.0,1.0,1.0,1.0,1.0,BET,panel_unanimous
MON_CHECKED_016,0.0,0.0,90.0,0.0,0.0,0.0,3.0,4.0,1.0,12.0,3.61,1.0,1.0,1.0,0.0,0.0,0.0,0.0,0.0,1.0,0.0,0.0,2.0,11.0,0.0,0.0,0.0,0.916,0.916,0.0,1.0,0.916,1.1111,0.0,0.0,0.0,1.0,2.0,0.1852,0.0,0.5926,1.0,0.1148,0.0,0.0,0.0,0.0,1.0,0.997142,1.0,0.663899,0.0,1.0,0.2222,1.0,1.0,1.0,1.0,1.0,1.0,1.0,1.0,1.0,1.0,1.0,1.0,1.0,1.0,1.0,1.0,1.0,1.0,1.0,1.0,1.0,1.0,1.0,1.0,1.0,1.0,1.0,1.0,1.0,1.0,1.0,1.0,1.0,1.0,1.0,1.0,1.0,1.0,1.0,1.0,1.0,1.0,1.0,1.0,1.0,1.0,1.0,1.0,1.0,1.0,1.0,1.0,1.0,1.0,BET,panel_unanimous
MON_CHECKED_017,0.0,0.0,90.0,0.0,0.0,0.0,3.0,4.0,1.0,12.0,3.61,1.0,1.0,1.0,0.0,0.0,0.0,0.0,0.0,1.0,0.0,0.0,2.0,11.0,0.0,0.0,0.0,0.932,0.932,0.0,1.0,0.932,1.1111,0.0,0.0,0.0,1.0,2.0,0.1852,0.0,0.5926,1.0,0.1148,0.0,0.0,0.0,0.0,1.0,0.997136,1.0,0.663899,0.0,1.0,0.2222,1.0,1.0,1.0,1.0,1.0,1.0,1.0,1.0,1.0,1.0,1.0,1.0,1.0,1.0,1.0,1.0,1.0,1.0,1.0,1.0,1.0,1.0,1.0,1.0,1.0,1.0,1.0,1.0,1.0,1.0,1.0,1.0,1.0,1.0,1.0,1.0,1.0,1.0,1.0,1.0,1.0,1.0,1.0,1.0,1.0,1.0,1.0,1.0,1.0,1.0,1.0,1.0,1.0,1.0,BET,panel_unanimous
MON_CHECKED_018,0.0,0.0,90.0,0.0,0.0,0.0,3.0,4.0,1.0,12.0,3.61,1.0,1.0,1.0,0.0,0.0,0.0,0.0,0.0,1.0,0.0,0.0,2.0,11.0,0.0,0.0,0.0,0.9345,0.9345,0.0,1.0,0.9345,1.1111,0.0,0.0,0.0,1.0,2.0,0.1852,0.0,0.5926,1.0,0.1148,0.0,0.0,0.0,0.0,1.0,0.997136,1.0,0.663899,0.0,1.0,0.2222,1.0,1.0,1.0,1.0,1.0,1.0,1.0,1.0,1.0,1.0,1.0,1.0,1.0,1.0,1.0,1.0,1.0,1.0,1.0,1.0,1.0,1.0,1.0,1.0,1.0,1.0,1.0,1.0,1.0,1.0,1.0,1.0,1.0,1.0,1.0,1.0,1.0,1.0,1.0,1.0,1.0,1.0,1.0,1.0,1.0,1.0,1.0,1.0,1.0,1.0,1.0,1.0,1.0,1.0,BET,panel_unanimous
MON_CHECKED_019,0.0,0.0,90.0,0.0,0.0,0.0,3.0,4.0,1.0,12.0,3.64,1.0,1.0,1.0,0.0,0.0,0.0,0.0,0.0,1.0,0.0,0.0,2.0,14.0,0.0,0.0,0.0,0.9475,0.9475,0.0,1.0,0.9475,1.1111,0.0,0.0,0.0,1.0,2.0,0.2593,0.0,0.2222,1.0,0.0407,0.0,0.0,0.0,0.0,1.0,0.996949,1.0,0.548636,0.0,1.0,0.5185,1.0,1.0,1.0,1.0,1.0,1.0,1.0,1.0,1.0,1.0,1.0,1.0,1.0,1.0,1.0,1.0,1.0,1.0,1.0,1.0,1.0,1.0,1.0,1.0,1.0,1.0,1.0,1.0,1.0,1.0,1.0,1.0,1.0,1.0,1.0,1.0,1.0,1.0,1.0,1.0,1.0,1.0,1.0,1.0,1.0,1.0,1.0,1.0,1.0,1.0,1.0,1.0,1.0,1.0,BET,panel_unanimous
PFR_CONT_001,0.0,0.0,90.0,0.0,0.0,0.0,3.0,4.0,1.0,9.0,1.64,1.0,0.0,0.0,0.0,0.0,0.0,0.0,0.0,1.0,0.0,0.0,2.0,13.0,0.0,0.0,0.0,0.6965,0.6965,0.046838,0.95082,0.6965,1.1111,0.0,0.0,0.0,1.0,2.0,0.2593,0.0,0.4074,1.0,0.0407,0.0,0.0,0.0,6.0,0.234043,0.954329,1.0,0.548636,0.0,1.0,0.3333,1.0,1.0,1.0,1.0,1.0,1.0,1.0,1.0,1.0,1.0,1.0,1.0,1.0,1.0,1.0,1.0,1.0,1.0,1.0,1.0,1.0,1.0,1.0,1.0,1.0,1.0,1.0,1.0,1.0,1.0,1.0,1.0,1.0,1.0,1.0,1.0,1.0,1.0,1.0,1.0,1.0,1.0,1.0,1.0,1.0,1.0,1.0,1.0,1.0,1.0,1.0,1.0,1.0,1.0,BET,panel_unanimous
PFR_CONT_002,0.0,0.0,90.0,0.0,0.0,0.0,3.0,4.0,1.0,9.0,1.64,1.0,0.0,0.0,0.0,0.0,0.0,0.0,0.0,1.0,0.0,0.0,2.0,13.0,0.0,0.0,0.0,0.698,0.698,0.046838,0.95082,0.698,1.1111,0.0,0.0,0.0,1.0,2.0,0.2593,0.0,0.4074,1.0,0.0407,0.0,0.0,0.0,6.0,0.234043,0.954329,1.0,0.548636,0.0,1.0,0.3333,1.0,1.0,1.0,1.0,1.0,1.0,1.0,1.0,1.0,1.0,1.0,1.0,1.0,1.0,1.0,1.0,1.0,1.0,1.0,1.0,1.0,1.0,1.0,1.0,1.0,1.0,1.0,1.0,1.0,1.0,1.0,1.0,1.0,1.0,1.0,1.0,1.0,1.0,1.0,1.0,1.0,1.0,1.0,1.0,1.0,1.0,1.0,1.0,1.0,1.0,1.0,1.0,1.0,1.0,BET,panel_unanimous
PFR_CONT_003,0.0,0.0,90.0,0.0,0.0,0.0,3.0,4.0,1.0,9.0,1.64,1.0,0.0,0.0,0.0,0.0,0.0,0.0,0.0,1.0,0.0,0.0,2.0,13.0,0.0,0.0,0.0,0.7045,0.7045,0.046838,0.95082,0.7045,1.1111,0.0,0.0,0.0,1.0,2.0,0.2593,0.0,0.4074,1.0,0.0407,0.0,0.0,0.0,6.0,0.234043,0.954329,1.0,0.548636,0.0,1.0,0.3333,1.0,1.0,1.0,1.0,1.0,1.0,1.0,1.0,1.0,1.0,1.0,1.0,1.0,1.0,1.0,1.0,1.0,1.0,1.0,1.0,1.0,1.0,1.0,1.0,1.0,1.0,1.0,1.0,1.0,1.0,1.0,1.0,1.0,1.0,1.0,1.0,1.0,1.0,1.0,1.0,1.0,1.0,1.0,1.0,1.0,1.0,1.0,1.0,1.0,1.0,1.0,1.0,1.0,1.0,BET,panel_unanimous
PFR_CONT_004,0.0,0.0,90.0,0.0,0.0,0.0,3.0,4.0,1.0,9.0,1.64,1.0,0.0,0.0,0.0,0.0,0.0,0.0,0.0,1.0,0.0,0.0,2.0,13.0,0.0,0.0,0.0,0.7745,0.7745,0.029817,0.96789,0.7745,1.1111,0.0,0.0,0.0,1.0,2.0,0.1852,0.0,0.4815,1.0,0.1148,0.0,0.0,0.0,6.0,0.234043,0.971528,1.0,0.663899,0.0,1.0,0.3333,1.0,1.0,1.0,1.0,1.0,1.0,1.0,1.0,1.0,1.0,1.0,1.0,1.0,1.0,1.0,1.0,1.0,1.0,1.0,1.0,1.0,1.0,1.0,1.0,1.0,1.0,1.0,1.0,1.0,1.0,1.0,1.0,1.0,1.0,1.0,1.0,1.0,1.0,1.0,1.0,1.0,1.0,1.0,1.0,1.0,1.0,1.0,1.0,1.0,1.0,1.0,1.0,1.0,1.0,BET,panel_unanimous
PFR_CONT_005,0.0,0.0,90.0,0.0,0.0,0.0,3.0,4.0,1.0,9.0,1.64,1.0,0.0,0.0,0.0,0.0,0.0,0.0,0.0,1.0,0.0,0.0,2.0,13.0,0.0,0.0,0.0,0.78375,0.78375,0.029817,0.96789,0.78375,1.1111,0.0,0.0,0.0,1.0,2.0,0.1852,0.0,0.4815,1.0,0.1148,0.0,0.0,0.0,6.0,0.234043,0.971528,1.0,0.663899,0.0,1.0,0.3333,1.0,1.0,1.0,1.0,1.0,1.0,1.0,1.0,1.0,1.0,1.0,1.0,1.0,1.0,1.0,1.0,1.0,1.0,1.0,1.0,1.0,1.0,1.0,1.0,1.0,1.0,1.0,1.0,1.0,1.0,1.0,1.0,1.0,1.0,1.0,1.0,1.0,1.0,1.0,1.0,1.0,1.0,1.0,1.0,1.0,1.0,1.0,1.0,1.0,1.0,1.0,1.0,1.0,1.0,BET,panel_unanimous
PFR_CONT_006,0.0,0.0,90.0,0.0,0.0,0.0,3.0,4.0,1.0,9.0,1.64,1.0,0.0,0.0,0.0,0.0,0.0,0.0,0.0,1.0,0.0,0.0,2.0,13.0,0.0,0.0,0.0,0.767,0.767,0.029817,0.96789,0.767,1.1111,0.0,0.0,0.0,1.0,2.0,0.1852,0.0,0.4815,1.0,0.1148,0.0,0.0,0.0,6.0,0.234043,0.971528,1.0,0.663899,0.0,1.0,0.3333,1.0,1.0,1.0,1.0,1.0,1.0,1.0,1.0,1.0,1.0,1.0,1.0,1.0,1.0,1.0,1.0,1.0,1.0,1.0,1.0,1.0,1.0,1.0,1.0,1.0,1.0,1.0,1.0,1.0,1.0,1.0,1.0,1.0,1.0,1.0,1.0,1.0,1.0,1.0,1.0,1.0,1.0,1.0,1.0,1.0,1.0,1.0,1.0,1.0,1.0,1.0,1.0,1.0,1.0,BET,panel_unanimous
PFR_CONT_007,0.0,0.0,90.0,0.0,0.0,0.0,3.0,4.0,1.0,9.0,1.64,1.0,0.0,0.0,0.0,0.0,0.0,0.0,0.0,1.0,0.0,0.0,2.0,13.0,0.0,0.0,0.0,0.73675,0.73675,0.029954,0.967742,0.73675,1.1111,0.0,0.0,0.0,1.0,2.0,0.2222,0.0,0.4444,1.0,0.0778,0.0,0.0,0.0,6.0,0.234043,0.954778,1.0,0.604973,0.0,1.0,0.3333,1.0,1.0,1.0,1.0,1.0,1.0,1.0,1.0,1.0,1.0,1.0,1.0,1.0,1.0,1.0,1.0,1.0,1.0,1.0,1.0,1.0,1.0,1.0,1.0,1.0,1.0,1.0,1.0,1.0,1.0,1.0,1.0,1.0,1.0,1.0,1.0,1.0,1.0,1.0,1.0,1.0,1.0,1.0,1.0,1.0,1.0,1.0,1.0,1.0,1.0,1.0,1.0,1.0,1.0,BET,panel_unanimous
PFR_CONT_008,0.0,0.0,90.0,0.0,0.0,0.0,3.0,4.0,1.0,9.0,1.64,1.0,0.0,0.0,0.0,0.0,0.0,0.0,0.0,1.0,0.0,0.0,2.0,13.0,0.0,0.0,0.0,0.74275,0.74275,0.029954,0.967742,0.74275,1.1111,0.0,0.0,0.0,1.0,2.0,0.2222,0.0,0.4444,1.0,0.0778,0.0,0.0,0.0,6.0,0.234043,0.954778,1.0,0.604973,0.0,1.0,0.3333,1.0,1.0,1.0,1.0,1.0,1.0,1.0,1.0,1.0,1.0,1.0,1.0,1.0,1.0,1.0,1.0,1.0,1.0,1.0,1.0,1.0,1.0,1.0,1.0,1.0,1.0,1.0,1.0,1.0,1.0,1.0,1.0,1.0,1.0,1.0,1.0,1.0,1.0,1.0,1.0,1.0,1.0,1.0,1.0,1.0,1.0,1.0,1.0,1.0,1.0,1.0,1.0,1.0,1.0,BET,panel_unanimous
PFR_CONT_009,0.0,0.0,90.0,0.0,0.0,0.0,3.0,4.0,1.0,9.0,1.64,1.0,0.0,0.0,0.0,0.0,0.0,0.0,0.0,1.0,0.0,0.0,2.0,13.0,0.0,0.0,0.0,0.74,0.74,0.029954,0.967742,0.74,1.1111,0.0,0.0,0.0,1.0,2.0,0.2222,0.0,0.4444,1.0,0.0778,0.0,0.0,0.0,6.0,0.234043,0.954778,1.0,0.604973,0.0,1.0,0.3333,1.0,1.0,1.0,1.0,1.0,1.0,1.0,1.0,1.0,1.0,1.0,1.0,1.0,1.0,1.0,1.0,1.0,1.0,1.0,1.0,1.0,1.0,1.0,1.0,1.0,1.0,1.0,1.0,1.0,1.0,1.0,1.0,1.0,1.0,1.0,1.0,1.0,1.0,1.0,1.0,1.0,1.0,1.0,1.0,1.0,1.0,1.0,1.0,1.0,1.0,1.0,1.0,1.0,1.0,BET,panel_unanimous
PFR_CONT_010,0.0,0.0,90.0,0.0,0.0,0.0,3.0,4.0,1.0,9.0,1.64,1.0,0.0,0.0,0.0,0.0,0.0,0.0,0.0,1.0,0.0,0.0,2.0,12.0,0.0,0.0,0.0,0.795,0.795,0.025057,0.972665,0.795,1.1111,0.0,0.0,0.0,1.0,2.0,0.2222,0.0,0.5185,1.0,0.0778,0.0,0.0,0.0,6.0,0.234043,0.975563,1.0,0.604973,0.0,1.0,0.2593,1.0,1.0,1.0,1.0,1.0,1.0,1.0,1.0,1.0,1.0,1.0,1.0,1.0,1.0,1.0,1.0,1.0,1.0,1.0,1.0,1.0,1.0,1.0,1.0,1.0,1.0,1.0,1.0,1.0,1.0,1.0,1.0,1.0,1.0,1.0,1.0,1.0,1.0,1.0,1.0,1.0,1.0,1.0,1.0,1.0,1.0,1.0,1.0,1.0,1.0,1.0,1.0,1.0,1.0,BET,panel_unanimous
PFR_CONT_011,0.0,0.0,90.0,0.0,0.0,0.0,3.0,4.0,1.0,9.0,1.64,1.0,0.0,0.0,0.0,0.0,0.0,0.0,0.0,1.0,0.0,0.0,2.0,12.0,0.0,0.0,0.0,0.76425,0.76425,0.025057,0.972665,0.76425,1.1111,0.0,0.0,0.0,1.0,2.0,0.2222,0.0,0.5185,1.0,0.0778,0.0,0.0,0.0,6.0,0.234043,0.975563,1.0,0.604973,0.0,1.0,0.2593,1.0,1.0,1.0,1.0,1.0,1.0,1.0,1.0,1.0,1.0,1.0,1.0,1.0,1.0,1.0,1.0,1.0,1.0,1.0,1.0,1.0,1.0,1.0,1.0,1.0,1.0,1.0,1.0,1.0,1.0,1.0,1.0,1.0,1.0,1.0,1.0,1.0,1.0,1.0,1.0,1.0,1.0,1.0,1.0,1.0,1.0,1.0,1.0,1.0,1.0,1.0,1.0,1.0,1.0,BET,panel_unanimous
PFR_CONT_012,0.0,0.0,90.0,0.0,0.0,0.0,3.0,4.0,1.0,9.0,1.64,1.0,0.0,0.0,0.0,0.0,0.0,0.0,0.0,1.0,0.0,0.0,2.0,12.0,0.0,0.0,0.0,0.79375,0.79375,0.025057,0.972665,0.79375,1.1111,0.0,0.0,0.0,1.0,2.0,0.2222,0.0,0.5185,1.0,0.0778,0.0,0.0,0.0,6.0,0.234043,0.975563,1.0,0.604973,0.0,1.0,0.2593,1.0,1.0,1.0,1.0,1.0,1.0,1.0,1.0,1.0,1.0,1.0,1.0,1.0,1.0,1.0,1.0,1.0,1.0,1.0,1.0,1.0,1.0,1.0,1.0,1.0,1.0,1.0,1.0,1.0,1.0,1.0,1.0,1.0,1.0,1.0,1.0,1.0,1.0,1.0,1.0,1.0,1.0,1.0,1.0,1.0,1.0,1.0,1.0,1.0,1.0,1.0,1.0,1.0,1.0,BET,panel_unanimous
PFR_CONT_013,0.0,0.0,90.0,0.0,0.0,0.0,3.0,4.0,1.0,9.0,1.64,1.0,0.0,0.0,0.0,0.0,0.0,0.0,0.0,1.0,0.0,0.0,2.0,12.0,0.0,0.0,0.0,0.74575,0.74575,0.025172,0.97254,0.74575,1.1111,0.0,0.0,0.0,1.0,2.0,0.2222,0.0,0.4444,1.0,0.0778,0.0,0.0,0.0,6.0,0.234043,0.968726,1.0,0.604973,0.0,1.0,0.3333,1.0,1.0,1.0,1.0,1.0,1.0,1.0,1.0,1.0,1.0,1.0,1.0,1.0,1.0,1.0,1.0,1.0,1.0,1.0,1.0,1.0,1.0,1.0,1.0,1.0,1.0,1.0,1.0,1.0,1.0,1.0,1.0,1.0,1.0,1.0,1.0,1.0,1.0,1.0,1.0,1.0,1.0,1.0,1.0,1.0,1.0,1.0,1.0,1.0,1.0,1.0,1.0,1.0,1.0,BET,panel_unanimous
PFR_CONT_014,0.0,0.0,90.0,0.0,0.0,0.0,3.0,4.0,1.0,9.0,1.64,1.0,0.0,0.0,0.0,0.0,0.0,0.0,0.0,1.0,0.0,0.0,2.0,12.0,0.0,0.0,0.0,0.7535,0.7535,0.025172,0.97254,0.7535,1.1111,0.0,0.0,0.0,1.0,2.0,0.2222,0.0,0.4444,1.0,0.0778,0.0,0.0,0.0,6.0,0.234043,0.968726,1.0,0.604973,0.0,1.0,0.3333,1.0,1.0,1.0,1.0,1.0,1.0,1.0,1.0,1.0,1.0,1.0,1.0,1.0,1.0,1.0,1.0,1.0,1.0,1.0,1.0,1.0,1.0,1.0,1.0,1.0,1.0,1.0,1.0,1.0,1.0,1.0,1.0,1.0,1.0,1.0,1.0,1.0,1.0,1.0,1.0,1.0,1.0,1.0,1.0,1.0,1.0,1.0,1.0,1.0,1.0,1.0,1.0,1.0,1.0,BET,panel_unanimous
PFR_CONT_015,0.0,0.0,90.0,0.0,0.0,0.0,3.0,4.0,1.0,9.0,1.64,1.0,0.0,0.0,0.0,0.0,0.0,0.0,0.0,1.0,0.0,0.0,2.0,12.0,0.0,0.0,0.0,0.748,0.748,0.025172,0.97254,0.748,1.1111,0.0,0.0,0.0,1.0,2.0,0.2222,0.0,0.4444,1.0,0.0778,0.0,0.0,0.0,6.0,0.234043,0.968726,1.0,0.604973,0.0,1.0,0.3333,1.0,1.0,1.0,1.0,1.0,1.0,1.0,1.0,1.0,1.0,1.0,1.0,1.0,1.0,1.0,1.0,1.0,1.0,1.0,1.0,1.0,1.0,1.0,1.0,1.0,1.0,1.0,1.0,1.0,1.0,1.0,1.0,1.0,1.0,1.0,1.0,1.0,1.0,1.0,1.0,1.0,1.0,1.0,1.0,1.0,1.0,1.0,1.0,1.0,1.0,1.0,1.0,1.0,1.0,BET,panel_unanimous
PFR_CONT_016,0.0,0.0,90.0,0.0,0.0,0.0,3.0,4.0,1.0,9.0,1.64,1.0,0.0,0.0,0.0,0.0,0.0,0.0,0.0,1.0,0.0,0.0,2.0,12.0,0.0,0.0,0.0,0.76625,0.76625,0.025,0.972727,0.76625,1.1111,0.0,0.0,0.0,1.0,2.0,0.2222,0.0,0.5185,1.0,0.0778,0.0,0.0,0.0,6.0,0.234043,0.975516,1.0,0.604973,0.0,1.0,0.2593,1.0,1.0,1.0,1.0,1.0,1.0,1.0,1.0,1.0,1.0,1.0,1.0,1.0,1.0,1.0,1.0,1.0,1.0,1.0,1.0,1.0,1.0,1.0,1.0,1.0,1.0,1.0,1.0,1.0,1.0,1.0,1.0,1.0,1.0,1.0,1.0,1.0,1.0,1.0,1.0,1.0,1.0,1.0,1.0,1.0,1.0,1.0,1.0,1.0,1.0,1.0,1.0,1.0,1.0,BET,panel_unanimous
PFR_CONT_017,0.0,0.0,90.0,0.0,0.0,0.0,3.0,4.0,1.0,9.0,1.64,1.0,0.0,0.0,0.0,0.0,0.0,0.0,0.0,1.0,0.0,0.0,2.0,12.0,0.0,0.0,0.0,0.75875,0.75875,0.025,0.972727,0.75875,1.1111,0.0,0.0,0.0,1.0,2.0,0.2222,0.0,0.5185,1.0,0.0778,0.0,0.0,0.0,6.0,0.234043,0.975516,1.0,0.604973,0.0,1.0,0.2593,1.0,1.0,1.0,1.0,1.0,1.0,1.0,1.0,1.0,1.0,1.0,1.0,1.0,1.0,1.0,1.0,1.0,1.0,1.0,1.0,1.0,1.0,1.0,1.0,1.0,1.0,1.0,1.0,1.0,1.0,1.0,1.0,1.0,1.0,1.0,1.0,1.0,1.0,1.0,1.0,1.0,1.0,1.0,1.0,1.0,1.0,1.0,1.0,1.0,1.0,1.0,1.0,1.0,1.0,BET,panel_unanimous
PFR_CONT_018,0.0,0.0,90.0,0.0,0.0,0.0,3.0,4.0,1.0,9.0,1.64,1.0,0.0,0.0,0.0,0.0,0.0,0.0,0.0,1.0,0.0,0.0,2.0,12.0,0.0,0.0,0.0,0.78175,0.78175,0.025,0.972727,0.78175,1.1111,0.0,0.0,0.0,1.0,2.0,0.2222,0.0,0.5185,1.0,0.0778,0.0,0.0,0.0,6.0,0.234043,0.975516,1.0,0.604973,0.0,1.0,0.2593,1.0,1.0,1.0,1.0,1.0,1.0,1.0,1.0,1.0,1.0,1.0,1.0,1.0,1.0,1.0,1.0,1.0,1.0,1.0,1.0,1.0,1.0,1.0,1.0,1.0,1.0,1.0,1.0,1.0,1.0,1.0,1.0,1.0,1.0,1.0,1.0,1.0,1.0,1.0,1.0,1.0,1.0,1.0,1.0,1.0,1.0,1.0,1.0,1.0,1.0,1.0,1.0,1.0,1.0,BET,panel_unanimous
PFR_CONT_019,0.0,0.0,90.0,0.0,0.0,0.0,3.0,4.0,1.0,9.0,1.64,1.0,0.0,0.0,0.0,0.0,0.0,0.0,0.0,1.0,0.0,0.0,2.0,11.0,0.0,0.0,0.0,0.72975,0.72975,0.025,0.972727,0.72975,1.1111,0.0,0.0,0.0,1.0,2.0,0.1852,0.0,0.5185,1.0,0.1148,0.0,0.0,0.0,6.0,0.234043,0.972688,1.0,0.663899,0.0,1.0,0.2963,1.0,1.0,1.0,1.0,1.0,1.0,1.0,1.0,1.0,1.0,1.0,1.0,1.0,1.0,1.0,1.0,1.0,1.0,1.0,1.0,1.0,1.0,1.0,1.0,1.0,1.0,1.0,1.0,1.0,1.0,1.0,1.0,1.0,1.0,1.0,1.0,1.0,1.0,1.0,1.0,1.0,1.0,1.0,1.0,1.0,1.0,1.0,1.0,1.0,1.0,1.0,1.0,1.0,1.0,BET,panel_unanimous
PFR_CONT_020,0.0,0.0,90.0,0.0,0.0,0.0,3.0,4.0,1.0,9.0,1.64,1.0,0.0,0.0,0.0,0.0,0.0,0.0,0.0,1.0,0.0,0.0,2.0,11.0,0.0,0.0,0.0,0.73125,0.73125,0.025,0.972727,0.73125,1.1111,0.0,0.0,0.0,1.0,2.0,0.1852,0.0,0.5185,1.0,0.1148,0.0,0.0,0.0,6.0,0.234043,0.972688,1.0,0.663899,0.0,1.0,0.2963,1.0,1.0,1.0,1.0,1.0,1.0,1.0,1.0,1.0,1.0,1.0,1.0,1.0,1.0,1.0,1.0,1.0,1.0,1.0,1.0,1.0,1.0,1.0,1.0,1.0,1.0,1.0,1.0,1.0,1.0,1.0,1.0,1.0,1.0,1.0,1.0,1.0,1.0,1.0,1.0,1.0,1.0,1.0,1.0,1.0,1.0,1.0,1.0,1.0,1.0,1.0,1.0,1.0,1.0,BET,panel_unanimous
PFR_CONT_021,0.0,0.0,90.0,0.0,0.0,0.0,3.0,4.0,1.0,9.0,1.64,1.0,0.0,0.0,0.0,0.0,0.0,0.0,0.0,1.0,0.0,0.0,2.0,11.0,0.0,0.0,0.0,0.7335,0.7335,0.025,0.972727,0.7335,1.1111,0.0,0.0,0.0,1.0,2.0,0.1852,0.0,0.5185,1.0,0.1148,0.0,0.0,0.0,6.0,0.234043,0.972688,1.0,0.663899,0.0,1.0,0.2963,1.0,1.0,1.0,1.0,1.0,1.0,1.0,1.0,1.0,1.0,1.0,1.0,1.0,1.0,1.0,1.0,1.0,1.0,1.0,1.0,1.0,1.0,1.0,1.0,1.0,1.0,1.0,1.0,1.0,1.0,1.0,1.0,1.0,1.0,1.0,1.0,1.0,1.0,1.0,1.0,1.0,1.0,1.0,1.0,1.0,1.0,1.0,1.0,1.0,1.0,1.0,1.0,1.0,1.0,BET,panel_unanimous
PFR_CONT_022,0.0,0.0,90.0,0.0,0.0,0.0,3.0,4.0,1.0,9.0,1.64,1.0,0.0,0.0,0.0,0.0,0.0,0.0,0.0,1.0,0.0,0.0,2.0,11.0,0.0,0.0,0.0,0.79425,0.79425,0.024887,0.972851,0.79425,1.1111,0.0,0.0,0.0,1.0,2.0,0.1852,0.0,0.5926,1.0,0.1148,0.0,0.0,0.0,6.0,0.234043,0.97561,1.0,0.663899,0.0,1.0,0.2222,1.0,1.0,1.0,1.0,1.0,1.0,1.0,1.0,1.0,1.0,1.0,1.0,1.0,1.0,1.0,1.0,1.0,1.0,1.0,1.0,1.0,1.0,1.0,1.0,1.0,1.0,1.0,1.0,1.0,1.0,1.0,1.0,1.0,1.0,1.0,1.0,1.0,1.0,1.0,1.0,1.0,1.0,1.0,1.0,1.0,1.0,1.0,1.0,1.0,1.0,1.0,1.0,1.0,1.0,BET,panel_unanimous
PFR_CONT_023,0.0,0.0,90.0,0.0,0.0,0.0,3.0,4.0,1.0,9.0,1.64,1.0,0.0,0.0,0.0,0.0,0.0,0.0,0.0,1.0,0.0,0.0,2.0,11.0,0.0,0.0,0.0,0.774,0.774,0.024887,0.972851,0.774,1.1111,0.0,0.0,0.0,1.0,2.0,0.1852,0.0,0.5926,1.0,0.1148,0.0,0.0,0.0,6.0,0.234043,0.97561,1.0,0.663899,0.0,1.0,0.2222,1.0,1.0,1.0,1.0,1.0,1.0,1.0,1.0,1.0,1.0,1.0,1.0,1.0,1.0,1.0,1.0,1.0,1.0,1.0,1.0,1.0,1.0,1.0,1.0,1.0,1.0,1.0,1.0,1.0,1.0,1.0,1.0,1.0,1.0,1.0,1.0,1.0,1.0,1.0,1.0,1.0,1.0,1.0,1.0,1.0,1.0,1.0,1.0,1.0,1.0,1.0,1.0,1.0,1.0,BET,panel_unanimous
PFR_CONT_024,0.0,0.0,90.0,0.0,0.0,0.0,3.0,4.0,1.0,9.0,1.64,1.0,0.0,0.0,0.0,0.0,0.0,0.0,0.0,1.0,0.0,0.0,2.0,11.0,0.0,0.0,0.0,0.76475,0.76475,0.024887,0.972851,0.76475,1.1111,0.0,0.0,0.0,1.0,2.0,0.1852,0.0,0.5926,1.0,0.1148,0.0,0.0,0.0,6.0,0.234043,0.97561,1.0,0.663899,0.0,1.0,0.2222,1.0,1.0,1.0,1.0,1.0,1.0,1.0,1.0,1.0,1.0,1.0,1.0,1.0,1.0,1.0,1.0,1.0,1.0,1.0,1.0,1.0,1.0,1.0,1.0,1.0,1.0,1.0,1.0,1.0,1.0,1.0,1.0,1.0,1.0,1.0,1.0,1.0,1.0,1.0,1.0,1.0,1.0,1.0,1.0,1.0,1.0,1.0,1.0,1.0,1.0,1.0,1.0,1.0,1.0,BET,panel_unanimous
PROT_DANGER_001,0.0,0.0,90.0,0.0,0.0,0.0,3.0,4.0,1.0,5.0,1.19,1.0,0.0,0.0,0.0,0.0,0.0,0.0,1.0,0.0,0.0,0.0,5.0,10.0,0.45,0.25,0.3,0.40075,0.40075,0.232506,0.75395,0.40075,1.1111,0.0,0.0,0.0,1.0,2.0,0.2593,0.0,0.4815,1.0,0.0407,0.0,0.0,0.0,3.0,0.234043,0.759808,1.0,0.548636,0.0,1.0,0.2593,1.0,1.0,1.0,1.0,1.0,1.0,1.0,1.0,1.0,1.0,1.0,1.0,1.0,1.0,1.0,1.0,1.0,1.0,1.0,1.0,1.0,1.0,1.0,1.0,1.0,1.0,1.0,1.0,1.0,1.0,1.0,1.0,1.0,1.0,1.0,1.0,1.0,1.0,1.0,1.0,1.0,1.0,1.0,1.0,1.0,1.0,1.0,1.0,1.0,1.0,1.0,1.0,1.0,1.0,BET,panel_unanimous
PROT_DANGER_002,0.0,0.0,90.0,0.0,0.0,0.0,3.0,4.0,1.0,5.0,1.19,1.0,0.0,0.0,0.0,0.0,0.0,0.0,1.0,0.0,0.0,0.0,5.0,10.0,0.45,0.25,0.3,0.363,0.363,0.232506,0.75395,0.363,1.1111,0.0,0.0,0.0,1.0,2.0,0.2593,0.0,0.4815,1.0,0.0407,0.0,0.0,0.0,3.0,0.234043,0.759808,1.0,0.548636,0.0,1.0,0.2593,1.0,1.0,1.0,1.0,1.0,1.0,1.0,1.0,1.0,1.0,1.0,1.0,1.0,1.0,1.0,1.0,1.0,1.0,1.0,1.0,1.0,1.0,1.0,1.0,1.0,1.0,1.0,1.0,1.0,1.0,1.0,1.0,1.0,1.0,1.0,1.0,1.0,1.0,1.0,1.0,1.0,1.0,1.0,1.0,1.0,1.0,1.0,1.0,1.0,1.0,1.0,1.0,1.0,1.0,BET,panel_unanimous
PROT_DANGER_003,0.0,0.0,90.0,0.0,0.0,0.0,3.0,4.0,1.0,5.0,1.2,1.0,0.0,0.0,0.0,0.0,0.0,0.0,1.0,0.0,0.0,0.0,5.0,11.0,0.45,0.25,0.3,0.4105,0.4105,0.199115,0.787611,0.4105,1.1111,0.0,0.0,0.0,1.0,2.0,0.2222,0.037,0.5185,1.0,0.0778,0.0,0.0,0.0,3.0,0.234043,0.756292,1.0,0.576536,0.0,1.0,0.2222,1.0,1.0,1.0,1.0,1.0,1.0,1.0,1.0,1.0,1.0,1.0,1.0,1.0,1.0,1.0,1.0,1.0,1.0,1.0,1.0,1.0,1.0,1.0,1.0,1.0,1.0,1.0,1.0,1.0,1.0,1.0,1.0,1.0,1.0,1.0,1.0,1.0,1.0,1.0,1.0,1.0,1.0,1.0,1.0,1.0,1.0,1.0,1.0,1.0,1.0,1.0,1.0,1.0,1.0,BET,panel_unanimous
PROT_DANGER_004,0.0,0.0,90.0,0.0,0.0,0.0,3.0,4.0,1.0,5.0,1.2,1.0,0.0,0.0,0.0,0.0,0.0,0.0,1.0,0.0,0.0,0.0,5.0,11.0,0.45,0.25,0.3,0.39375,0.39375,0.197339,0.789357,0.39375,1.1111,0.0,0.0,0.0,1.0,2.0,0.2222,0.037,0.5185,1.0,0.0778,0.0,0.0,0.0,3.0,0.234043,0.756292,1.0,0.576536,0.0,1.0,0.2222,1.0,1.0,1.0,1.0,1.0,1.0,1.0,1.0,1.0,1.0,1.0,1.0,1.0,1.0,1.0,1.0,1.0,1.0,1.0,1.0,1.0,1.0,1.0,1.0,1.0,1.0,1.0,1.0,1.0,1.0,1.0,1.0,1.0,1.0,1.0,1.0,1.0,1.0,1.0,1.0,1.0,1.0,1.0,1.0,1.0,1.0,1.0,1.0,1.0,1.0,1.0,1.0,1.0,1.0,BET,panel_unanimous
PROT_DANGER_005,0.0,0.0,90.0,0.0,0.0,0.0,3.0,4.0,1.0,5.0,1.19,1.0,0.0,0.0,0.0,0.0,0.0,0.0,1.0,0.0,0.0,0.0,8.0,10.0,0.95,0.25,0.8,0.32575,0.32575,0.274775,0.711712,0.32575,1.1111,0.0,0.0,0.0,1.0,2.0,0.2963,0.037,0.4444,1.0,0.0037,0.0,0.0,0.0,3.0,0.234043,0.707674,1.0,0.469499,0.0,1.0,0.2222,1.0,1.0,1.0,1.0,1.0,1.0,1.0,1.0,1.0,1.0,1.0,1.0,1.0,1.0,1.0,1.0,1.0,1.0,1.0,1.0,1.0,1.0,1.0,1.0,1.0,1.0,1.0,1.0,1.0,1.0,1.0,1.0,1.0,1.0,1.0,1.0,1.0,1.0,1.0,1.0,1.0,1.0,1.0,1.0,1.0,1.0,1.0,1.0,1.0,1.0,1.0,1.0,1.0,1.0,BET,panel_unanimous
PROT_DANGER_006,0.0,0.0,90.0,0.0,0.0,0.0,3.0,4.0,1.0,5.0,1.19,1.0,0.0,0.0,0.0,0.0,0.0,0.0,1.0,0.0,0.0,0.0,8.0,10.0,0.95,0.25,0.8,0.332,0.332,0.274775,0.711712,0.332,1.1111,0.0,0.0,0.0,1.0,2.0,0.2963,0.037,0.4444,1.0,0.0037,0.0,0.0,0.0,3.0,0.234043,0.707674,1.0,0.469499,0.0,1.0,0.2222,1.0,1.0,1.0,1.0,1.0,1.0,1.0,1.0,1.0,1.0,1.0,1.0,1.0,1.0,1.0,1.0,1.0,1.0,1.0,1.0,1.0,1.0,1.0,1.0,1.0,1.0,1.0,1.0,1.0,1.0,1.0,1.0,1.0,1.0,1.0,1.0,1.0,1.0,1.0,1.0,1.0,1.0,1.0,1.0,1.0,1.0,1.0,1.0,1.0,1.0,1.0,1.0,1.0,1.0,BET,panel_unanimous
PROT_DANGER_007,0.0,0.0,90.0,0.0,0.0,0.0,3.0,4.0,1.0,5.0,1.18,1.0,0.0,0.0,0.0,0.0,0.0,0.0,1.0,0.0,0.0,0.0,5.0,9.0,0.45,0.25,0.3,0.31725,0.31725,0.262009,0.724891,0.31725,1.1111,0.0,0.0,0.0,1.0,2.0,0.2963,0.0,0.4074,1.0,0.0037,0.0,0.0,0.0,3.0,0.234043,0.750297,1.0,0.495194,0.0,1.0,0.2963,1.0,1.0,1.0,1.0,1.0,1.0,1.0,1.0,1.0,1.0,1.0,1.0,1.0,1.0,1.0,1.0,1.0,1.0,1.0,1.0,1.0,1.0,1.0,1.0,1.0,1.0,1.0,1.0,1.0,1.0,1.0,1.0,1.0,1.0,1.0,1.0,1.0,1.0,1.0,1.0,1.0,1.0,1.0,1.0,1.0,1.0,1.0,1.0,1.0,1.0,1.0,1.0,1.0,1.0,BET,panel_unanimous
PROT_DANGER_008,0.0,0.0,90.0,0.0,0.0,0.0,3.0,4.0,1.0,5.0,1.18,1.0,0.0,0.0,0.0,0.0,0.0,0.0,1.0,0.0,0.0,0.0,5.0,9.0,0.45,0.25,0.3,0.329,0.329,0.263617,0.723312,0.329,1.1111,0.0,0.0,0.0,1.0,2.0,0.2963,0.0,0.4074,1.0,0.0037,0.0,0.0,0.0,3.0,0.234043,0.750297,1.0,0.495194,0.0,1.0,0.2963,1.0,1.0,1.0,1.0,1.0,1.0,1.0,1.0,1.0,1.0,1.0,1.0,1.0,1.0,1.0,1.0,1.0,1.0,1.0,1.0,1.0,1.0,1.0,1.0,1.0,1.0,1.0,1.0,1.0,1.0,1.0,1.0,1.0,1.0,1.0,1.0,1.0,1.0,1.0,1.0,1.0,1.0,1.0,1.0,1.0,1.0,1.0,1.0,1.0,1.0,1.0,1.0,1.0,1.0,BET,panel_unanimous
PROT_DANGER_009,0.0,0.0,90.0,0.0,0.0,0.0,3.0,4.0,1.0,5.0,1.2,1.0,0.0,0.0,0.0,0.0,0.0,0.0,1.0,0.0,0.0,0.0,2.0,12.0,0.25,0.25,0.0,0.3315,0.3315,0.218263,0.768374,0.3315,1.1111,0.0,0.0,0.0,1.0,2.0,0.3333,0.037,0.4074,1.0,-0.0333,0.0,0.0,0.0,3.0,0.234043,0.743694,1.0,0.420163,0.0,1.0,0.2222,1.0,1.0,1.0,1.0,1.0,1.0,1.0,1.0,1.0,1.0,1.0,1.0,1.0,1.0,1.0,1.0,1.0,1.0,1.0,1.0,1.0,1.0,1.0,1.0,1.0,1.0,1.0,1.0,1.0,1.0,1.0,1.0,1.0,1.0,1.0,1.0,1.0,1.0,1.0,1.0,1.0,1.0,1.0,1.0,1.0,1.0,1.0,1.0,1.0,1.0,1.0,1.0,1.0,1.0,BET,panel_unanimous
PROT_DANGER_010,0.0,0.0,90.0,0.0,0.0,0.0,3.0,4.0,1.0,5.0,1.2,1.0,0.0,0.0,0.0,0.0,0.0,0.0,1.0,0.0,0.0,0.0,2.0,12.0,0.25,0.25,0.0,0.33625,0.33625,0.22,0.766667,0.33625,1.1111,0.0,0.0,0.0,1.0,2.0,0.3333,0.037,0.4074,1.0,-0.0333,0.0,0.0,0.0,3.0,0.234043,0.743694,1.0,0.420163,0.0,1.0,0.2222,1.0,1.0,1.0,1.0,1.0,1.0,1.0,1.0,1.0,1.0,1.0,1.0,1.0,1.0,1.0,1.0,1.0,1.0,1.0,1.0,1.0,1.0,1.0,1.0,1.0,1.0,1.0,1.0,1.0,1.0,1.0,1.0,1.0,1.0,1.0,1.0,1.0,1.0,1.0,1.0,1.0,1.0,1.0,1.0,1.0,1.0,1.0,1.0,1.0,1.0,1.0,1.0,1.0,1.0,BET,panel_unanimous
PROT_DANGER_012,0.0,0.0,90.0,0.0,0.0,0.0,3.0,4.0,1.0,5.0,1.19,1.0,0.0,0.0,0.0,0.0,0.0,0.0,1.0,0.0,0.0,0.0,7.0,11.0,0.65,0.25,0.5,0.3675,0.3675,0.233184,0.753363,0.3675,1.1111,0.0,0.0,0.0,1.0,2.0,0.2593,0.0741,0.4444,1.0,0.0407,0.0,0.0,0.0,3.0,0.234043,0.730004,1.0,0.495123,0.0,1.0,0.2222,1.0,1.0,1.0,1.0,1.0,1.0,1.0,1.0,1.0,1.0,1.0,1.0,1.0,1.0,1.0,1.0,1.0,1.0,1.0,1.0,1.0,1.0,1.0,1.0,1.0,1.0,1.0,1.0,1.0,1.0,1.0,1.0,1.0,1.0,1.0,1.0,1.0,1.0,1.0,1.0,1.0,1.0,1.0,1.0,1.0,1.0,1.0,1.0,1.0,1.0,1.0,1.0,1.0,1.0,BET,panel_unanimous
PROT_DANGER_013,0.0,0.0,90.0,0.0,0.0,0.0,3.0,4.0,1.0,5.0,1.17,1.0,0.0,0.0,0.0,0.0,0.0,0.0,1.0,0.0,0.0,0.0,7.0,8.0,0.65,0.25,0.5,0.38025,0.38025,0.200431,0.786638,0.38025,1.1111,0.0,0.0,0.0,1.0,2.0,0.3333,0.4815,0.0741,1.0,-0.0333,0.0,0.0,0.222222,3.0,0.234043,0.762823,1.0,0.181433,14.0,1.0,0.1111,1.0,1.0,1.0,1.0,1.0,1.0,1.0,1.0,1.0,1.0,1.0,1.0,1.0,1.0,1.0,1.0,1.0,1.0,1.0,1.0,1.0,1.0,1.0,1.0,1.0,1.0,1.0,1.0,1.0,1.0,1.0,1.0,1.0,1.0,1.0,1.0,1.0,1.0,1.0,1.0,1.0,1.0,1.0,1.0,1.0,1.0,1.0,1.0,1.0,1.0,1.0,1.0,1.0,1.0,CHECK,panel_unanimous
PROT_DANGER_014,0.0,0.0,90.0,0.0,0.0,0.0,3.0,4.0,1.0,5.0,1.17,1.0,0.0,0.0,0.0,0.0,0.0,0.0,1.0,0.0,0.0,0.0,7.0,8.0,0.65,0.25,0.5,0.35725,0.35725,0.202151,0.784946,0.35725,1.1111,0.0,0.0,0.0,1.0,2.0,0.3333,0.4815,0.0741,1.0,-0.0333,0.0,0.0,0.222222,3.0,0.234043,0.762823,1.0,0.181433,14.0,1.0,0.1111,1.0,1.0,1.0,1.0,1.0,1.0,1.0,1.0,1.0,1.0,1.0,1.0,1.0,1.0,1.0,1.0,1.0,1.0,1.0,1.0,1.0,1.0,1.0,1.0,1.0,1.0,1.0,1.0,1.0,1.0,1.0,1.0,1.0,1.0,1.0,1.0,1.0,1.0,1.0,1.0,1.0,1.0,1.0,1.0,1.0,1.0,1.0,1.0,1.0,1.0,1.0,1.0,1.0,1.0,CHECK,panel_unanimous
PROT_DANGER_015,0.0,0.0,90.0,0.0,0.0,0.0,3.0,4.0,1.0,5.0,1.18,1.0,0.0,0.0,0.0,0.0,0.0,0.0,1.0,0.0,0.0,0.0,7.0,9.0,0.65,0.25,0.5,0.30025,0.30025,0.244493,0.742291,0.30025,1.1111,0.0,0.0,0.0,1.0,2.0,0.3704,0.0,0.4444,1.0,-0.0704,0.0,0.0,0.0,3.0,0.234043,0.743844,1.0,0.396396,0.0,1.0,0.1852,1.0,1.0,1.0,1.0,1.0,1.0,1.0,1.0,1.0,1.0,1.0,1.0,1.0,1.0,1.0,1.0,1.0,1.0,1.0,1.0,1.0,1.0,1.0,1.0,1.0,1.0,1.0,1.0,1.0,1.0,1.0,1.0,1.0,1.0,1.0,1.0,1.0,1.0,1.0,1.0,1.0,1.0,1.0,1.0,1.0,1.0,1.0,1.0,1.0,1.0,1.0,1.0,1.0,1.0,BET,panel_unanimous
PROT_DANGER_016,0.0,0.0,90.0,0.0,0.0,0.0,3.0,4.0,1.0,5.0,1.18,1.0,0.0,0.0,0.0,0.0,0.0,0.0,1.0,0.0,0.0,0.0,7.0,9.0,0.65,0.25,0.5,0.28925,0.28925,0.246154,0.740659,0.28925,1.1111,0.0,0.0,0.0,1.0,2.0,0.3704,0.0,0.4444,1.0,-0.0704,0.0,0.0,0.0,3.0,0.234043,0.743844,1.0,0.396396,0.0,1.0,0.1852,1.0,1.0,1.0,1.0,1.0,1.0,1.0,1.0,1.0,1.0,1.0,1.0,1.0,1.0,1.0,1.0,1.0,1.0,1.0,1.0,1.0,1.0,1.0,1.0,1.0,1.0,1.0,1.0,1.0,1.0,1.0,1.0,1.0,1.0,1.0,1.0,1.0,1.0,1.0,1.0,1.0,1.0,1.0,1.0,1.0,1.0,1.0,1.0,1.0,1.0,1.0,1.0,1.0,1.0,BET,panel_unanimous
PROT_DANGER_017,0.0,0.0,90.0,0.0,0.0,0.0,3.0,4.0,1.0,5.0,1.2,1.0,0.0,0.0,0.0,0.0,0.0,0.0,1.0,0.0,0.0,0.0,7.0,12.0,0.65,0.25,0.5,0.401,0.401,0.227477,0.759009,0.401,1.1111,0.0,0.0,0.0,1.0,2.0,0.3333,0.5185,0.037,1.0,-0.0333,0.0,0.0,0.157895,3.0,0.234043,0.73749,1.0,0.166016,14.0,1.0,0.1111,1.0,1.0,1.0,1.0,1.0,1.0,1.0,1.0,1.0,1.0,1.0,1.0,1.0,1.0,1.0,1.0,1.0,1.0,1.0,1.0,1.0,1.0,1.0,1.0,1.0,1.0,1.0,1.0,1.0,1.0,1.0,1.0,1.0,1.0,1.0,1.0,1.0,1.0,1.0,1.0,1.0,1.0,1.0,1.0,1.0,1.0,1.0,1.0,1.0,1.0,1.0,1.0,1.0,1.0,CHECK,panel_unanimous
PROT_DANGER_018,0.0,0.0,90.0,0.0,0.0,0.0,3.0,4.0,1.0,5.0,1.2,1.0,0.0,0.0,0.0,0.0,0.0,0.0,1.0,0.0,0.0,0.0,7.0,12.0,0.65,0.25,0.5,0.38775,0.38775,0.227477,0.759009,0.38775,1.1111,0.0,0.0,0.0,1.0,2.0,0.3333,0.5185,0.037,1.0,-0.0333,0.0,0.0,0.157895,3.0,0.234043,0.73749,1.0,0.166016,14.0,1.0,0.1111,1.0,1.0,1.0,1.0,1.0,1.0,1.0,1.0,1.0,1.0,1.0,1.0,1.0,1.0,1.0,1.0,1.0,1.0,1.0,1.0,1.0,1.0,1.0,1.0,1.0,1.0,1.0,1.0,1.0,1.0,1.0,1.0,1.0,1.0,1.0,1.0,1.0,1.0,1.0,1.0,1.0,1.0,1.0,1.0,1.0,1.0,1.0,1.0,1.0,1.0,1.0,1.0,1.0,1.0,CHECK,panel_unanimous
PROT_DANGER_019,0.0,0.0,90.0,0.0,0.0,0.0,3.0,4.0,1.0,5.0,1.21,1.0,0.0,0.0,0.0,0.0,0.0,0.0,1.0,0.0,0.0,0.0,2.0,13.0,0.25,0.25,0.0,0.4275,0.4275,0.236486,0.75,0.4275,1.1111,0.0,0.0,0.0,1.0,2.0,0.3333,0.4815,0.037,1.0,-0.0333,0.0,0.0,0.166667,3.0,0.234043,0.731738,1.0,0.181433,14.0,1.0,0.1481,1.0,1.0,1.0,1.0,1.0,1.0,1.0,1.0,1.0,1.0,1.0,1.0,1.0,1.0,1.0,1.0,1.0,1.0,1.0,1.0,1.0,1.0,1.0,1.0,1.0,1.0,1.0,1.0,1.0,1.0,1.0,1.0,1.0,1.0,1.0,1.0,1.0,1.0,1.0,1.0,1.0,1.0,1.0,1.0,1.0,1.0,1.0,1.0,1.0,1.0,1.0,1.0,1.0,1.0,BET,panel_unanimous
PROT_DANGER_020,0.0,0.0,90.0,0.0,0.0,0.0,3.0,4.0,1.0,5.0,1.21,1.0,0.0,0.0,0.0,0.0,0.0,0.0,1.0,0.0,0.0,0.0,2.0,13.0,0.25,0.25,0.0,0.4235,0.4235,0.236486,0.75,0.4235,1.1111,0.0,0.0,0.0,1.0,2.0,0.3333,0.4815,0.037,1.0,-0.0333,0.0,0.0,0.166667,3.0,0.234043,0.731738,1.0,0.181433,14.0,1.0,0.1481,1.0,1.0,1.0,1.0,1.0,1.0,1.0,1.0,1.0,1.0,1.0,1.0,1.0,1.0,1.0,1.0,1.0,1.0,1.0,1.0,1.0,1.0,1.0,1.0,1.0,1.0,1.0,1.0,1.0,1.0,1.0,1.0,1.0,1.0,1.0,1.0,1.0,1.0,1.0,1.0,1.0,1.0,1.0,1.0,1.0,1.0,1.0,1.0,1.0,1.0,1.0,1.0,1.0,1.0,BET,panel_unanimous
RAISE_VALUE_001,0.0,1.0,120.0,30.0,0.2,0.25,3.0,5.0,1.0,9.0,1.64,1.0,0.0,0.0,0.0,0.0,0.0,0.0,0.0,1.0,0.0,0.0,2.0,13.0,0.0,0.0,0.0,0.664,0.664,0.092606,0.896231,0.464,0.8333,0.0,0.0,0.0,1.0,2.0,0.2405,0.0,0.3234,1.0,0.0595,0.0,0.0,0.0,6.0,0.234043,0.954329,1.0,0.57684,0.0,1.0,0.4362,1.0,1.0,1.0,1.0,1.0,1.0,1.0,1.0,1.0,1.0,1.0,1.0,1.0,1.0,1.0,1.0,1.0,1.0,1.0,1.0,1.0,1.0,1.0,1.0,1.0,1.0,1.0,1.0,1.0,1.0,1.0,1.0,1.0,1.0,1.0,1.0,1.0,1.0,1.0,1.0,1.0,1.0,1.0,1.0,1.0,1.0,1.0,1.0,1.0,1.0,1.0,1.0,1.0,1.0,RAISE,panel_unanimous
RAISE_VALUE_002,0.0,1.0,120.0,30.0,0.2,0.25,3.0,5.0,1.0,9.0,1.64,1.0,0.0,0.0,0.0,0.0,0.0,0.0,0.0,1.0,0.0,0.0,2.0,13.0,0.0,0.0,0.0,0.65125,0.65125,0.091595,0.897363,0.45125,0.8333,0.0,0.0,0.0,1.0,2.0,0.2405,0.0,0.3234,1.0,0.0595,0.0,0.0,0.0,6.0,0.234043,0.954329,1.0,0.57684,0.0,1.0,0.4362,1.0,1.0,1.0,1.0,1.0,1.0,1.0,1.0,1.0,1.0,1.0,1.0,1.0,1.0,1.0,1.0,1.0,1.0,1.0,1.0,1.0,1.0,1.0,1.0,1.0,1.0,1.0,1.0,1.0,1.0,1.0,1.0,1.0,1.0,1.0,1.0,1.0,1.0,1.0,1.0,1.0,1.0,1.0,1.0,1.0,1.0,1.0,1.0,1.0,1.0,1.0,1.0,1.0,1.0,RAISE,panel_unanimous
RAISE_VALUE_003,0.0,1.0,120.0,30.0,0.2,0.25,3.0,5.0,1.0,9.0,1.64,1.0,0.0,0.0,0.0,0.0,0.0,0.0,0.0,1.0,0.0,0.0,2.0,13.0,0.0,0.0,0.0,0.728,0.728,0.034054,0.95548,0.528,0.8333,0.0,0.0,0.0,1.0,2.0,0.223,0.0,0.3465,1.0,0.077,0.0,0.0,0.0,6.0,0.234043,0.971528,1.0,0.603729,0.0,1.0,0.4305,1.0,1.0,1.0,1.0,1.0,1.0,1.0,1.0,1.0,1.0,1.0,1.0,1.0,1.0,1.0,1.0,1.0,1.0,1.0,1.0,1.0,1.0,1.0,1.0,1.0,1.0,1.0,1.0,1.0,1.0,1.0,1.0,1.0,1.0,1.0,1.0,1.0,1.0,1.0,1.0,1.0,1.0,1.0,1.0,1.0,1.0,1.0,1.0,1.0,1.0,1.0,1.0,1.0,1.0,RAISE,panel_unanimous
RAISE_VALUE_004,0.0,1.0,120.0,30.0,0.2,0.25,3.0,5.0,1.0,9.0,1.64,1.0,0.0,0.0,0.0,0.0,0.0,0.0,0.0,1.0,0.0,0.0,2.0,13.0,0.0,0.0,0.0,0.74175,0.74175,0.034054,0.95548,0.54175,0.8333,0.0,0.0,0.0,1.0,2.0,0.223,0.0,0.3465,1.0,0.077,0.0,0.0,0.0,6.0,0.234043,0.971528,1.0,0.603729,0.0,1.0,0.4305,1.0,1.0,1.0,1.0,1.0,1.0,1.0,1.0,1.0,1.0,1.0,1.0,1.0,1.0,1.0,1.0,1.0,1.0,1.0,1.0,1.0,1.0,1.0,1.0,1.0,1.0,1.0,1.0,1.0,1.0,1.0,1.0,1.0,1.0,1.0,1.0,1.0,1.0,1.0,1.0,1.0,1.0,1.0,1.0,1.0,1.0,1.0,1.0,1.0,1.0,1.0,1.0,1.0,1.0,RAISE,panel_unanimous
RAISE_VALUE_005,0.0,1.0,120.0,30.0,0.2,0.25,3.0,5.0,1.0,9.0,1.64,1.0,0.0,0.0,0.0,0.0,0.0,0.0,0.0,1.0,0.0,0.0,2.0,13.0,0.0,0.0,0.0,0.68675,0.68675,0.055028,0.934391,0.48675,0.8333,0.0,0.0,0.0,1.0,2.0,0.2207,0.0,0.3294,1.0,0.0793,0.0,0.0,0.0,6.0,0.234043,0.954778,1.0,0.607308,0.0,1.0,0.4499,1.0,1.0,1.0,1.0,1.0,1.0,1.0,1.0,1.0,1.0,1.0,1.0,1.0,1.0,1.0,1.0,1.0,1.0,1.0,1.0,1.0,1.0,1.0,1.0,1.0,1.0,1.0,1.0,1.0,1.0,1.0,1.0,1.0,1.0,1.0,1.0,1.0,1.0,1.0,1.0,1.0,1.0,1.0,1.0,1.0,1.0,1.0,1.0,1.0,1.0,1.0,1.0,1.0,1.0,RAISE,panel_unanimous
RAISE_VALUE_006,0.0,1.0,120.0,30.0,0.2,0.25,3.0,5.0,1.0,9.0,1.64,1.0,0.0,0.0,0.0,0.0,0.0,0.0,0.0,1.0,0.0,0.0,2.0,13.0,0.0,0.0,0.0,0.719,0.719,0.055609,0.933698,0.519,0.8333,0.0,0.0,0.0,1.0,2.0,0.2207,0.0,0.3294,1.0,0.0793,0.0,0.0,0.0,6.0,0.234043,0.954778,1.0,0.607308,0.0,1.0,0.4499,1.0,1.0,1.0,1.0,1.0,1.0,1.0,1.0,1.0,1.0,1.0,1.0,1.0,1.0,1.0,1.0,1.0,1.0,1.0,1.0,1.0,1.0,1.0,1.0,1.0,1.0,1.0,1.0,1.0,1.0,1.0,1.0,1.0,1.0,1.0,1.0,1.0,1.0,1.0,1.0,1.0,1.0,1.0,1.0,1.0,1.0,1.0,1.0,1.0,1.0,1.0,1.0,1.0,1.0,RAISE,panel_unanimous
RAISE_VALUE_007,0.0,1.0,120.0,30.0,0.2,0.25,3.0,5.0,1.0,9.0,1.64,1.0,0.0,0.0,0.0,0.0,0.0,0.0,0.0,1.0,0.0,0.0,2.0,12.0,0.0,0.0,0.0,0.768,0.768,0.033182,0.956468,0.568,0.8333,0.0,0.0,0.0,1.0,2.0,0.223,0.0,0.3774,1.0,0.077,0.0,0.0,0.0,6.0,0.234043,0.975563,1.0,0.603729,0.0,1.0,0.3997,1.0,1.0,1.0,1.0,1.0,1.0,1.0,1.0,1.0,1.0,1.0,1.0,1.0,1.0,1.0,1.0,1.0,1.0,1.0,1.0,1.0,1.0,1.0,1.0,1.0,1.0,1.0,1.0,1.0,1.0,1.0,1.0,1.0,1.0,1.0,1.0,1.0,1.0,1.0,1.0,1.0,1.0,1.0,1.0,1.0,1.0,1.0,1.0,1.0,1.0,1.0,1.0,1.0,1.0,RAISE,panel_unanimous
RAISE_VALUE_008,0.0,1.0,120.0,30.0,0.2,0.25,3.0,5.0,1.0,9.0,1.64,1.0,0.0,0.0,0.0,0.0,0.0,0.0,0.0,1.0,0.0,0.0,2.0,12.0,0.0,0.0,0.0,0.7505,0.7505,0.032846,0.956908,0.5505,0.8333,0.0,0.0,0.0,1.0,2.0,0.223,0.0,0.3774,1.0,0.077,0.0,0.0,0.0,6.0,0.234043,0.975563,1.0,0.603729,0.0,1.0,0.3997,1.0,1.0,1.0,1.0,1.0,1.0,1.0,1.0,1.0,1.0,1.0,1.0,1.0,1.0,1.0,1.0,1.0,1.0,1.0,1.0,1.0,1.0,1.0,1.0,1.0,1.0,1.0,1.0,1.0,1.0,1.0,1.0,1.0,1.0,1.0,1.0,1.0,1.0,1.0,1.0,1.0,1.0,1.0,1.0,1.0,1.0,1.0,1.0,1.0,1.0,1.0,1.0,1.0,1.0,RAISE,panel_unanimous
RAISE_VALUE_009,0.0,1.0,120.0,30.0,0.2,0.25,3.0,5.0,1.0,9.0,1.64,1.0,0.0,0.0,0.0,0.0,0.0,0.0,0.0,1.0,0.0,0.0,2.0,12.0,0.0,0.0,0.0,0.70625,0.70625,0.033837,0.955595,0.50625,0.8333,0.0,0.0,0.0,1.0,2.0,0.2185,0.0,0.3664,1.0,0.0815,0.0,0.0,0.0,6.0,0.234043,0.968726,1.0,0.610742,0.0,1.0,0.4151,1.0,1.0,1.0,1.0,1.0,1.0,1.0,1.0,1.0,1.0,1.0,1.0,1.0,1.0,1.0,1.0,1.0,1.0,1.0,1.0,1.0,1.0,1.0,1.0,1.0,1.0,1.0,1.0,1.0,1.0,1.0,1.0,1.0,1.0,1.0,1.0,1.0,1.0,1.0,1.0,1.0,1.0,1.0,1.0,1.0,1.0,1.0,1.0,1.0,1.0,1.0,1.0,1.0,1.0,RAISE,panel_unanimous
RAISE_VALUE_010,0.0,1.0,120.0,30.0,0.2,0.25,3.0,5.0,1.0,9.0,1.64,1.0,0.0,0.0,0.0,0.0,0.0,0.0,0.0,1.0,0.0,0.0,2.0,12.0,0.0,0.0,0.0,0.719,0.719,0.033837,0.955595,0.519,0.8333,0.0,0.0,0.0,1.0,2.0,0.2185,0.0,0.3664,1.0,0.0815,0.0,0.0,0.0,6.0,0.234043,0.968726,1.0,0.610742,0.0,1.0,0.4151,1.0,1.0,1.0,1.0,1.0,1.0,1.0,1.0,1.0,1.0,1.0,1.0,1.0,1.0,1.0,1.0,1.0,1.0,1.0,1.0,1.0,1.0,1.0,1.0,1.0,1.0,1.0,1.0,1.0,1.0,1.0,1.0,1.0,1.0,1.0,1.0,1.0,1.0,1.0,1.0,1.0,1.0,1.0,1.0,1.0,1.0,1.0,1.0,1.0,1.0,1.0,1.0,1.0,1.0,RAISE,panel_unanimous
RAISE_VALUE_011,0.0,1.0,120.0,30.0,0.2,0.25,3.0,5.0,1.0,9.0,1.64,1.0,0.0,0.0,0.0,0.0,0.0,0.0,0.0,1.0,0.0,0.0,2.0,12.0,0.0,0.0,0.0,0.744,0.744,0.032844,0.956911,0.544,0.8333,0.0,0.0,0.0,1.0,2.0,0.223,0.0,0.3894,1.0,0.077,0.0,0.0,0.0,6.0,0.234043,0.975516,1.0,0.603729,0.0,1.0,0.3877,1.0,1.0,1.0,1.0,1.0,1.0,1.0,1.0,1.0,1.0,1.0,1.0,1.0,1.0,1.0,1.0,1.0,1.0,1.0,1.0,1.0,1.0,1.0,1.0,1.0,1.0,1.0,1.0,1.0,1.0,1.0,1.0,1.0,1.0,1.0,1.0,1.0,1.0,1.0,1.0,1.0,1.0,1.0,1.0,1.0,1.0,1.0,1.0,1.0,1.0,1.0,1.0,1.0,1.0,RAISE,panel_unanimous
RAISE_VALUE_014,0.0,1.0,120.0,30.0,0.2,0.25,3.0,5.0,1.0,9.0,1.64,1.0,0.0,0.0,0.0,0.0,0.0,0.0,0.0,1.0,0.0,0.0,2.0,11.0,0.0,0.0,0.0,0.675,0.675,0.033023,0.956646,0.475,0.8333,0.0,0.0,0.0,1.0,2.0,0.2586,0.036,0.3568,1.0,0.0414,0.0,0.0,0.0,6.0,0.234043,0.972688,1.0,0.523308,0.0,1.0,0.3486,1.0,1.0,1.0,1.0,1.0,1.0,1.0,1.0,1.0,1.0,1.0,1.0,1.0,1.0,1.0,1.0,1.0,1.0,1.0,1.0,1.0,1.0,1.0,1.0,1.0,1.0,1.0,1.0,1.0,1.0,1.0,1.0,1.0,1.0,1.0,1.0,1.0,1.0,1.0,1.0,1.0,1.0,1.0,1.0,1.0,1.0,1.0,1.0,1.0,1.0,1.0,1.0,1.0,1.0,RAISE,panel_unanimous
RAISE_VALUE_015,0.0,1.0,120.0,30.0,0.2,0.25,3.0,5.0,1.0,9.0,1.64,1.0,0.0,0.0,0.0,0.0,0.0,0.0,0.0,1.0,0.0,0.0,2.0,11.0,0.0,0.0,0.0,0.724,0.724,0.031812,0.958257,0.524,0.8333,0.0,0.0,0.0,1.0,2.0,0.2678,0.0,0.3949,1.0,0.0322,0.0,0.0,0.0,6.0,0.234043,0.97561,1.0,0.536117,0.0,1.0,0.3373,1.0,1.0,1.0,1.0,1.0,1.0,1.0,1.0,1.0,1.0,1.0,1.0,1.0,1.0,1.0,1.0,1.0,1.0,1.0,1.0,1.0,1.0,1.0,1.0,1.0,1.0,1.0,1.0,1.0,1.0,1.0,1.0,1.0,1.0,1.0,1.0,1.0,1.0,1.0,1.0,1.0,1.0,1.0,1.0,1.0,1.0,1.0,1.0,1.0,1.0,1.0,1.0,1.0,1.0,RAISE,panel_unanimous
RAISE_VALUE_016,0.0,1.0,120.0,30.0,0.2,0.25,3.0,5.0,1.0,9.0,1.64,1.0,0.0,0.0,0.0,0.0,0.0,0.0,0.0,1.0,0.0,0.0,2.0,11.0,0.0,0.0,0.0,0.73375,0.73375,0.032128,0.957843,0.53375,0.8333,0.0,0.0,0.0,1.0,2.0,0.2678,0.0,0.3949,1.0,0.0322,0.0,0.0,0.0,6.0,0.234043,0.97561,1.0,0.536117,0.0,1.0,0.3373,1.0,1.0,1.0,1.0,1.0,1.0,1.0,1.0,1.0,1.0,1.0,1.0,1.0,1.0,1.0,1.0,1.0,1.0,1.0,1.0,1.0,1.0,1.0,1.0,1.0,1.0,1.0,1.0,1.0,1.0,1.0,1.0,1.0,1.0,1.0,1.0,1.0,1.0,1.0,1.0,1.0,1.0,1.0,1.0,1.0,1.0,1.0,1.0,1.0,1.0,1.0,1.0,1.0,1.0,RAISE,panel_unanimous
RAISE_VALUE_017,0.0,1.0,120.0,30.0,0.2,0.25,3.0,5.0,1.0,9.0,1.64,1.0,0.0,0.0,0.0,0.0,0.0,0.0,0.0,1.0,0.0,0.0,2.0,11.0,0.0,0.0,0.0,0.74275,0.74275,0.03195,0.957922,0.54275,0.8333,0.0,0.0,0.0,1.0,2.0,0.2457,0.0,0.3969,1.0,0.0543,0.0,0.0,0.0,6.0,0.234043,0.975563,1.0,0.568968,0.0,1.0,0.3574,1.0,1.0,1.0,1.0,1.0,1.0,1.0,1.0,1.0,1.0,1.0,1.0,1.0,1.0,1.0,1.0,1.0,1.0,1.0,1.0,1.0,1.0,1.0,1.0,1.0,1.0,1.0,1.0,1.0,1.0,1.0,1.0,1.0,1.0,1.0,1.0,1.0,1.0,1.0,1.0,1.0,1.0,1.0,1.0,1.0,1.0,1.0,1.0,1.0,1.0,1.0,1.0,1.0,1.0,RAISE,panel_unanimous
RAISE_VALUE_018,0.0,1.0,120.0,30.0,0.2,0.25,3.0,5.0,1.0,9.0,1.64,1.0,0.0,0.0,0.0,0.0,0.0,0.0,0.0,1.0,0.0,0.0,2.0,11.0,0.0,0.0,0.0,0.737,0.737,0.031633,0.958339,0.537,0.8333,0.0,0.0,0.0,1.0,2.0,0.2457,0.0,0.3969,1.0,0.0543,0.0,0.0,0.0,6.0,0.234043,0.975563,1.0,0.568968,0.0,1.0,0.3574,1.0,1.0,1.0,1.0,1.0,1.0,1.0,1.0,1.0,1.0,1.0,1.0,1.0,1.0,1.0,1.0,1.0,1.0,1.0,1.0,1.0,1.0,1.0,1.0,1.0,1.0,1.0,1.0,1.0,1.0,1.0,1.0,1.0,1.0,1.0,1.0,1.0,1.0,1.0,1.0,1.0,1.0,1.0,1.0,1.0,1.0,1.0,1.0,1.0,1.0,1.0,1.0,1.0,1.0,RAISE,panel_unanimous
RAISE_VALUE_019,0.0,1.0,120.0,30.0,0.2,0.25,3.0,5.0,1.0,12.0,3.64,1.0,1.0,1.0,0.0,0.0,0.0,0.0,0.0,1.0,0.0,0.0,2.0,14.0,0.0,0.0,0.0,0.956,0.956,0.0,1.0,0.756,0.8333,0.0,0.0,0.0,1.0,2.0,0.25,0.0,0.2374,1.0,0.05,0.0,0.0,0.0,0.0,1.0,0.996949,1.0,0.5625,0.0,1.0,0.5126,1.0,1.0,1.0,1.0,1.0,1.0,1.0,1.0,1.0,1.0,1.0,1.0,1.0,1.0,1.0,1.0,1.0,1.0,1.0,1.0,1.0,1.0,1.0,1.0,1.0,1.0,1.0,1.0,1.0,1.0,1.0,1.0,1.0,1.0,1.0,1.0,1.0,1.0,1.0,1.0,1.0,1.0,1.0,1.0,1.0,1.0,1.0,1.0,1.0,1.0,1.0,1.0,1.0,1.0,RAISE,panel_unanimous
RAISE_VALUE_020,0.0,1.0,120.0,30.0,0.2,0.25,3.0,5.0,1.0,12.0,3.64,1.0,1.0,1.0,0.0,0.0,0.0,0.0,0.0,1.0,0.0,0.0,2.0,14.0,0.0,0.0,0.0,0.9495,0.9495,0.0,1.0,0.7495,0.8333,0.0,0.0,0.0,1.0,2.0,0.25,0.0,0.2374,1.0,0.05,0.0,0.0,0.0,0.0,1.0,0.996949,1.0,0.5625,0.0,1.0,0.5126,1.0,1.0,1.0,1.0,1.0,1.0,1.0,1.0,1.0,1.0,1.0,1.0,1.0,1.0,1.0,1.0,1.0,1.0,1.0,1.0,1.0,1.0,1.0,1.0,1.0,1.0,1.0,1.0,1.0,1.0,1.0,1.0,1.0,1.0,1.0,1.0,1.0,1.0,1.0,1.0,1.0,1.0,1.0,1.0,1.0,1.0,1.0,1.0,1.0,1.0,1.0,1.0,1.0,1.0,RAISE,panel_unanimous
RAISE_VALUE_021,0.0,1.0,120.0,30.0,0.2,0.25,3.0,5.0,1.0,12.0,3.64,1.0,1.0,1.0,0.0,0.0,0.0,0.0,0.0,1.0,0.0,0.0,4.0,14.0,0.3,0.0,0.3,0.9525,0.9525,0.0,1.0,0.7525,0.8333,0.0,0.0,0.0,1.0,2.0,0.2512,0.0174,0.2607,1.0,0.0488,0.0,0.0,0.0,0.0,1.0,0.997052,1.0,0.547748,0.0,1.0,0.4708,1.0,1.0,1.0,1.0,1.0,1.0,1.0,1.0,1.0,1.0,1.0,1.0,1.0,1.0,1.0,1.0,1.0,1.0,1.0,1.0,1.0,1.0,1.0,1.0,1.0,1.0,1.0,1.0,1.0,1.0,1.0,1.0,1.0,1.0,1.0,1.0,1.0,1.0,1.0,1.0,1.0,1.0,1.0,1.0,1.0,1.0,1.0,1.0,1.0,1.0,1.0,1.0,1.0,1.0,RAISE,panel_unanimous
RAISE_VALUE_022,0.0,1.0,120.0,30.0,0.2,0.25,3.0,5.0,1.0,12.0,3.64,1.0,1.0,1.0,0.0,0.0,0.0,0.0,0.0,1.0,0.0,0.0,4.0,14.0,0.3,0.0,0.3,0.943,0.943,0.0,1.0,0.743,0.8333,0.0,0.0,0.0,1.0,2.0,0.2512,0.0174,0.2607,1.0,0.0488,0.0,0.0,0.0,0.0,1.0,0.997052,1.0,0.547748,0.0,1.0,0.4708,1.0,1.0,1.0,1.0,1.0,1.0,1.0,1.0,1.0,1.0,1.0,1.0,1.0,1.0,1.0,1.0,1.0,1.0,1.0,1.0,1.0,1.0,1.0,1.0,1.0,1.0,1.0,1.0,1.0,1.0,1.0,1.0,1.0,1.0,1.0,1.0,1.0,1.0,1.0,1.0,1.0,1.0,1.0,1.0,1.0,1.0,1.0,1.0,1.0,1.0,1.0,1.0,1.0,1.0,RAISE,panel_unanimous
RAISE_VALUE_023,0.0,1.0,120.0,30.0,0.2,0.25,3.0,5.0,1.0,12.0,3.64,1.0,1.0,1.0,0.0,0.0,0.0,0.0,0.0,1.0,0.0,0.0,2.0,14.0,0.0,0.0,0.0,0.9635,0.9635,0.0,1.0,0.7635,0.8333,0.0,0.0,0.0,1.0,2.0,0.252,0.0,0.2536,1.0,0.048,0.0,0.0,0.0,0.0,1.0,0.996979,1.0,0.559504,0.0,1.0,0.4945,1.0,1.0,1.0,1.0,1.0,1.0,1.0,1.0,1.0,1.0,1.0,1.0,1.0,1.0,1.0,1.0,1.0,1.0,1.0,1.0,1.0,1.0,1.0,1.0,1.0,1.0,1.0,1.0,1.0,1.0,1.0,1.0,1.0,1.0,1.0,1.0,1.0,1.0,1.0,1.0,1.0,1.0,1.0,1.0,1.0,1.0,1.0,1.0,1.0,1.0,1.0,1.0,1.0,1.0,RAISE,panel_unanimous
RAISE_VALUE_024,0.0,1.0,120.0,30.0,0.2,0.25,3.0,5.0,1.0,12.0,3.64,1.0,1.0,1.0,0.0,0.0,0.0,0.0,0.0,1.0,0.0,0.0,2.0,14.0,0.0,0.0,0.0,0.9435,0.9435,0.0,1.0,0.7435,0.8333,0.0,0.0,0.0,1.0,2.0,0.252,0.0,0.2536,1.0,0.048,0.0,0.0,0.0,0.0,1.0,0.996979,1.0,0.559504,0.0,1.0,0.4945,1.0,1.0,1.0,1.0,1.0,1.0,1.0,1.0,1.0,1.0,1.0,1.0,1.0,1.0,1.0,1.0,1.0,1.0,1.0,1.0,1.0,1.0,1.0,1.0,1.0,1.0,1.0,1.0,1.0,1.0,1.0,1.0,1.0,1.0,1.0,1.0,1.0,1.0,1.0,1.0,1.0,1.0,1.0,1.0,1.0,1.0,1.0,1.0,1.0,1.0,1.0,1.0,1.0,1.0,RAISE,panel_unanimous
RAISE_VALUE_025,0.0,1.0,120.0,30.0,0.2,0.25,3.0,5.0,1.0,9.0,1.64,1.0,0.0,0.0,0.0,0.0,0.0,0.0,0.0,1.0,0.0,0.0,2.0,10.0,0.0,0.0,0.0,0.72725,0.72725,0.031577,0.958389,0.52725,0.8333,0.0,0.0,0.0,1.0,2.0,0.3018,0.0,0.3703,1.0,-0.0018,0.0,0.0,0.0,6.0,0.234043,0.975516,1.0,0.487483,0.0,1.0,0.3279,1.0,1.0,1.0,1.0,1.0,1.0,1.0,1.0,1.0,1.0,1.0,1.0,1.0,1.0,1.0,1.0,1.0,1.0,1.0,1.0,1.0,1.0,1.0,1.0,1.0,1.0,1.0,1.0,1.0,1.0,1.0,1.0,1.0,1.0,1.0,1.0,1.0,1.0,1.0,1.0,1.0,1.0,1.0,1.0,1.0,1.0,1.0,1.0,1.0,1.0,1.0,1.0,1.0,1.0,RAISE,panel_unanimous
SM_IP_RIVER_001,2.0,0.0,90.0,0.0,0.0,0.0,3.0,4.0,1.0,9.0,1.64,1.0,0.0,0.0,0.0,1.0,8.0,0.0,0.0,1.0,0.0,0.0,8.0,13.0,0.92,0.0,0.8,0.75575,0.75575,0.13835,0.859223,0.75575,1.1111,0.0,0.0,1.0,1.0,2.0,0.2963,0.0,0.2963,1.0,0.0037,0.0,0.0,0.095238,6.0,0.0,0.89198,1.0,0.495194,14.0,1.0,0.4074,1.0,1.0,1.0,1.0,1.0,1.0,1.0,1.0,1.0,1.0,1.0,1.0,1.0,1.0,1.0,1.0,1.0,1.0,1.0,1.0,1.0,1.0,1.0,1.0,1.0,1.0,1.0,1.0,1.0,1.0,1.0,1.0,1.0,1.0,1.0,1.0,1.0,1.0,1.0,1.0,1.0,1.0,1.0,1.0,1.0,1.0,1.0,1.0,1.0,1.0,1.0,1.0,1.0,1.0,BET,panel_unanimous
SM_IP_RIVER_002,2.0,0.0,90.0,0.0,0.0,0.0,3.0,4.0,1.0,9.0,1.64,1.0,0.0,0.0,0.0,1.0,8.0,0.0,0.0,1.0,0.0,0.0,8.0,13.0,0.92,0.0,0.8,0.76075,0.76075,0.13835,0.859223,0.76075,1.1111,0.0,0.0,1.0,1.0,2.0,0.2963,0.0,0.2963,1.0,0.0037,0.0,0.0,0.095238,6.0,0.0,0.89198,1.0,0.495194,14.0,1.0,0.4074,1.0,1.0,1.0,1.0,1.0,1.0,1.0,1.0,1.0,1.0,1.0,1.0,1.0,1.0,1.0,1.0,1.0,1.0,1.0,1.0,1.0,1.0,1.0,1.0,1.0,1.0,1.0,1.0,1.0,1.0,1.0,1.0,1.0,1.0,1.0,1.0,1.0,1.0,1.0,1.0,1.0,1.0,1.0,1.0,1.0,1.0,1.0,1.0,1.0,1.0,1.0,1.0,1.0,1.0,BET,panel_unanimous
SM_IP_RIVER_003,2.0,0.0,90.0,0.0,0.0,0.0,3.0,4.0,1.0,9.0,1.64,1.0,0.0,0.0,0.0,1.0,8.0,0.0,0.0,1.0,0.0,0.0,8.0,13.0,0.92,0.0,0.8,0.753,0.753,0.13835,0.859223,0.753,1.1111,0.0,0.0,1.0,1.0,2.0,0.2963,0.0,0.2963,1.0,0.0037,0.0,0.0,0.095238,6.0,0.0,0.89198,1.0,0.495194,14.0,1.0,0.4074,1.0,1.0,1.0,1.0,1.0,1.0,1.0,1.0,1.0,1.0,1.0,1.0,1.0,1.0,1.0,1.0,1.0,1.0,1.0,1.0,1.0,1.0,1.0,1.0,1.0,1.0,1.0,1.0,1.0,1.0,1.0,1.0,1.0,1.0,1.0,1.0,1.0,1.0,1.0,1.0,1.0,1.0,1.0,1.0,1.0,1.0,1.0,1.0,1.0,1.0,1.0,1.0,1.0,1.0,BET,panel_unanimous
SM_IP_RIVER_004,2.0,0.0,90.0,0.0,0.0,0.0,3.0,4.0,1.0,10.0,2.705,1.0,1.0,0.0,0.0,0.0,0.0,0.0,0.0,1.0,1.0,0.0,4.0,13.0,0.57,0.0,0.3,0.91025,0.91025,0.035545,0.962085,0.91025,1.1111,0.0,0.0,1.0,1.0,2.0,0.5926,0.0,0.4074,1.0,-0.2926,0.0,0.0,0.0,6.0,0.0,0.969388,1.0,0.165975,0.0,1.0,0.0,1.0,1.0,1.0,1.0,1.0,1.0,1.0,1.0,1.0,1.0,1.0,1.0,1.0,1.0,1.0,1.0,1.0,1.0,1.0,1.0,1.0,1.0,1.0,1.0,1.0,1.0,1.0,1.0,1.0,1.0,1.0,1.0,1.0,1.0,1.0,1.0,1.0,1.0,1.0,1.0,1.0,1.0,1.0,1.0,1.0,1.0,1.0,1.0,1.0,1.0,1.0,1.0,1.0,1.0,BET,panel_unanimous
SM_IP_RIVER_005,2.0,0.0,90.0,0.0,0.0,0.0,3.0,4.0,1.0,10.0,2.705,1.0,1.0,0.0,0.0,0.0,0.0,0.0,0.0,1.0,1.0,0.0,4.0,13.0,0.57,0.0,0.3,0.91,0.91,0.035545,0.962085,0.91,1.1111,0.0,0.0,1.0,1.0,2.0,0.5926,0.0,0.4074,1.0,-0.2926,0.0,0.0,0.153846,6.0,0.0,0.969388,1.0,0.165975,14.0,1.0,0.0,1.0,1.0,1.0,1.0,1.0,1.0,1.0,1.0,1.0,1.0,1.0,1.0,1.0,1.0,1.0,1.0,1.0,1.0,1.0,1.0,1.0,1.0,1.0,1.0,1.0,1.0,1.0,1.0,1.0,1.0,1.0,1.0,1.0,1.0,1.0,1.0,1.0,1.0,1.0,1.0,1.0,1.0,1.0,1.0,1.0,1.0,1.0,1.0,1.0,1.0,1.0,1.0,1.0,1.0,BET,panel_unanimous
SM_IP_RIVER_006,2.0,0.0,90.0,0.0,0.0,0.0,3.0,4.0,1.0,10.0,2.705,1.0,1.0,0.0,0.0,0.0,0.0,0.0,0.0,1.0,1.0,0.0,4.0,13.0,0.57,0.0,0.3,0.9,0.9,0.035545,0.962085,0.9,1.1111,0.0,0.0,1.0,1.0,2.0,0.5926,0.0,0.4074,1.0,-0.2926,0.0,0.0,0.0,6.0,0.0,0.969388,1.0,0.165975,0.0,1.0,0.0,1.0,1.0,1.0,1.0,1.0,1.0,1.0,1.0,1.0,1.0,1.0,1.0,1.0,1.0,1.0,1.0,1.0,1.0,1.0,1.0,1.0,1.0,1.0,1.0,1.0,1.0,1.0,1.0,1.0,1.0,1.0,1.0,1.0,1.0,1.0,1.0,1.0,1.0,1.0,1.0,1.0,1.0,1.0,1.0,1.0,1.0,1.0,1.0,1.0,1.0,1.0,1.0,1.0,1.0,BET,panel_unanimous
SM_IP_RIVER_007,2.0,0.0,90.0,0.0,0.0,0.0,3.0,4.0,1.0,10.0,2.7075,1.0,1.0,0.0,0.0,0.0,0.0,0.0,0.0,1.0,1.0,0.0,4.0,13.0,0.57,0.0,0.3,0.871,0.871,0.05,0.947619,0.871,1.1111,0.0,0.0,1.0,1.0,2.0,0.5926,0.0,0.4074,1.0,-0.2926,0.0,0.0,0.0,6.0,0.0,0.96231,1.0,0.165975,0.0,1.0,0.0,1.0,1.0,1.0,1.0,1.0,1.0,1.0,1.0,1.0,1.0,1.0,1.0,1.0,1.0,1.0,1.0,1.0,1.0,1.0,1.0,1.0,1.0,1.0,1.0,1.0,1.0,1.0,1.0,1.0,1.0,1.0,1.0,1.0,1.0,1.0,1.0,1.0,1.0,1.0,1.0,1.0,1.0,1.0,1.0,1.0,1.0,1.0,1.0,1.0,1.0,1.0,1.0,1.0,1.0,BET,panel_unanimous
SM_IP_RIVER_008,2.0,0.0,90.0,0.0,0.0,0.0,3.0,4.0,1.0,10.0,2.7075,1.0,1.0,0.0,0.0,0.0,0.0,0.0,0.0,1.0,1.0,0.0,4.0,13.0,0.57,0.0,0.3,0.8765,0.8765,0.05,0.947619,0.8765,1.1111,0.0,0.0,1.0,1.0,2.0,0.5926,0.0,0.4074,1.0,-0.2926,0.0,0.0,0.16,6.0,0.0,0.96231,1.0,0.165975,14.0,1.0,0.0,1.0,1.0,1.0,1.0,1.0,1.0,1.0,1.0,1.0,1.0,1.0,1.0,1.0,1.0,1.0,1.0,1.0,1.0,1.0,1.0,1.0,1.0,1.0,1.0,1.0,1.0,1.0,1.0,1.0,1.0,1.0,1.0,1.0,1.0,1.0,1.0,1.0,1.0,1.0,1.0,1.0,1.0,1.0,1.0,1.0,1.0,1.0,1.0,1.0,1.0,1.0,1.0,1.0,1.0,BET,panel_unanimous
SM_IP_RIVER_009,2.0,0.0,90.0,0.0,0.0,0.0,3.0,4.0,1.0,10.0,2.7075,1.0,1.0,0.0,0.0,0.0,0.0,0.0,0.0,1.0,1.0,0.0,4.0,13.0,0.57,0.0,0.3,0.88075,0.88075,0.05,0.947619,0.88075,1.1111,0.0,0.0,1.0,1.0,2.0,0.5926,0.0,0.4074,1.0,-0.2926,0.0,0.0,0.0,6.0,0.0,0.96231,1.0,0.165975,0.0,1.0,0.0,1.0,1.0,1.0,1.0,1.0,1.0,1.0,1.0,1.0,1.0,1.0,1.0,1.0,1.0,1.0,1.0,1.0,1.0,1.0,1.0,1.0,1.0,1.0,1.0,1.0,1.0,1.0,1.0,1.0,1.0,1.0,1.0,1.0,1.0,1.0,1.0,1.0,1.0,1.0,1.0,1.0,1.0,1.0,1.0,1.0,1.0,1.0,1.0,1.0,1.0,1.0,1.0,1.0,1.0,BET,panel_unanimous
SM_IP_RIVER_010,2.0,0.0,90.0,0.0,0.0,0.0,3.0,4.0,1.0,10.0,2.705,1.0,1.0,0.0,0.0,0.0,0.0,0.0,0.0,1.0,1.0,0.0,4.0,12.0,0.57,0.0,0.3,0.91675,0.91675,0.037647,0.96,0.91675,1.1111,0.0,0.0,1.0,1.0,2.0,0.5556,0.0,0.4444,1.0,-0.2556,0.0,0.0,0.086957,6.0,0.0,0.967679,1.0,0.197491,14.0,1.0,0.0,1.0,1.0,1.0,1.0,1.0,1.0,1.0,1.0,1.0,1.0,1.0,1.0,1.0,1.0,1.0,1.0,1.0,1.0,1.0,1.0,1.0,1.0,1.0,1.0,1.0,1.0,1.0,1.0,1.0,1.0,1.0,1.0,1.0,1.0,1.0,1.0,1.0,1.0,1.0,1.0,1.0,1.0,1.0,1.0,1.0,1.0,1.0,1.0,1.0,1.0,1.0,1.0,1.0,1.0,BET,panel_unanimous
SM_IP_RIVER_011,2.0,0.0,90.0,0.0,0.0,0.0,3.0,4.0,1.0,10.0,2.705,1.0,1.0,0.0,0.0,0.0,0.0,0.0,0.0,1.0,1.0,0.0,4.0,12.0,0.57,0.0,0.3,0.89625,0.89625,0.037647,0.96,0.89625,1.1111,0.0,0.0,1.0,1.0,2.0,0.5556,0.0,0.4444,1.0,-0.2556,0.0,0.0,0.086957,6.0,0.0,0.967679,1.0,0.197491,14.0,1.0,0.0,1.0,1.0,1.0,1.0,1.0,1.0,1.0,1.0,1.0,1.0,1.0,1.0,1.0,1.0,1.0,1.0,1.0,1.0,1.0,1.0,1.0,1.0,1.0,1.0,1.0,1.0,1.0,1.0,1.0,1.0,1.0,1.0,1.0,1.0,1.0,1.0,1.0,1.0,1.0,1.0,1.0,1.0,1.0,1.0,1.0,1.0,1.0,1.0,1.0,1.0,1.0,1.0,1.0,1.0,BET,panel_unanimous
SM_IP_RIVER_012,2.0,0.0,90.0,0.0,0.0,0.0,3.0,4.0,1.0,10.0,2.705,1.0,1.0,0.0,0.0,0.0,0.0,0.0,0.0,1.0,1.0,0.0,4.0,12.0,0.57,0.0,0.3,0.90775,0.90775,0.037647,0.96,0.90775,1.1111,0.0,0.0,1.0,1.0,2.0,0.5556,0.0,0.4444,1.0,-0.2556,0.0,0.0,0.086957,6.0,0.0,0.967679,1.0,0.197491,14.0,1.0,0.0,1.0,1.0,1.0,1.0,1.0,1.0,1.0,1.0,1.0,1.0,1.0,1.0,1.0,1.0,1.0,1.0,1.0,1.0,1.0,1.0,1.0,1.0,1.0,1.0,1.0,1.0,1.0,1.0,1.0,1.0,1.0,1.0,1.0,1.0,1.0,1.0,1.0,1.0,1.0,1.0,1.0,1.0,1.0,1.0,1.0,1.0,1.0,1.0,1.0,1.0,1.0,1.0,1.0,1.0,BET,panel_unanimous
SM_IP_RIVER_013,2.0,0.0,90.0,0.0,0.0,0.0,3.0,4.0,1.0,10.0,2.7075,1.0,1.0,0.0,0.0,0.0,0.0,0.0,0.0,1.0,1.0,0.0,4.0,12.0,0.57,0.0,0.3,0.88525,0.88525,0.052009,0.945626,0.88525,1.1111,0.0,0.0,1.0,1.0,2.0,0.5926,0.0,0.4074,1.0,-0.2926,0.0,0.0,0.0,6.0,0.0,0.960621,1.0,0.165975,0.0,1.0,0.0,1.0,1.0,1.0,1.0,1.0,1.0,1.0,1.0,1.0,1.0,1.0,1.0,1.0,1.0,1.0,1.0,1.0,1.0,1.0,1.0,1.0,1.0,1.0,1.0,1.0,1.0,1.0,1.0,1.0,1.0,1.0,1.0,1.0,1.0,1.0,1.0,1.0,1.0,1.0,1.0,1.0,1.0,1.0,1.0,1.0,1.0,1.0,1.0,1.0,1.0,1.0,1.0,1.0,1.0,BET,panel_unanimous
SM_IP_RIVER_014,2.0,0.0,90.0,0.0,0.0,0.0,3.0,4.0,1.0,10.0,2.7075,1.0,1.0,0.0,0.0,0.0,0.0,0.0,0.0,1.0,1.0,0.0,4.0,12.0,0.57,0.0,0.3,0.8765,0.8765,0.052009,0.945626,0.8765,1.1111,0.0,0.0,1.0,1.0,2.0,0.5926,0.0,0.4074,1.0,-0.2926,0.0,0.0,0.090909,6.0,0.0,0.960621,1.0,0.165975,14.0,1.0,0.0,1.0,1.0,1.0,1.0,1.0,1.0,1.0,1.0,1.0,1.0,1.0,1.0,1.0,1.0,1.0,1.0,1.0,1.0,1.0,1.0,1.0,1.0,1.0,1.0,1.0,1.0,1.0,1.0,1.0,1.0,1.0,1.0,1.0,1.0,1.0,1.0,1.0,1.0,1.0,1.0,1.0,1.0,1.0,1.0,1.0,1.0,1.0,1.0,1.0,1.0,1.0,1.0,1.0,1.0,BET,panel_unanimous
SM_IP_RIVER_015,2.0,0.0,90.0,0.0,0.0,0.0,3.0,4.0,1.0,10.0,2.7075,1.0,1.0,0.0,0.0,0.0,0.0,0.0,0.0,1.0,1.0,0.0,4.0,12.0,0.57,0.0,0.3,0.869,0.869,0.052009,0.945626,0.869,1.1111,0.0,0.0,1.0,1.0,2.0,0.5926,0.0,0.4074,1.0,-0.2926,0.0,0.0,0.0,6.0,0.0,0.960621,1.0,0.165975,0.0,1.0,0.0,1.0,1.0,1.0,1.0,1.0,1.0,1.0,1.0,1.0,1.0,1.0,1.0,1.0,1.0,1.0,1.0,1.0,1.0,1.0,1.0,1.0,1.0,1.0,1.0,1.0,1.0,1.0,1.0,1.0,1.0,1.0,1.0,1.0,1.0,1.0,1.0,1.0,1.0,1.0,1.0,1.0,1.0,1.0,1.0,1.0,1.0,1.0,1.0,1.0,1.0,1.0,1.0,1.0,1.0,BET,panel_unanimous
SM_IP_RIVER_016,2.0,0.0,90.0,0.0,0.0,0.0,3.0,4.0,1.0,9.0,1.64,1.0,0.0,0.0,0.0,1.0,8.0,0.0,0.0,1.0,0.0,0.0,9.0,12.0,0.92,0.0,0.8,0.68725,0.68725,0.168246,0.829384,0.68725,1.1111,0.0,0.0,1.0,1.0,2.0,0.3704,0.0,0.3704,1.0,-0.0704,0.0,0.0,0.148148,6.0,0.0,0.849842,1.0,0.396396,14.0,1.0,0.2593,1.0,1.0,1.0,1.0,1.0,1.0,1.0,1.0,1.0,1.0,1.0,1.0,1.0,1.0,1.0,1.0,1.0,1.0,1.0,1.0,1.0,1.0,1.0,1.0,1.0,1.0,1.0,1.0,1.0,1.0,1.0,1.0,1.0,1.0,1.0,1.0,1.0,1.0,1.0,1.0,1.0,1.0,1.0,1.0,1.0,1.0,1.0,1.0,1.0,1.0,1.0,1.0,1.0,1.0,BET,panel_unanimous
SM_IP_RIVER_017,2.0,0.0,90.0,0.0,0.0,0.0,3.0,4.0,1.0,9.0,1.64,1.0,0.0,0.0,0.0,1.0,8.0,0.0,0.0,1.0,0.0,0.0,9.0,12.0,0.92,0.0,0.8,0.6875,0.6875,0.168246,0.829384,0.6875,1.1111,0.0,0.0,1.0,1.0,2.0,0.3704,0.0,0.3704,1.0,-0.0704,0.0,0.0,0.0,6.0,0.0,0.849842,1.0,0.396396,0.0,1.0,0.2593,1.0,1.0,1.0,1.0,1.0,1.0,1.0,1.0,1.0,1.0,1.0,1.0,1.0,1.0,1.0,1.0,1.0,1.0,1.0,1.0,1.0,1.0,1.0,1.0,1.0,1.0,1.0,1.0,1.0,1.0,1.0,1.0,1.0,1.0,1.0,1.0,1.0,1.0,1.0,1.0,1.0,1.0,1.0,1.0,1.0,1.0,1.0,1.0,1.0,1.0,1.0,1.0,1.0,1.0,BET,panel_unanimous
SM_IP_RIVER_018,2.0,0.0,90.0,0.0,0.0,0.0,3.0,4.0,1.0,9.0,1.64,1.0,0.0,0.0,0.0,1.0,8.0,0.0,0.0,1.0,0.0,0.0,9.0,12.0,0.92,0.0,0.8,0.668,0.668,0.168246,0.829384,0.668,1.1111,0.0,0.0,1.0,1.0,2.0,0.3704,0.0,0.3704,1.0,-0.0704,0.0,0.0,0.0,6.0,0.0,0.849842,1.0,0.396396,0.0,1.0,0.2593,1.0,1.0,1.0,1.0,1.0,1.0,1.0,1.0,1.0,1.0,1.0,1.0,1.0,1.0,1.0,1.0,1.0,1.0,1.0,1.0,1.0,1.0,1.0,1.0,1.0,1.0,1.0,1.0,1.0,1.0,1.0,1.0,1.0,1.0,1.0,1.0,1.0,1.0,1.0,1.0,1.0,1.0,1.0,1.0,1.0,1.0,1.0,1.0,1.0,1.0,1.0,1.0,1.0,1.0,BET,panel_unanimous
SM_IP_RIVER_019,2.0,0.0,90.0,0.0,0.0,0.0,3.0,4.0,1.0,10.0,2.7075,1.0,1.0,0.0,0.0,0.0,0.0,0.0,0.0,1.0,1.0,0.0,4.0,11.0,0.57,0.0,0.3,0.89525,0.89525,0.051643,0.946009,0.89525,1.1111,0.0,0.0,1.0,1.0,2.0,0.5185,0.0,0.4815,1.0,-0.2185,0.0,0.0,0.0,6.0,0.0,0.960621,1.0,0.231842,0.0,1.0,0.0,1.0,1.0,1.0,1.0,1.0,1.0,1.0,1.0,1.0,1.0,1.0,1.0,1.0,1.0,1.0,1.0,1.0,1.0,1.0,1.0,1.0,1.0,1.0,1.0,1.0,1.0,1.0,1.0,1.0,1.0,1.0,1.0,1.0,1.0,1.0,1.0,1.0,1.0,1.0,1.0,1.0,1.0,1.0,1.0,1.0,1.0,1.0,1.0,1.0,1.0,1.0,1.0,1.0,1.0,BET,panel_unanimous
SM_IP_TURN_001,1.0,0.0,90.0,0.0,0.0,0.0,3.0,4.0,1.0,9.0,1.64,1.0,0.0,0.0,0.0,0.0,0.0,0.0,0.0,1.0,0.0,0.0,4.0,13.0,0.38,0.0,0.3,0.7505,0.7505,0.061611,0.936019,0.7505,1.1111,0.0,0.0,1.0,1.0,2.0,0.2593,0.3333,0.037,1.0,0.0407,0.0,0.0,0.095238,6.0,0.304348,0.944489,1.0,0.329533,14.0,1.0,0.3704,1.0,1.0,1.0,1.0,1.0,1.0,1.0,1.0,1.0,1.0,1.0,1.0,1.0,1.0,1.0,1.0,1.0,1.0,1.0,1.0,1.0,1.0,1.0,1.0,1.0,1.0,1.0,1.0,1.0,1.0,1.0,1.0,1.0,1.0,1.0,1.0,1.0,1.0,1.0,1.0,1.0,1.0,1.0,1.0,1.0,1.0,1.0,1.0,1.0,1.0,1.0,1.0,1.0,1.0,BET,panel_unanimous
SM_IP_TURN_002,1.0,0.0,90.0,0.0,0.0,0.0,3.0,4.0,1.0,9.0,1.64,1.0,0.0,0.0,0.0,0.0,0.0,0.0,0.0,1.0,0.0,0.0,4.0,13.0,0.38,0.0,0.3,0.73925,0.73925,0.061611,0.936019,0.73925,1.1111,0.0,0.0,1.0,1.0,2.0,0.2593,0.3333,0.037,1.0,0.0407,0.0,0.0,0.095238,6.0,0.304348,0.944489,1.0,0.329533,14.0,1.0,0.3704,1.0,1.0,1.0,1.0,1.0,1.0,1.0,1.0,1.0,1.0,1.0,1.0,1.0,1.0,1.0,1.0,1.0,1.0,1.0,1.0,1.0,1.0,1.0,1.0,1.0,1.0,1.0,1.0,1.0,1.0,1.0,1.0,1.0,1.0,1.0,1.0,1.0,1.0,1.0,1.0,1.0,1.0,1.0,1.0,1.0,1.0,1.0,1.0,1.0,1.0,1.0,1.0,1.0,1.0,BET,panel_unanimous
SM_IP_TURN_003,1.0,0.0,90.0,0.0,0.0,0.0,3.0,4.0,1.0,9.0,1.64,1.0,0.0,0.0,0.0,0.0,0.0,0.0,0.0,1.0,0.0,0.0,4.0,13.0,0.38,0.0,0.3,0.753,0.753,0.061611,0.936019,0.753,1.1111,0.0,0.0,1.0,1.0,2.0,0.2593,0.3333,0.037,1.0,0.0407,0.0,0.0,0.095238,6.0,0.304348,0.944489,1.0,0.329533,14.0,1.0,0.3704,1.0,1.0,1.0,1.0,1.0,1.0,1.0,1.0,1.0,1.0,1.0,1.0,1.0,1.0,1.0,1.0,1.0,1.0,1.0,1.0,1.0,1.0,1.0,1.0,1.0,1.0,1.0,1.0,1.0,1.0,1.0,1.0,1.0,1.0,1.0,1.0,1.0,1.0,1.0,1.0,1.0,1.0,1.0,1.0,1.0,1.0,1.0,1.0,1.0,1.0,1.0,1.0,1.0,1.0,BET,panel_unanimous
SM_IP_TURN_004,1.0,0.0,90.0,0.0,0.0,0.0,3.0,4.0,1.0,10.0,2.705,1.0,1.0,0.0,0.0,0.0,0.0,0.0,0.0,1.0,1.0,0.0,2.0,13.0,0.23,0.0,0.0,0.87725,0.87725,0.027842,0.969838,0.87725,1.1111,0.0,0.0,1.0,1.0,2.0,0.5185,0.0,0.4815,1.0,-0.2185,0.0,0.0,0.0,6.0,1.0,0.97561,1.0,0.231842,0.0,1.0,0.0,1.0,1.0,1.0,1.0,1.0,1.0,1.0,1.0,1.0,1.0,1.0,1.0,1.0,1.0,1.0,1.0,1.0,1.0,1.0,1.0,1.0,1.0,1.0,1.0,1.0,1.0,1.0,1.0,1.0,1.0,1.0,1.0,1.0,1.0,1.0,1.0,1.0,1.0,1.0,1.0,1.0,1.0,1.0,1.0,1.0,1.0,1.0,1.0,1.0,1.0,1.0,1.0,1.0,1.0,BET,panel_unanimous
SM_IP_TURN_005,1.0,0.0,90.0,0.0,0.0,0.0,3.0,4.0,1.0,10.0,2.705,1.0,1.0,0.0,0.0,0.0,0.0,0.0,0.0,1.0,1.0,0.0,2.0,13.0,0.23,0.0,0.0,0.8855,0.8855,0.027842,0.969838,0.8855,1.1111,0.0,0.0,1.0,1.0,2.0,0.5185,0.0,0.4815,1.0,-0.2185,0.0,0.0,0.0,6.0,1.0,0.97561,1.0,0.231842,0.0,1.0,0.0,1.0,1.0,1.0,1.0,1.0,1.0,1.0,1.0,1.0,1.0,1.0,1.0,1.0,1.0,1.0,1.0,1.0,1.0,1.0,1.0,1.0,1.0,1.0,1.0,1.0,1.0,1.0,1.0,1.0,1.0,1.0,1.0,1.0,1.0,1.0,1.0,1.0,1.0,1.0,1.0,1.0,1.0,1.0,1.0,1.0,1.0,1.0,1.0,1.0,1.0,1.0,1.0,1.0,1.0,BET,panel_unanimous
SM_IP_TURN_006,1.0,0.0,90.0,0.0,0.0,0.0,3.0,4.0,1.0,10.0,2.705,1.0,1.0,0.0,0.0,0.0,0.0,0.0,0.0,1.0,1.0,0.0,2.0,13.0,0.23,0.0,0.0,0.886,0.886,0.027842,0.969838,0.886,1.1111,0.0,0.0,1.0,1.0,2.0,0.5185,0.0,0.4815,1.0,-0.2185,0.0,0.0,0.0,6.0,1.0,0.97561,1.0,0.231842,0.0,1.0,0.0,1.0,1.0,1.0,1.0,1.0,1.0,1.0,1.0,1.0,1.0,1.0,1.0,1.0,1.0,1.0,1.0,1.0,1.0,1.0,1.0,1.0,1.0,1.0,1.0,1.0,1.0,1.0,1.0,1.0,1.0,1.0,1.0,1.0,1.0,1.0,1.0,1.0,1.0,1.0,1.0,1.0,1.0,1.0,1.0,1.0,1.0,1.0,1.0,1.0,1.0,1.0,1.0,1.0,1.0,BET,panel_unanimous
SM_IP_TURN_007,1.0,0.0,90.0,0.0,0.0,0.0,3.0,4.0,1.0,9.0,1.64,1.0,0.0,0.0,0.0,0.0,0.0,0.0,0.0,1.0,0.0,0.0,4.0,13.0,0.38,0.0,0.3,0.82,0.82,0.042056,0.955607,0.82,1.1111,0.0,0.0,1.0,1.0,2.0,0.2222,0.037,0.3704,1.0,0.0778,0.0,0.0,0.0,6.0,0.304348,0.94691,1.0,0.576536,0.0,1.0,0.3704,1.0,1.0,1.0,1.0,1.0,1.0,1.0,1.0,1.0,1.0,1.0,1.0,1.0,1.0,1.0,1.0,1.0,1.0,1.0,1.0,1.0,1.0,1.0,1.0,1.0,1.0,1.0,1.0,1.0,1.0,1.0,1.0,1.0,1.0,1.0,1.0,1.0,1.0,1.0,1.0,1.0,1.0,1.0,1.0,1.0,1.0,1.0,1.0,1.0,1.0,1.0,1.0,1.0,1.0,BET,panel_unanimous
SM_IP_TURN_008,1.0,0.0,90.0,0.0,0.0,0.0,3.0,4.0,1.0,9.0,1.64,1.0,0.0,0.0,0.0,0.0,0.0,0.0,0.0,1.0,0.0,0.0,4.0,13.0,0.38,0.0,0.3,0.84225,0.84225,0.042056,0.955607,0.84225,1.1111,0.0,0.0,1.0,1.0,2.0,0.2222,0.037,0.3704,1.0,0.0778,0.0,0.0,0.0,6.0,0.304348,0.94691,1.0,0.576536,0.0,1.0,0.3704,1.0,1.0,1.0,1.0,1.0,1.0,1.0,1.0,1.0,1.0,1.0,1.0,1.0,1.0,1.0,1.0,1.0,1.0,1.0,1.0,1.0,1.0,1.0,1.0,1.0,1.0,1.0,1.0,1.0,1.0,1.0,1.0,1.0,1.0,1.0,1.0,1.0,1.0,1.0,1.0,1.0,1.0,1.0,1.0,1.0,1.0,1.0,1.0,1.0,1.0,1.0,1.0,1.0,1.0,BET,panel_unanimous
SM_IP_TURN_009,1.0,0.0,90.0,0.0,0.0,0.0,3.0,4.0,1.0,9.0,1.64,1.0,0.0,0.0,0.0,0.0,0.0,0.0,0.0,1.0,0.0,0.0,4.0,13.0,0.38,0.0,0.3,0.8375,0.8375,0.042056,0.955607,0.8375,1.1111,0.0,0.0,1.0,1.0,2.0,0.2222,0.037,0.3704,1.0,0.0778,0.0,0.0,0.0,6.0,0.304348,0.94691,1.0,0.576536,0.0,1.0,0.3704,1.0,1.0,1.0,1.0,1.0,1.0,1.0,1.0,1.0,1.0,1.0,1.0,1.0,1.0,1.0,1.0,1.0,1.0,1.0,1.0,1.0,1.0,1.0,1.0,1.0,1.0,1.0,1.0,1.0,1.0,1.0,1.0,1.0,1.0,1.0,1.0,1.0,1.0,1.0,1.0,1.0,1.0,1.0,1.0,1.0,1.0,1.0,1.0,1.0,1.0,1.0,1.0,1.0,1.0,BET,panel_unanimous
SM_IP_TURN_010,1.0,0.0,90.0,0.0,0.0,0.0,3.0,4.0,1.0,10.0,2.705,1.0,1.0,0.0,0.0,0.0,0.0,0.0,0.0,1.0,1.0,0.0,2.0,12.0,0.23,0.0,0.0,0.87525,0.87525,0.029954,0.967742,0.87525,1.1111,0.0,0.0,1.0,1.0,2.0,0.4815,0.4815,0.037,1.0,-0.1815,0.0,0.0,0.086957,6.0,1.0,0.973876,1.0,0.077145,14.0,1.0,0.0,1.0,1.0,1.0,1.0,1.0,1.0,1.0,1.0,1.0,1.0,1.0,1.0,1.0,1.0,1.0,1.0,1.0,1.0,1.0,1.0,1.0,1.0,1.0,1.0,1.0,1.0,1.0,1.0,1.0,1.0,1.0,1.0,1.0,1.0,1.0,1.0,1.0,1.0,1.0,1.0,1.0,1.0,1.0,1.0,1.0,1.0,1.0,1.0,1.0,1.0,1.0,1.0,1.0,1.0,BET,panel_unanimous
SM_IP_TURN_011,1.0,0.0,90.0,0.0,0.0,0.0,3.0,4.0,1.0,10.0,2.705,1.0,1.0,0.0,0.0,0.0,0.0,0.0,0.0,1.0,1.0,0.0,2.0,12.0,0.23,0.0,0.0,0.845,0.845,0.029954,0.967742,0.845,1.1111,0.0,0.0,1.0,1.0,2.0,0.4815,0.4815,0.037,1.0,-0.1815,0.0,0.0,0.086957,6.0,1.0,0.973876,1.0,0.077145,14.0,1.0,0.0,1.0,1.0,1.0,1.0,1.0,1.0,1.0,1.0,1.0,1.0,1.0,1.0,1.0,1.0,1.0,1.0,1.0,1.0,1.0,1.0,1.0,1.0,1.0,1.0,1.0,1.0,1.0,1.0,1.0,1.0,1.0,1.0,1.0,1.0,1.0,1.0,1.0,1.0,1.0,1.0,1.0,1.0,1.0,1.0,1.0,1.0,1.0,1.0,1.0,1.0,1.0,1.0,1.0,1.0,BET,panel_unanimous
SM_IP_TURN_012,1.0,0.0,90.0,0.0,0.0,0.0,3.0,4.0,1.0,10.0,2.705,1.0,1.0,0.0,0.0,0.0,0.0,0.0,0.0,1.0,1.0,0.0,2.0,12.0,0.23,0.0,0.0,0.86725,0.86725,0.029954,0.967742,0.86725,1.1111,0.0,0.0,1.0,1.0,2.0,0.4815,0.4815,0.037,1.0,-0.1815,0.0,0.0,0.086957,6.0,1.0,0.973876,1.0,0.077145,14.0,1.0,0.0,1.0,1.0,1.0,1.0,1.0,1.0,1.0,1.0,1.0,1.0,1.0,1.0,1.0,1.0,1.0,1.0,1.0,1.0,1.0,1.0,1.0,1.0,1.0,1.0,1.0,1.0,1.0,1.0,1.0,1.0,1.0,1.0,1.0,1.0,1.0,1.0,1.0,1.0,1.0,1.0,1.0,1.0,1.0,1.0,1.0,1.0,1.0,1.0,1.0,1.0,1.0,1.0,1.0,1.0,BET,panel_unanimous
SM_IP_TURN_013,1.0,0.0,90.0,0.0,0.0,0.0,3.0,4.0,1.0,9.0,1.64,1.0,0.0,0.0,0.0,0.0,0.0,0.0,0.0,1.0,0.0,0.0,4.0,12.0,0.38,0.0,0.3,0.8235,0.8235,0.032483,0.965197,0.8235,1.1111,0.0,0.0,1.0,1.0,2.0,0.2222,0.037,0.3704,1.0,0.0778,0.0,0.0,0.0,6.0,0.304348,0.964947,1.0,0.576536,0.0,1.0,0.3704,1.0,1.0,1.0,1.0,1.0,1.0,1.0,1.0,1.0,1.0,1.0,1.0,1.0,1.0,1.0,1.0,1.0,1.0,1.0,1.0,1.0,1.0,1.0,1.0,1.0,1.0,1.0,1.0,1.0,1.0,1.0,1.0,1.0,1.0,1.0,1.0,1.0,1.0,1.0,1.0,1.0,1.0,1.0,1.0,1.0,1.0,1.0,1.0,1.0,1.0,1.0,1.0,1.0,1.0,BET,panel_unanimous
SM_IP_TURN_014,1.0,0.0,90.0,0.0,0.0,0.0,3.0,4.0,1.0,9.0,1.64,1.0,0.0,0.0,0.0,0.0,0.0,0.0,0.0,1.0,0.0,0.0,4.0,12.0,0.38,0.0,0.3,0.821,0.821,0.032483,0.965197,0.821,1.1111,0.0,0.0,1.0,1.0,2.0,0.2222,0.037,0.3704,1.0,0.0778,0.0,0.0,0.0,6.0,0.304348,0.964947,1.0,0.576536,0.0,1.0,0.3704,1.0,1.0,1.0,1.0,1.0,1.0,1.0,1.0,1.0,1.0,1.0,1.0,1.0,1.0,1.0,1.0,1.0,1.0,1.0,1.0,1.0,1.0,1.0,1.0,1.0,1.0,1.0,1.0,1.0,1.0,1.0,1.0,1.0,1.0,1.0,1.0,1.0,1.0,1.0,1.0,1.0,1.0,1.0,1.0,1.0,1.0,1.0,1.0,1.0,1.0,1.0,1.0,1.0,1.0,BET,panel_unanimous
SM_IP_TURN_015,1.0,0.0,90.0,0.0,0.0,0.0,3.0,4.0,1.0,9.0,1.64,1.0,0.0,0.0,0.0,0.0,0.0,0.0,0.0,1.0,0.0,0.0,4.0,12.0,0.38,0.0,0.3,0.834,0.834,0.032483,0.965197,0.834,1.1111,0.0,0.0,1.0,1.0,2.0,0.2222,0.037,0.3704,1.0,0.0778,0.0,0.0,0.0,6.0,0.304348,0.964947,1.0,0.576536,0.0,1.0,0.3704,1.0,1.0,1.0,1.0,1.0,1.0,1.0,1.0,1.0,1.0,1.0,1.0,1.0,1.0,1.0,1.0,1.0,1.0,1.0,1.0,1.0,1.0,1.0,1.0,1.0,1.0,1.0,1.0,1.0,1.0,1.0,1.0,1.0,1.0,1.0,1.0,1.0,1.0,1.0,1.0,1.0,1.0,1.0,1.0,1.0,1.0,1.0,1.0,1.0,1.0,1.0,1.0,1.0,1.0,BET,panel_unanimous
SM_IP_TURN_016,1.0,0.0,90.0,0.0,0.0,0.0,3.0,4.0,1.0,9.0,1.64,1.0,0.0,0.0,0.0,0.0,0.0,0.0,0.0,1.0,0.0,0.0,5.0,12.0,0.38,0.0,0.3,0.82275,0.82275,0.046404,0.951276,0.82275,1.1111,0.0,0.0,1.0,1.0,2.0,0.2222,0.037,0.4074,1.0,0.0778,0.0,0.0,0.0,6.0,0.304348,0.957736,1.0,0.576536,0.0,1.0,0.3333,1.0,1.0,1.0,1.0,1.0,1.0,1.0,1.0,1.0,1.0,1.0,1.0,1.0,1.0,1.0,1.0,1.0,1.0,1.0,1.0,1.0,1.0,1.0,1.0,1.0,1.0,1.0,1.0,1.0,1.0,1.0,1.0,1.0,1.0,1.0,1.0,1.0,1.0,1.0,1.0,1.0,1.0,1.0,1.0,1.0,1.0,1.0,1.0,1.0,1.0,1.0,1.0,1.0,1.0,BET,panel_unanimous
SM_IP_TURN_017,1.0,0.0,90.0,0.0,0.0,0.0,3.0,4.0,1.0,9.0,1.64,1.0,0.0,0.0,0.0,0.0,0.0,0.0,0.0,1.0,0.0,0.0,5.0,12.0,0.38,0.0,0.3,0.82575,0.82575,0.046404,0.951276,0.82575,1.1111,0.0,0.0,1.0,1.0,2.0,0.2222,0.037,0.4074,1.0,0.0778,0.0,0.0,0.0,6.0,0.304348,0.957736,1.0,0.576536,0.0,1.0,0.3333,1.0,1.0,1.0,1.0,1.0,1.0,1.0,1.0,1.0,1.0,1.0,1.0,1.0,1.0,1.0,1.0,1.0,1.0,1.0,1.0,1.0,1.0,1.0,1.0,1.0,1.0,1.0,1.0,1.0,1.0,1.0,1.0,1.0,1.0,1.0,1.0,1.0,1.0,1.0,1.0,1.0,1.0,1.0,1.0,1.0,1.0,1.0,1.0,1.0,1.0,1.0,1.0,1.0,1.0,BET,panel_unanimous
SM_IP_TURN_018,1.0,0.0,90.0,0.0,0.0,0.0,3.0,4.0,1.0,9.0,1.64,1.0,0.0,0.0,0.0,0.0,0.0,0.0,0.0,1.0,0.0,0.0,5.0,12.0,0.38,0.0,0.3,0.831,0.831,0.046404,0.951276,0.831,1.1111,0.0,0.0,1.0,1.0,2.0,0.2222,0.037,0.4074,1.0,0.0778,0.0,0.0,0.0,6.0,0.304348,0.957736,1.0,0.576536,0.0,1.0,0.3333,1.0,1.0,1.0,1.0,1.0,1.0,1.0,1.0,1.0,1.0,1.0,1.0,1.0,1.0,1.0,1.0,1.0,1.0,1.0,1.0,1.0,1.0,1.0,1.0,1.0,1.0,1.0,1.0,1.0,1.0,1.0,1.0,1.0,1.0,1.0,1.0,1.0,1.0,1.0,1.0,1.0,1.0,1.0,1.0,1.0,1.0,1.0,1.0,1.0,1.0,1.0,1.0,1.0,1.0,BET,panel_unanimous
SM_IP_TURN_019,1.0,0.0,90.0,0.0,0.0,0.0,3.0,4.0,1.0,9.0,1.64,1.0,0.0,0.0,0.0,0.0,0.0,0.0,0.0,1.0,0.0,0.0,4.0,11.0,0.38,0.0,0.3,0.83125,0.83125,0.032258,0.965438,0.83125,1.1111,0.0,0.0,1.0,1.0,2.0,0.1852,0.037,0.4444,1.0,0.1148,0.0,0.0,0.0,6.0,0.304348,0.968947,1.0,0.634094,0.0,1.0,0.3333,1.0,1.0,1.0,1.0,1.0,1.0,1.0,1.0,1.0,1.0,1.0,1.0,1.0,1.0,1.0,1.0,1.0,1.0,1.0,1.0,1.0,1.0,1.0,1.0,1.0,1.0,1.0,1.0,1.0,1.0,1.0,1.0,1.0,1.0,1.0,1.0,1.0,1.0,1.0,1.0,1.0,1.0,1.0,1.0,1.0,1.0,1.0,1.0,1.0,1.0,1.0,1.0,1.0,1.0,BET,panel_unanimous
SM_IP_TURN_020,1.0,0.0,90.0,0.0,0.0,0.0,3.0,4.0,1.0,9.0,1.64,1.0,0.0,0.0,0.0,0.0,0.0,0.0,0.0,1.0,0.0,0.0,4.0,11.0,0.38,0.0,0.3,0.8445,0.8445,0.032258,0.965438,0.8445,1.1111,0.0,0.0,1.0,1.0,2.0,0.1852,0.037,0.4444,1.0,0.1148,0.0,0.0,0.0,6.0,0.304348,0.968947,1.0,0.634094,0.0,1.0,0.3333,1.0,1.0,1.0,1.0,1.0,1.0,1.0,1.0,1.0,1.0,1.0,1.0,1.0,1.0,1.0,1.0,1.0,1.0,1.0,1.0,1.0,1.0,1.0,1.0,1.0,1.0,1.0,1.0,1.0,1.0,1.0,1.0,1.0,1.0,1.0,1.0,1.0,1.0,1.0,1.0,1.0,1.0,1.0,1.0,1.0,1.0,1.0,1.0,1.0,1.0,1.0,1.0,1.0,1.0,BET,panel_unanimous
SM_IP_TURN_021,1.0,0.0,90.0,0.0,0.0,0.0,3.0,4.0,1.0,9.0,1.64,1.0,0.0,0.0,0.0,0.0,0.0,0.0,0.0,1.0,0.0,0.0,4.0,11.0,0.38,0.0,0.3,0.8265,0.8265,0.032258,0.965438,0.8265,1.1111,0.0,0.0,1.0,1.0,2.0,0.1852,0.037,0.4444,1.0,0.1148,0.0,0.0,0.0,6.0,0.304348,0.968947,1.0,0.634094,0.0,1.0,0.3333,1.0,1.0,1.0,1.0,1.0,1.0,1.0,1.0,1.0,1.0,1.0,1.0,1.0,1.0,1.0,1.0,1.0,1.0,1.0,1.0,1.0,1.0,1.0,1.0,1.0,1.0,1.0,1.0,1.0,1.0,1.0,1.0,1.0,1.0,1.0,1.0,1.0,1.0,1.0,1.0,1.0,1.0,1.0,1.0,1.0,1.0,1.0,1.0,1.0,1.0,1.0,1.0,1.0,1.0,BET,panel_unanimous
SM_IP_TURN_022,1.0,0.0,90.0,0.0,0.0,0.0,3.0,4.0,1.0,10.0,2.705,1.0,1.0,0.0,0.0,0.0,0.0,0.0,0.0,1.0,1.0,0.0,2.0,11.0,0.23,0.0,0.0,0.84725,0.84725,0.029748,0.967963,0.84725,1.1111,0.0,0.0,1.0,1.0,2.0,0.4074,0.5185,0.0741,1.0,-0.1074,0.0,0.0,0.153846,6.0,1.0,0.973926,1.0,0.111122,14.0,1.0,0.0,1.0,1.0,1.0,1.0,1.0,1.0,1.0,1.0,1.0,1.0,1.0,1.0,1.0,1.0,1.0,1.0,1.0,1.0,1.0,1.0,1.0,1.0,1.0,1.0,1.0,1.0,1.0,1.0,1.0,1.0,1.0,1.0,1.0,1.0,1.0,1.0,1.0,1.0,1.0,1.0,1.0,1.0,1.0,1.0,1.0,1.0,1.0,1.0,1.0,1.0,1.0,1.0,1.0,1.0,BET,panel_unanimous
SM_IP_TURN_023,1.0,0.0,90.0,0.0,0.0,0.0,3.0,4.0,1.0,10.0,2.705,1.0,1.0,0.0,0.0,0.0,0.0,0.0,0.0,1.0,1.0,0.0,2.0,11.0,0.23,0.0,0.0,0.85775,0.85775,0.029748,0.967963,0.85775,1.1111,0.0,0.0,1.0,1.0,2.0,0.4074,0.5185,0.0741,1.0,-0.1074,0.0,0.0,0.153846,6.0,1.0,0.973926,1.0,0.111122,14.0,1.0,0.0,1.0,1.0,1.0,1.0,1.0,1.0,1.0,1.0,1.0,1.0,1.0,1.0,1.0,1.0,1.0,1.0,1.0,1.0,1.0,1.0,1.0,1.0,1.0,1.0,1.0,1.0,1.0,1.0,1.0,1.0,1.0,1.0,1.0,1.0,1.0,1.0,1.0,1.0,1.0,1.0,1.0,1.0,1.0,1.0,1.0,1.0,1.0,1.0,1.0,1.0,1.0,1.0,1.0,1.0,BET,panel_unanimous
SM_IP_TURN_024,1.0,0.0,90.0,0.0,0.0,0.0,3.0,4.0,1.0,10.0,2.705,1.0,1.0,0.0,0.0,0.0,0.0,0.0,0.0,1.0,1.0,0.0,2.0,11.0,0.23,0.0,0.0,0.85275,0.85275,0.029748,0.967963,0.85275,1.1111,0.0,0.0,1.0,1.0,2.0,0.4074,0.5185,0.0741,1.0,-0.1074,0.0,0.0,0.153846,6.0,1.0,0.973926,1.0,0.111122,14.0,1.0,0.0,1.0,1.0,1.0,1.0,1.0,1.0,1.0,1.0,1.0,1.0,1.0,1.0,1.0,1.0,1.0,1.0,1.0,1.0,1.0,1.0,1.0,1.0,1.0,1.0,1.0,1.0,1.0,1.0,1.0,1.0,1.0,1.0,1.0,1.0,1.0,1.0,1.0,1.0,1.0,1.0,1.0,1.0,1.0,1.0,1.0,1.0,1.0,1.0,1.0,1.0,1.0,1.0,1.0,1.0,BET,panel_unanimous
SM_IP_TURN_025,1.0,0.0,90.0,0.0,0.0,0.0,3.0,4.0,1.0,10.0,2.705,1.0,1.0,0.0,0.0,0.0,0.0,0.0,0.0,1.0,1.0,0.0,2.0,11.0,0.23,0.0,0.0,0.879,0.879,0.02968,0.968037,0.879,1.1111,0.0,0.0,1.0,1.0,2.0,0.4074,0.0,0.5926,1.0,-0.1074,0.0,0.0,0.0,6.0,1.0,0.973876,1.0,0.351175,0.0,1.0,0.0,1.0,1.0,1.0,1.0,1.0,1.0,1.0,1.0,1.0,1.0,1.0,1.0,1.0,1.0,1.0,1.0,1.0,1.0,1.0,1.0,1.0,1.0,1.0,1.0,1.0,1.0,1.0,1.0,1.0,1.0,1.0,1.0,1.0,1.0,1.0,1.0,1.0,1.0,1.0,1.0,1.0,1.0,1.0,1.0,1.0,1.0,1.0,1.0,1.0,1.0,1.0,1.0,1.0,1.0,BET,panel_unanimous
d1983_BTN_turn,1.0,0,0.0,0.0,0.0,0.0,3.0,0.0,0.0,0.0,0.0,0.0,0.0,0.0,0.0,0.0,0.0,0.0,0.0,0.0,0.0,0.0,0.0,0.0,0.0,0.0,0.0,0.0,0.0,0.0,0.0,0.0,0.0,0.0,0.0,0.0,0.0,2.0,0.0,0.0,0.0,0.0,0.0,0.0,0.0,0.0,0.0,0.0,0.0,0.0,0.0,0.0,0.0,0.0,1.0,1.0,1.0,1.0,1.0,1.0,1.0,1.0,1.0,1.0,1.0,1.0,1.0,1.0,1.0,1.0,1.0,1.0,1.0,1.0,1.0,1.0,1.0,1.0,1.0,1.0,1.0,1.0,1.0,1.0,1.0,1.0,1.0,1.0,1.0,1.0,1.0,1.0,1.0,1.0,1.0,1.0,1.0,1.0,1.0,1.0,1.0,1.0,1.0,1.0,1.0,1.0,1.0,1.0,CHECK,panel_unanimous
d5620_BTN_flop,0.0,0,0.0,0.0,0.0,0.0,3.0,0.0,0.0,0.0,0.0,0.0,0.0,0.0,0.0,0.0,0.0,0.0,0.0,0.0,0.0,0.0,0.0,0.0,0.0,0.0,0.0,0.0,0.0,0.0,0.0,0.0,0.0,0.0,0.0,0.0,0.0,2.0,0.0,0.0,0.0,0.0,0.0,0.0,0.0,0.0,0.0,0.0,0.0,0.0,0.0,0.0,0.0,0.0,1.0,1.0,1.0,1.0,1.0,1.0,1.0,1.0,1.0,1.0,1.0,1.0,1.0,1.0,1.0,1.0,1.0,1.0,1.0,1.0,1.0,1.0,1.0,1.0,1.0,1.0,1.0,1.0,1.0,1.0,1.0,1.0,1.0,1.0,1.0,1.0,1.0,1.0,1.0,1.0,1.0,1.0,1.0,1.0,1.0,1.0,1.0,1.0,1.0,1.0,1.0,1.0,1.0,1.0,CHECK,panel_unanimous
UMBRELLA_067,1,0,90.0,0.0,0.0,0.0,3,4.0,1.0,9.0,1.64,1.0,0.0,0.0,0.0,0.0,0.0,0.0,0.0,1.0,0.0,0.0,5.0,10.0,0.38,0.0,0.3,0.80275,0.80275,0.045977,0.951149,0.80275,1.1111,0.0,0.0,1.0,1.0,2.0,0.3704,0.0741,0.4815,1.0,-0.0704,0.0,0.0,0.222222,6.0,0.304348,0.943482,1.0,0.351116,14.0,0.0,0.0741,1.0,1.0,1.0,1.0,1.0,1.0,1.0,1.0,1.0,1.0,1.0,1.0,1.0,1.0,1.0,1.0,1.0,1.0,1.0,1.0,1.0,1.0,1.0,1.0,1.0,1.0,1.0,1.0,1.0,1.0,1.0,1.0,1.0,1.0,1.0,1.0,1.0,1.0,1.0,1.0,1.0,1.0,1.0,1.0,1.0,1.0,1.0,1.0,1.0,1.0,1.0,1.0,1.0,1.0,BET,pilot_v23
UMBRELLA_064,2,0,90.0,0.0,0.0,0.0,3,4.0,1.0,10.0,2.455,1.0,1.0,0.0,0.0,1.0,8.0,0.0,0.0,1.0,1.0,0.0,8.0,9.0,1.0,0.0,0.8,0.40075,0.40075,0.147632,0.835655,0.40075,1.1111,0.0,0.0,1.0,1.0,2.0,0.7037,0.0,0.2963,1.0,-0.4037,0.0,0.0,0.272727,3.0,0.0,0.71963,1.0,0.087794,14.0,0.0,0.0,1.0,1.0,1.0,1.0,1.0,1.0,1.0,1.0,1.0,1.0,1.0,1.0,1.0,1.0,1.0,1.0,1.0,1.0,1.0,1.0,1.0,1.0,1.0,1.0,1.0,1.0,1.0,1.0,1.0,1.0,1.0,1.0,1.0,1.0,1.0,1.0,1.0,1.0,1.0,1.0,1.0,1.0,1.0,1.0,1.0,1.0,1.0,1.0,1.0,1.0,1.0,1.0,1.0,1.0,BET,pilot_v23
UMBRELLA_217,1,0,90.0,0.0,0.0,0.0,4,3.0,0.0,9.0,1.64,1.0,0.0,0.0,0.0,0.0,0.0,0.0,0.0,1.0,0.0,0.0,4.0,10.0,0.38,0.0,0.3,0.7745,0.7745,0.034188,0.962963,0.7745,1.1111,0.0,0.0,1.0,1.0,2.0,0.3145,0.261,0.0786,1.0,-0.0145,0.0,0.0,0.099256,6.0,0.304348,0.952381,1.0,0.308025,14.0,0.0,0.3459,1.0,1.0,1.0,1.0,1.0,1.0,1.0,1.0,1.0,1.0,1.0,1.0,1.0,1.0,1.0,1.0,1.0,1.0,1.0,1.0,1.0,1.0,1.0,1.0,1.0,1.0,1.0,1.0,1.0,1.0,1.0,1.0,1.0,1.0,1.0,1.0,1.0,1.0,1.0,1.0,1.0,1.0,1.0,1.0,1.0,1.0,1.0,1.0,1.0,1.0,1.0,1.0,1.0,1.0,BET,pilot_v23
UMBRELLA_231,2,0,90.0,0.0,0.0,0.0,4,3.0,0.0,10.0,2.7075,1.0,1.0,0.0,0.0,0.0,0.0,0.0,0.0,1.0,1.0,0.0,5.0,10.0,0.57,0.0,0.3,0.8825,0.8825,0.040115,0.95702,0.8825,1.1111,0.0,0.0,1.0,1.0,2.0,0.6447,0.0,0.3553,1.0,-0.3447,0.0,0.0,0.10582,6.0,0.0,0.919355,1.0,0.126238,14.0,0.0,0.0,1.0,1.0,1.0,1.0,1.0,1.0,1.0,1.0,1.0,1.0,1.0,1.0,1.0,1.0,1.0,1.0,1.0,1.0,1.0,1.0,1.0,1.0,1.0,1.0,1.0,1.0,1.0,1.0,1.0,1.0,1.0,1.0,1.0,1.0,1.0,1.0,1.0,1.0,1.0,1.0,1.0,1.0,1.0,1.0,1.0,1.0,1.0,1.0,1.0,1.0,1.0,1.0,1.0,1.0,BET,pilot_v23
UMBRELLA_268,1,0,90.0,0.0,0.0,0.0,4,3.0,0.0,8.0,1.334,1.0,0.0,0.0,1.0,0.0,9.0,0.0,0.0,0.0,0.0,0.0,2.0,12.0,0.08,0.0,0.0,0.713,0.713,0.072046,0.910663,0.713,1.1111,0.0,0.0,1.0,1.0,2.0,0.2767,0.283,0.0472,1.0,0.0233,0.0,0.0,0.0,3.0,0.478261,0.769231,1.0,0.338491,0.0,0.0,0.3931,1.0,1.0,1.0,1.0,1.0,1.0,1.0,1.0,1.0,1.0,1.0,1.0,1.0,1.0,1.0,1.0,1.0,1.0,1.0,1.0,1.0,1.0,1.0,1.0,1.0,1.0,1.0,1.0,1.0,1.0,1.0,1.0,1.0,1.0,1.0,1.0,1.0,1.0,1.0,1.0,1.0,1.0,1.0,1.0,1.0,1.0,1.0,1.0,1.0,1.0,1.0,1.0,1.0,1.0,BET,pilot_v23
MM_IP_TURN_028,1,0,90.0,0.0,0.0,0.0,3,4.0,1.0,5.0,1.18,1.0,0.0,0.0,0.0,0.0,0.0,0.0,0.0,1.0,0.0,0.0,4.0,12.0,0.38,0.0,0.3,0.38875,0.38875,0.222222,0.764706,0.38875,1.1111,0.0,0.0,1.0,1.0,2.0,0.2222,0.037,0.3704,1.0,0.0778,0.0,0.0,0.0,3.0,0.304348,0.79206,1.0,0.576536,0.0,1.0,0.3704,1.0,1.0,1.0,1.0,1.0,1.0,1.0,1.0,1.0,1.0,1.0,1.0,1.0,1.0,1.0,1.0,1.0,1.0,1.0,1.0,1.0,1.0,1.0,1.0,1.0,1.0,1.0,1.0,1.0,1.0,1.0,1.0,1.0,1.0,1.0,1.0,1.0,1.0,1.0,1.0,1.0,1.0,1.0,1.0,1.0,1.0,1.0,1.0,1.0,1.0,1.0,1.0,1.0,1.0,BET,pilot_v23
MM_IP_TURN_027,1,0,90.0,0.0,0.0,0.0,3,4.0,1.0,5.0,1.16,1.0,0.0,0.0,0.0,0.0,0.0,0.0,0.0,1.0,0.0,0.0,5.0,10.0,0.38,0.0,0.3,0.4035,0.4035,0.254902,0.732026,0.4035,1.1111,0.0,0.0,1.0,1.0,2.0,0.2222,0.037,0.4815,1.0,0.0778,0.0,0.0,0.0,3.0,0.304348,0.762384,1.0,0.576536,0.0,1.0,0.2593,1.0,1.0,1.0,1.0,1.0,1.0,1.0,1.0,1.0,1.0,1.0,1.0,1.0,1.0,1.0,1.0,1.0,1.0,1.0,1.0,1.0,1.0,1.0,1.0,1.0,1.0,1.0,1.0,1.0,1.0,1.0,1.0,1.0,1.0,1.0,1.0,1.0,1.0,1.0,1.0,1.0,1.0,1.0,1.0,1.0,1.0,1.0,1.0,1.0,1.0,1.0,1.0,1.0,1.0,BET,pilot_v23
RAISE_VALUE_012,0,1,120.0,30.0,0.2,0.25,3,5.0,1.0,9.0,1.64,1.0,0.0,0.0,0.0,0.0,0.0,0.0,0.0,1.0,0.0,0.0,2.0,12.0,0.0,0.0,0.0,0.73475,0.73475,0.032844,0.956911,0.53475,0.8333,0.0,0.0,0.0,1.0,2.0,0.223,0.0,0.3894,1.0,0.077,0.0,0.0,0.0,6.0,0.234043,0.975516,1.0,0.603729,0.0,1.0,0.3877,1.0,1.0,1.0,1.0,1.0,1.0,1.0,1.0,1.0,1.0,1.0,1.0,1.0,1.0,1.0,1.0,1.0,1.0,1.0,1.0,1.0,1.0,1.0,1.0,1.0,1.0,1.0,1.0,1.0,1.0,1.0,1.0,1.0,1.0,1.0,1.0,1.0,1.0,1.0,1.0,1.0,1.0,1.0,1.0,1.0,1.0,1.0,1.0,1.0,1.0,1.0,1.0,1.0,1.0,RAISE,pilot_v23
RAISE_VALUE_013,0,1,120.0,30.0,0.2,0.25,3,5.0,1.0,9.0,1.64,1.0,0.0,0.0,0.0,0.0,0.0,0.0,0.0,1.0,0.0,0.0,2.0,11.0,0.0,0.0,0.0,0.69625,0.69625,0.032693,0.957079,0.49625,0.8333,0.0,0.0,0.0,1.0,2.0,0.2586,0.036,0.3568,1.0,0.0414,0.0,0.0,0.0,6.0,0.234043,0.972688,1.0,0.523308,0.0,1.0,0.3486,1.0,1.0,1.0,1.0,1.0,1.0,1.0,1.0,1.0,1.0,1.0,1.0,1.0,1.0,1.0,1.0,1.0,1.0,1.0,1.0,1.0,1.0,1.0,1.0,1.0,1.0,1.0,1.0,1.0,1.0,1.0,1.0,1.0,1.0,1.0,1.0,1.0,1.0,1.0,1.0,1.0,1.0,1.0,1.0,1.0,1.0,1.0,1.0,1.0,1.0,1.0,1.0,1.0,1.0,RAISE,pilot_v23
PROT_DANGER_011,0,0,90.0,0.0,0.0,0.0,3,4.0,1.0,5.0,1.19,1.0,0.0,0.0,0.0,0.0,0.0,0.0,1.0,0.0,0.0,0.0,7.0,11.0,0.65,0.25,0.5,0.3275,0.3275,0.233184,0.753363,0.3275,1.1111,0.0,0.0,0.0,1.0,2.0,0.2593,0.0741,0.4444,1.0,0.0407,0.0,0.0,0.0,3.0,0.234043,0.730004,1.0,0.495123,0.0,1.0,0.2222,1.0,1.0,1.0,1.0,1.0,1.0,1.0,1.0,1.0,1.0,1.0,1.0,1.0,1.0,1.0,1.0,1.0,1.0,1.0,1.0,1.0,1.0,1.0,1.0,1.0,1.0,1.0,1.0,1.0,1.0,1.0,1.0,1.0,1.0,1.0,1.0,1.0,1.0,1.0,1.0,1.0,1.0,1.0,1.0,1.0,1.0,1.0,1.0,1.0,1.0,1.0,1.0,1.0,1.0,BET,pilot_v23
PFR_CONT_025,0,0,90.0,0.0,0.0,0.0,3,4.0,1.0,9.0,1.64,1.0,0.0,0.0,0.0,0.0,0.0,0.0,0.0,1.0,0.0,0.0,2.0,11.0,0.0,0.0,0.0,0.77575,0.77575,0.020316,0.977427,0.77575,1.1111,0.0,0.0,0.0,1.0,2.0,0.1852,0.0,0.5926,1.0,0.1148,0.0,0.0,0.0,6.0,0.234043,0.975563,1.0,0.663899,0.0,1.0,0.2222,1.0,1.0,1.0,1.0,1.0,1.0,1.0,1.0,1.0,1.0,1.0,1.0,1.0,1.0,1.0,1.0,1.0,1.0,1.0,1.0,1.0,1.0,1.0,1.0,1.0,1.0,1.0,1.0,1.0,1.0,1.0,1.0,1.0,1.0,1.0,1.0,1.0,1.0,1.0,1.0,1.0,1.0,1.0,1.0,1.0,1.0,1.0,1.0,1.0,1.0,1.0,1.0,1.0,1.0,BET,pilot_v23
BP7_06,1,0,90.0,0.0,0.0,0.0,2,5.0,1.0,1.0,0.34,0.0,0.0,0.0,1.0,0.0,9.0,0.0,0.0,1.0,0.0,0.0,2.0,12.0,0.08,0.0,0.0,0.27625,0.27625,0.666667,0.306785,0.27625,1.1111,0.0,0.0,1.0,1.0,2.0,0.2254,0.2113,0.1127,1.0,0.0746,0.0,0.0,0.284211,3.0,0.195652,0.45497,0.0,0.447494,14.0,1.0,0.4507,1.0,1.0,1.0,1.0,1.0,1.0,1.0,1.0,1.0,1.0,1.0,1.0,1.0,1.0,1.0,1.0,1.0,1.0,1.0,1.0,1.0,1.0,1.0,1.0,1.0,1.0,1.0,1.0,1.0,1.0,1.0,1.0,1.0,1.0,1.0,1.0,1.0,1.0,1.0,1.0,1.0,1.0,1.0,1.0,1.0,1.0,1.0,1.0,1.0,1.0,1.0,1.0,1.0,1.0,BET,pilot_v23
MM_OOP_TURN_001,1,0,90.0,0.0,0.0,0.0,4,2.0,0.0,5.0,1.19,1.0,0.0,0.0,1.0,0.0,9.0,0.0,0.0,1.0,0.0,0.0,4.0,13.0,0.38,0.0,0.3,0.5525,0.5525,0.270115,0.712644,0.5525,1.1111,0.0,1.0,1.0,0.0,2.0,0.1653,0.31,0.1113,0.0,0.1347,0.0,0.0,0.156863,3.0,0.478261,0.687931,1.0,0.461992,14.0,0.0,0.4134,1.0,1.0,1.0,1.0,1.0,1.0,1.0,1.0,1.0,1.0,1.0,1.0,1.0,1.0,1.0,1.0,1.0,1.0,1.0,1.0,1.0,1.0,1.0,1.0,1.0,1.0,1.0,1.0,1.0,1.0,1.0,1.0,1.0,1.0,1.0,1.0,1.0,1.0,1.0,1.0,1.0,1.0,1.0,1.0,1.0,1.0,1.0,1.0,1.0,1.0,1.0,1.0,1.0,1.0,CHECK,pilot_v23
MM_IP_TURN_003,1,0,90.0,0.0,0.0,0.0,3,4.0,1.0,5.0,1.19,1.0,0.0,0.0,0.0,0.0,0.0,0.0,0.0,1.0,0.0,0.0,4.0,13.0,0.38,0.0,0.3,0.3955,0.3955,0.223982,0.762443,0.3955,1.1111,0.0,0.0,1.0,1.0,2.0,0.2593,0.3333,0.037,1.0,0.0407,0.0,0.0,0.142857,3.0,0.304348,0.782748,1.0,0.329533,14.0,1.0,0.3704,1.0,1.0,1.0,1.0,1.0,1.0,1.0,1.0,1.0,1.0,1.0,1.0,1.0,1.0,1.0,1.0,1.0,1.0,1.0,1.0,1.0,1.0,1.0,1.0,1.0,1.0,1.0,1.0,1.0,1.0,1.0,1.0,1.0,1.0,1.0,1.0,1.0,1.0,1.0,1.0,1.0,1.0,1.0,1.0,1.0,1.0,1.0,1.0,1.0,1.0,1.0,1.0,1.0,1.0,BET,pilot_v23
MM_IP_TURN_030,1,0,90.0,0.0,0.0,0.0,3,4.0,1.0,5.0,1.18,1.0,0.0,0.0,0.0,0.0,0.0,0.0,0.0,1.0,0.0,0.0,4.0,12.0,0.38,0.0,0.3,0.3835,0.3835,0.222222,0.764706,0.3835,1.1111,0.0,0.0,1.0,1.0,2.0,0.2222,0.037,0.3704,1.0,0.0778,0.0,0.0,0.0,3.0,0.304348,0.79206,1.0,0.576536,0.0,1.0,0.3704,1.0,1.0,1.0,1.0,1.0,1.0,1.0,1.0,1.0,1.0,1.0,1.0,1.0,1.0,1.0,1.0,1.0,1.0,1.0,1.0,1.0,1.0,1.0,1.0,1.0,1.0,1.0,1.0,1.0,1.0,1.0,1.0,1.0,1.0,1.0,1.0,1.0,1.0,1.0,1.0,1.0,1.0,1.0,1.0,1.0,1.0,1.0,1.0,1.0,1.0,1.0,1.0,1.0,1.0,BET,pilot_v23
MM_IP_TURN_033,1,0,90.0,0.0,0.0,0.0,3,4.0,1.0,5.0,1.18,1.0,0.0,0.0,0.0,0.0,0.0,0.0,0.0,0.0,0.0,0.0,2.0,13.0,0.08,0.0,0.0,0.35775,0.35775,0.23956,0.747253,0.35775,1.1111,0.0,0.0,1.0,1.0,2.0,0.2222,0.3704,0.037,1.0,0.0778,0.0,0.0,0.0,3.0,0.304348,0.784314,1.0,0.351175,0.0,1.0,0.3704,1.0,1.0,1.0,1.0,1.0,1.0,1.0,1.0,1.0,1.0,1.0,1.0,1.0,1.0,1.0,1.0,1.0,1.0,1.0,1.0,1.0,1.0,1.0,1.0,1.0,1.0,1.0,1.0,1.0,1.0,1.0,1.0,1.0,1.0,1.0,1.0,1.0,1.0,1.0,1.0,1.0,1.0,1.0,1.0,1.0,1.0,1.0,1.0,1.0,1.0,1.0,1.0,1.0,1.0,BET,pilot_v23
CALL_POT_ODDS_001,1.0,1.0,120.0,30.0,0.2,0.25,3.0,5.0,1.0,2.0,0.44,0.0,0.0,0.0,0.0,0.0,0.0,0.0,0.0,1.0,0.0,0.0,5.0,10.0,0.38,0.0,0.3,0.21225,0.21225,0.458298,0.4557,0.01225,0.8333,0.0,0.0,1.0,1.0,2.0,0.3869,0.0401,0.3321,1.0,-0.0869,0.0,0.0,0.0,6.0,0.0,0.607585,0.0,0.351708,0.0,1.0,0.2409,1.0,1.0,1.0,1.0,1.0,1.0,1.0,1.0,1.0,1.0,1.0,1.0,1.0,1.0,1.0,1.0,1.0,1.0,1.0,1.0,1.0,1.0,1.0,1.0,1.0,1.0,1.0,1.0,1.0,1.0,1.0,1.0,1.0,1.0,1.0,1.0,1.0,1.0,1.0,1.0,1.0,1.0,1.0,1.0,1.0,1.0,1.0,1.0,1.0,1.0,1.0,1.0,1.0,1.0,CALL,factory_call_supplement
CALL_POT_ODDS_002,1.0,1.0,120.0,30.0,0.2,0.25,3.0,5.0,1.0,2.0,0.44,0.0,0.0,0.0,0.0,0.0,0.0,0.0,0.0,1.0,0.0,0.0,5.0,10.0,0.38,0.0,0.3,0.2345,0.2345,0.458298,0.4557,0.0345,0.8333,0.0,0.0,1.0,1.0,2.0,0.3869,0.0401,0.3321,1.0,-0.0869,0.0,0.0,0.0,6.0,0.0,0.290248,0.0,0.351708,0.0,1.0,0.2409,1.0,1.0,1.0,1.0,1.0,1.0,1.0,1.0,1.0,1.0,1.0,1.0,1.0,1.0,1.0,1.0,1.0,1.0,1.0,1.0,1.0,1.0,1.0,1.0,1.0,1.0,1.0,1.0,1.0,1.0,1.0,1.0,1.0,1.0,1.0,1.0,1.0,1.0,1.0,1.0,1.0,1.0,1.0,1.0,1.0,1.0,1.0,1.0,1.0,1.0,1.0,1.0,1.0,1.0,CALL,factory_call_supplement
CALL_POT_ODDS_003,1.0,1.0,120.0,30.0,0.2,0.25,3.0,5.0,1.0,2.0,0.44,0.0,0.0,0.0,0.0,0.0,0.0,0.0,0.0,1.0,1.0,0.0,2.0,11.0,0.23,0.0,0.0,0.19125,0.19125,0.401818,0.513057,-0.00875,0.8333,0.0,0.0,1.0,1.0,2.0,0.7195,0.0,0.2805,1.0,-0.4195,0.0,0.0,0.0,6.0,0.130435,0.531956,0.0,0.07868,0.0,1.0,0.0,1.0,1.0,1.0,1.0,1.0,1.0,1.0,1.0,1.0,1.0,1.0,1.0,1.0,1.0,1.0,1.0,1.0,1.0,1.0,1.0,1.0,1.0,1.0,1.0,1.0,1.0,1.0,1.0,1.0,1.0,1.0,1.0,1.0,1.0,1.0,1.0,1.0,1.0,1.0,1.0,1.0,1.0,1.0,1.0,1.0,1.0,1.0,1.0,1.0,1.0,1.0,1.0,1.0,1.0,CALL,factory_call_supplement
CALL_POT_ODDS_004,1.0,1.0,120.0,30.0,0.2,0.25,3.0,5.0,1.0,2.0,0.44,0.0,0.0,0.0,0.0,0.0,0.0,0.0,0.0,1.0,1.0,0.0,2.0,11.0,0.23,0.0,0.0,0.195,0.195,0.401818,0.513057,-0.005,0.8333,0.0,0.0,1.0,1.0,2.0,0.7195,0.0,0.2805,1.0,-0.4195,0.0,0.0,0.0,6.0,0.130435,0.531956,0.0,0.07868,0.0,1.0,0.0,1.0,1.0,1.0,1.0,1.0,1.0,1.0,1.0,1.0,1.0,1.0,1.0,1.0,1.0,1.0,1.0,1.0,1.0,1.0,1.0,1.0,1.0,1.0,1.0,1.0,1.0,1.0,1.0,1.0,1.0,1.0,1.0,1.0,1.0,1.0,1.0,1.0,1.0,1.0,1.0,1.0,1.0,1.0,1.0,1.0,1.0,1.0,1.0,1.0,1.0,1.0,1.0,1.0,1.0,CALL,factory_call_supplement
CALL_POT_ODDS_005,1.0,1.0,120.0,30.0,0.2,0.25,3.0,5.0,1.0,2.0,0.44,0.0,0.0,0.0,0.0,0.0,0.0,0.0,0.0,1.0,0.0,0.0,4.0,12.0,0.38,0.0,0.3,0.1835,0.1835,0.582377,0.32829,-0.0165,0.8333,0.0,0.0,1.0,1.0,2.0,0.2729,0.0643,0.3587,1.0,0.0271,0.0,0.0,0.0,6.0,0.0,0.569969,0.0,0.482956,0.0,1.0,0.3041,1.0,1.0,1.0,1.0,1.0,1.0,1.0,1.0,1.0,1.0,1.0,1.0,1.0,1.0,1.0,1.0,1.0,1.0,1.0,1.0,1.0,1.0,1.0,1.0,1.0,1.0,1.0,1.0,1.0,1.0,1.0,1.0,1.0,1.0,1.0,1.0,1.0,1.0,1.0,1.0,1.0,1.0,1.0,1.0,1.0,1.0,1.0,1.0,1.0,1.0,1.0,1.0,1.0,1.0,CALL,factory_call_supplement
CALL_POT_ODDS_006,1.0,1.0,120.0,30.0,0.2,0.25,3.0,5.0,1.0,2.0,0.44,0.0,0.0,0.0,0.0,0.0,0.0,0.0,0.0,1.0,0.0,0.0,4.0,12.0,0.38,0.0,0.3,0.1785,0.1785,0.582377,0.32829,-0.0215,0.8333,0.0,0.0,1.0,1.0,2.0,0.2729,0.0643,0.3587,1.0,0.0271,0.0,0.0,0.0,6.0,0.0,0.200472,0.0,0.482956,0.0,1.0,0.3041,1.0,1.0,1.0,1.0,1.0,1.0,1.0,1.0,1.0,1.0,1.0,1.0,1.0,1.0,1.0,1.0,1.0,1.0,1.0,1.0,1.0,1.0,1.0,1.0,1.0,1.0,1.0,1.0,1.0,1.0,1.0,1.0,1.0,1.0,1.0,1.0,1.0,1.0,1.0,1.0,1.0,1.0,1.0,1.0,1.0,1.0,1.0,1.0,1.0,1.0,1.0,1.0,1.0,1.0,CALL,factory_call_supplement
CALL_POT_ODDS_007,1.0,1.0,120.0,30.0,0.2,0.25,3.0,5.0,1.0,1.0,0.34,0.0,0.0,0.0,1.0,0.0,9.0,0.0,0.0,0.0,0.0,0.0,2.0,13.0,0.08,0.0,0.0,0.33425,0.33425,0.590069,0.321883,0.13425,0.8333,0.0,0.0,1.0,1.0,2.0,0.2293,0.4314,0.095,1.0,0.0707,0.0,0.0,0.0,3.0,0.195652,0.540216,0.0,0.308025,0.0,1.0,0.2443,1.0,1.0,1.0,1.0,1.0,1.0,1.0,1.0,1.0,1.0,1.0,1.0,1.0,1.0,1.0,1.0,1.0,1.0,1.0,1.0,1.0,1.0,1.0,1.0,1.0,1.0,1.0,1.0,1.0,1.0,1.0,1.0,1.0,1.0,1.0,1.0,1.0,1.0,1.0,1.0,1.0,1.0,1.0,1.0,1.0,1.0,1.0,1.0,1.0,1.0,1.0,1.0,1.0,1.0,CALL,factory_call_supplement
CALL_POT_ODDS_008,1.0,1.0,120.0,30.0,0.2,0.25,3.0,5.0,1.0,1.0,0.34,0.0,0.0,0.0,0.0,0.0,0.0,0.0,0.0,0.0,0.0,0.0,2.0,13.0,0.08,0.0,0.0,0.1745,0.1745,0.590069,0.321883,-0.0255,0.8333,0.0,0.0,1.0,1.0,2.0,0.2293,0.4314,0.095,1.0,0.0707,0.0,0.0,0.0,3.0,0.0,0.27611,0.0,0.308025,0.0,1.0,0.2443,1.0,1.0,1.0,1.0,1.0,1.0,1.0,1.0,1.0,1.0,1.0,1.0,1.0,1.0,1.0,1.0,1.0,1.0,1.0,1.0,1.0,1.0,1.0,1.0,1.0,1.0,1.0,1.0,1.0,1.0,1.0,1.0,1.0,1.0,1.0,1.0,1.0,1.0,1.0,1.0,1.0,1.0,1.0,1.0,1.0,1.0,1.0,1.0,1.0,1.0,1.0,1.0,1.0,1.0,CALL,factory_call_supplement
CALL_POT_ODDS_009,1.0,1.0,120.0,30.0,0.2,0.25,3.0,5.0,1.0,2.0,0.44,0.0,0.0,0.0,1.0,0.0,9.0,0.0,1.0,0.0,0.0,0.0,2.0,12.0,0.5954,0.5154,0.0,0.339,0.339,0.627722,0.283056,0.139,0.8333,0.0,0.0,1.0,1.0,2.0,0.4994,0.2256,0.0,1.0,-0.1994,0.0,0.0,0.223844,6.0,0.195652,0.297737,0.0,0.150389,14.0,1.0,0.275,1.0,1.0,1.0,1.0,1.0,1.0,1.0,1.0,1.0,1.0,1.0,1.0,1.0,1.0,1.0,1.0,1.0,1.0,1.0,1.0,1.0,1.0,1.0,1.0,1.0,1.0,1.0,1.0,1.0,1.0,1.0,1.0,1.0,1.0,1.0,1.0,1.0,1.0,1.0,1.0,1.0,1.0,1.0,1.0,1.0,1.0,1.0,1.0,1.0,1.0,1.0,1.0,1.0,1.0,CALL,factory_call_supplement
CALL_POT_ODDS_010,1.0,1.0,120.0,30.0,0.2,0.25,3.0,5.0,1.0,2.0,0.44,0.0,0.0,0.0,1.0,0.0,9.0,0.0,1.0,0.0,0.0,0.0,2.0,12.0,0.5954,0.5154,0.0,0.341,0.341,0.627651,0.28311,0.141,0.8333,0.0,0.0,1.0,1.0,2.0,0.4994,0.2256,0.0,1.0,-0.1994,0.0,0.0,0.223844,6.0,0.195652,0.297737,0.0,0.150389,14.0,1.0,0.275,1.0,1.0,1.0,1.0,1.0,1.0,1.0,1.0,1.0,1.0,1.0,1.0,1.0,1.0,1.0,1.0,1.0,1.0,1.0,1.0,1.0,1.0,1.0,1.0,1.0,1.0,1.0,1.0,1.0,1.0,1.0,1.0,1.0,1.0,1.0,1.0,1.0,1.0,1.0,1.0,1.0,1.0,1.0,1.0,1.0,1.0,1.0,1.0,1.0,1.0,1.0,1.0,1.0,1.0,CALL,factory_call_supplement
CALL_POT_ODDS_011,1.0,1.0,120.0,30.0,0.2,0.25,3.0,5.0,1.0,2.0,0.44,0.0,0.0,0.0,1.0,0.0,9.0,0.0,1.0,0.0,1.0,0.0,2.0,10.0,0.7454,0.5154,0.0,0.36875,0.36875,0.476729,0.43908,0.16875,0.8333,0.0,0.0,1.0,1.0,2.0,0.6971,0.1776,0.0,1.0,-0.3971,0.0,0.0,0.193864,6.0,0.304348,0.276604,0.0,0.045839,14.0,1.0,0.1254,1.0,1.0,1.0,1.0,1.0,1.0,1.0,1.0,1.0,1.0,1.0,1.0,1.0,1.0,1.0,1.0,1.0,1.0,1.0,1.0,1.0,1.0,1.0,1.0,1.0,1.0,1.0,1.0,1.0,1.0,1.0,1.0,1.0,1.0,1.0,1.0,1.0,1.0,1.0,1.0,1.0,1.0,1.0,1.0,1.0,1.0,1.0,1.0,1.0,1.0,1.0,1.0,1.0,1.0,CALL,factory_call_supplement
CALL_POT_ODDS_012,1.0,1.0,120.0,30.0,0.2,0.25,3.0,5.0,1.0,2.0,0.44,0.0,0.0,0.0,1.0,0.0,9.0,0.0,1.0,0.0,1.0,0.0,2.0,10.0,0.7454,0.5154,0.0,0.365,0.365,0.476655,0.439142,0.165,0.8333,0.0,0.0,1.0,1.0,2.0,0.6971,0.1776,0.0,1.0,-0.3971,0.0,0.0,0.193864,6.0,0.304348,0.276604,0.0,0.045839,14.0,1.0,0.1254,1.0,1.0,1.0,1.0,1.0,1.0,1.0,1.0,1.0,1.0,1.0,1.0,1.0,1.0,1.0,1.0,1.0,1.0,1.0,1.0,1.0,1.0,1.0,1.0,1.0,1.0,1.0,1.0,1.0,1.0,1.0,1.0,1.0,1.0,1.0,1.0,1.0,1.0,1.0,1.0,1.0,1.0,1.0,1.0,1.0,1.0,1.0,1.0,1.0,1.0,1.0,1.0,1.0,1.0,CALL,factory_call_supplement
CALL_MEDIUM_STR_001,0.0,1.0,135.0,45.0,0.25,0.333333,3.0,5.0,1.0,5.0,1.19,1.0,0.0,0.0,0.0,0.0,0.0,0.0,0.0,1.0,0.0,0.0,2.0,13.0,0.0,0.0,0.0,0.3915,0.3915,0.431507,0.567793,0.1415,0.7407,0.0,0.0,0.0,1.0,2.0,0.2405,0.0,0.3234,1.0,0.0595,0.0,0.0,0.0,3.0,0.234043,0.78753,1.0,0.57684,0.0,1.0,0.4362,1.0,1.0,1.0,1.0,1.0,1.0,1.0,1.0,1.0,1.0,1.0,1.0,1.0,1.0,1.0,1.0,1.0,1.0,1.0,1.0,1.0,1.0,1.0,1.0,1.0,1.0,1.0,1.0,1.0,1.0,1.0,1.0,1.0,1.0,1.0,1.0,1.0,1.0,1.0,1.0,1.0,1.0,1.0,1.0,1.0,1.0,1.0,1.0,1.0,1.0,1.0,1.0,1.0,1.0,CALL,factory_call_supplement
CALL_MEDIUM_STR_002,0.0,1.0,135.0,45.0,0.25,0.333333,3.0,5.0,1.0,5.0,1.19,1.0,0.0,0.0,0.0,0.0,0.0,0.0,0.0,1.0,0.0,0.0,2.0,13.0,0.0,0.0,0.0,0.3465,0.3465,0.425885,0.573408,0.0965,0.7407,0.0,0.0,0.0,1.0,2.0,0.2405,0.0,0.3234,1.0,0.0595,0.0,0.0,0.0,3.0,0.234043,0.78753,1.0,0.57684,0.0,1.0,0.4362,1.0,1.0,1.0,1.0,1.0,1.0,1.0,1.0,1.0,1.0,1.0,1.0,1.0,1.0,1.0,1.0,1.0,1.0,1.0,1.0,1.0,1.0,1.0,1.0,1.0,1.0,1.0,1.0,1.0,1.0,1.0,1.0,1.0,1.0,1.0,1.0,1.0,1.0,1.0,1.0,1.0,1.0,1.0,1.0,1.0,1.0,1.0,1.0,1.0,1.0,1.0,1.0,1.0,1.0,CALL,factory_call_supplement
CALL_MEDIUM_STR_003,0.0,1.0,135.0,45.0,0.25,0.333333,3.0,5.0,1.0,5.0,1.17,1.0,0.0,0.0,0.0,0.0,0.0,0.0,0.0,1.0,0.0,0.0,2.0,13.0,0.0,0.0,0.0,0.33575,0.33575,0.452309,0.547027,0.08575,0.7407,0.0,0.0,0.0,1.0,2.0,0.223,0.0,0.3465,1.0,0.077,0.0,0.0,0.0,3.0,0.234043,0.792613,1.0,0.603729,0.0,1.0,0.4305,1.0,1.0,1.0,1.0,1.0,1.0,1.0,1.0,1.0,1.0,1.0,1.0,1.0,1.0,1.0,1.0,1.0,1.0,1.0,1.0,1.0,1.0,1.0,1.0,1.0,1.0,1.0,1.0,1.0,1.0,1.0,1.0,1.0,1.0,1.0,1.0,1.0,1.0,1.0,1.0,1.0,1.0,1.0,1.0,1.0,1.0,1.0,1.0,1.0,1.0,1.0,1.0,1.0,1.0,CALL,factory_call_supplement
CALL_MEDIUM_STR_004,0.0,1.0,135.0,45.0,0.25,0.333333,3.0,5.0,1.0,5.0,1.17,1.0,0.0,0.0,0.0,0.0,0.0,0.0,0.0,1.0,0.0,0.0,2.0,13.0,0.0,0.0,0.0,0.3235,0.3235,0.452439,0.546897,0.0735,0.7407,0.0,0.0,0.0,1.0,2.0,0.223,0.0,0.3465,1.0,0.077,0.0,0.0,0.0,3.0,0.234043,0.792613,1.0,0.603729,0.0,1.0,0.4305,1.0,1.0,1.0,1.0,1.0,1.0,1.0,1.0,1.0,1.0,1.0,1.0,1.0,1.0,1.0,1.0,1.0,1.0,1.0,1.0,1.0,1.0,1.0,1.0,1.0,1.0,1.0,1.0,1.0,1.0,1.0,1.0,1.0,1.0,1.0,1.0,1.0,1.0,1.0,1.0,1.0,1.0,1.0,1.0,1.0,1.0,1.0,1.0,1.0,1.0,1.0,1.0,1.0,1.0,CALL,factory_call_supplement
CALL_MEDIUM_STR_005,0.0,1.0,135.0,45.0,0.25,0.333333,3.0,5.0,1.0,5.0,1.18,1.0,0.0,0.0,0.0,0.0,0.0,0.0,0.0,1.0,0.0,0.0,2.0,13.0,0.0,0.0,0.0,0.32975,0.32975,0.445611,0.553714,0.07975,0.7407,0.0,0.0,0.0,1.0,2.0,0.2207,0.0,0.3294,1.0,0.0793,0.0,0.0,0.0,3.0,0.234043,0.789619,1.0,0.607308,0.0,1.0,0.4499,1.0,1.0,1.0,1.0,1.0,1.0,1.0,1.0,1.0,1.0,1.0,1.0,1.0,1.0,1.0,1.0,1.0,1.0,1.0,1.0,1.0,1.0,1.0,1.0,1.0,1.0,1.0,1.0,1.0,1.0,1.0,1.0,1.0,1.0,1.0,1.0,1.0,1.0,1.0,1.0,1.0,1.0,1.0,1.0,1.0,1.0,1.0,1.0,1.0,1.0,1.0,1.0,1.0,1.0,CALL,factory_call_supplement
CALL_MEDIUM_STR_006,0.0,1.0,135.0,45.0,0.25,0.333333,3.0,5.0,1.0,5.0,1.18,1.0,0.0,0.0,0.0,0.0,0.0,0.0,0.0,1.0,0.0,0.0,2.0,13.0,0.0,0.0,0.0,0.34,0.34,0.445611,0.553714,0.09,0.7407,0.0,0.0,0.0,1.0,2.0,0.2207,0.0,0.3294,1.0,0.0793,0.0,0.0,0.0,3.0,0.234043,0.789619,1.0,0.607308,0.0,1.0,0.4499,1.0,1.0,1.0,1.0,1.0,1.0,1.0,1.0,1.0,1.0,1.0,1.0,1.0,1.0,1.0,1.0,1.0,1.0,1.0,1.0,1.0,1.0,1.0,1.0,1.0,1.0,1.0,1.0,1.0,1.0,1.0,1.0,1.0,1.0,1.0,1.0,1.0,1.0,1.0,1.0,1.0,1.0,1.0,1.0,1.0,1.0,1.0,1.0,1.0,1.0,1.0,1.0,1.0,1.0,CALL,factory_call_supplement
CALL_MEDIUM_STR_007,0.0,1.0,135.0,45.0,0.25,0.333333,3.0,5.0,1.0,5.0,1.17,1.0,0.0,0.0,0.0,0.0,0.0,0.0,0.0,1.0,0.0,0.0,2.0,12.0,0.0,0.0,0.0,0.40325,0.40325,0.419831,0.579512,0.15325,0.7407,0.0,0.0,0.0,1.0,2.0,0.223,0.0,0.3774,1.0,0.077,0.0,0.0,0.0,3.0,0.234043,0.803742,1.0,0.603729,0.0,1.0,0.3997,1.0,1.0,1.0,1.0,1.0,1.0,1.0,1.0,1.0,1.0,1.0,1.0,1.0,1.0,1.0,1.0,1.0,1.0,1.0,1.0,1.0,1.0,1.0,1.0,1.0,1.0,1.0,1.0,1.0,1.0,1.0,1.0,1.0,1.0,1.0,1.0,1.0,1.0,1.0,1.0,1.0,1.0,1.0,1.0,1.0,1.0,1.0,1.0,1.0,1.0,1.0,1.0,1.0,1.0,CALL,factory_call_supplement
CALL_MEDIUM_STR_008,0.0,1.0,135.0,45.0,0.25,0.333333,3.0,5.0,1.0,5.0,1.17,1.0,0.0,0.0,0.0,0.0,0.0,0.0,0.0,1.0,0.0,0.0,2.0,12.0,0.0,0.0,0.0,0.32825,0.32825,0.419695,0.579648,0.07825,0.7407,0.0,0.0,0.0,1.0,2.0,0.223,0.0,0.3774,1.0,0.077,0.0,0.0,0.0,3.0,0.234043,0.803742,1.0,0.603729,0.0,1.0,0.3997,1.0,1.0,1.0,1.0,1.0,1.0,1.0,1.0,1.0,1.0,1.0,1.0,1.0,1.0,1.0,1.0,1.0,1.0,1.0,1.0,1.0,1.0,1.0,1.0,1.0,1.0,1.0,1.0,1.0,1.0,1.0,1.0,1.0,1.0,1.0,1.0,1.0,1.0,1.0,1.0,1.0,1.0,1.0,1.0,1.0,1.0,1.0,1.0,1.0,1.0,1.0,1.0,1.0,1.0,CALL,factory_call_supplement
CALL_MEDIUM_STR_009,0.0,1.0,135.0,45.0,0.25,0.333333,3.0,5.0,1.0,5.0,1.18,1.0,0.0,0.0,0.0,0.0,0.0,0.0,0.0,1.0,0.0,0.0,2.0,12.0,0.0,0.0,0.0,0.324,0.324,0.430523,0.568816,0.074,0.7407,0.0,0.0,0.0,1.0,2.0,0.2185,0.0,0.3664,1.0,0.0815,0.0,0.0,0.0,3.0,0.234043,0.798671,1.0,0.610742,0.0,1.0,0.4151,1.0,1.0,1.0,1.0,1.0,1.0,1.0,1.0,1.0,1.0,1.0,1.0,1.0,1.0,1.0,1.0,1.0,1.0,1.0,1.0,1.0,1.0,1.0,1.0,1.0,1.0,1.0,1.0,1.0,1.0,1.0,1.0,1.0,1.0,1.0,1.0,1.0,1.0,1.0,1.0,1.0,1.0,1.0,1.0,1.0,1.0,1.0,1.0,1.0,1.0,1.0,1.0,1.0,1.0,CALL,factory_call_supplement
CALL_MEDIUM_STR_010,0.0,1.0,135.0,45.0,0.25,0.333333,3.0,5.0,1.0,5.0,1.18,1.0,0.0,0.0,0.0,0.0,0.0,0.0,0.0,1.0,0.0,0.0,2.0,12.0,0.0,0.0,0.0,0.35075,0.35075,0.430657,0.568681,0.10075,0.7407,0.0,0.0,0.0,1.0,2.0,0.2185,0.0,0.3664,1.0,0.0815,0.0,0.0,0.0,3.0,0.234043,0.798671,1.0,0.610742,0.0,1.0,0.4151,1.0,1.0,1.0,1.0,1.0,1.0,1.0,1.0,1.0,1.0,1.0,1.0,1.0,1.0,1.0,1.0,1.0,1.0,1.0,1.0,1.0,1.0,1.0,1.0,1.0,1.0,1.0,1.0,1.0,1.0,1.0,1.0,1.0,1.0,1.0,1.0,1.0,1.0,1.0,1.0,1.0,1.0,1.0,1.0,1.0,1.0,1.0,1.0,1.0,1.0,1.0,1.0,1.0,1.0,CALL,factory_call_supplement
CALL_MEDIUM_STR_011,0.0,1.0,135.0,45.0,0.25,0.333333,3.0,5.0,1.0,5.0,1.16,1.0,0.0,0.0,0.0,0.0,0.0,0.0,0.0,1.0,0.0,0.0,2.0,12.0,0.0,0.0,0.0,0.35525,0.35525,0.416534,0.582815,0.10525,0.7407,0.0,0.0,0.0,1.0,2.0,0.223,0.0,0.3894,1.0,0.077,0.0,0.0,0.0,3.0,0.234043,0.803366,1.0,0.603729,0.0,1.0,0.3877,1.0,1.0,1.0,1.0,1.0,1.0,1.0,1.0,1.0,1.0,1.0,1.0,1.0,1.0,1.0,1.0,1.0,1.0,1.0,1.0,1.0,1.0,1.0,1.0,1.0,1.0,1.0,1.0,1.0,1.0,1.0,1.0,1.0,1.0,1.0,1.0,1.0,1.0,1.0,1.0,1.0,1.0,1.0,1.0,1.0,1.0,1.0,1.0,1.0,1.0,1.0,1.0,1.0,1.0,CALL,factory_call_supplement
CALL_MEDIUM_STR_012,0.0,1.0,135.0,45.0,0.25,0.333333,3.0,5.0,1.0,5.0,1.16,1.0,0.0,0.0,0.0,0.0,0.0,0.0,0.0,1.0,0.0,0.0,2.0,12.0,0.0,0.0,0.0,0.328,0.328,0.416534,0.582815,0.078,0.7407,0.0,0.0,0.0,1.0,2.0,0.223,0.0,0.3894,1.0,0.077,0.0,0.0,0.0,3.0,0.234043,0.803366,1.0,0.603729,0.0,1.0,0.3877,1.0,1.0,1.0,1.0,1.0,1.0,1.0,1.0,1.0,1.0,1.0,1.0,1.0,1.0,1.0,1.0,1.0,1.0,1.0,1.0,1.0,1.0,1.0,1.0,1.0,1.0,1.0,1.0,1.0,1.0,1.0,1.0,1.0,1.0,1.0,1.0,1.0,1.0,1.0,1.0,1.0,1.0,1.0,1.0,1.0,1.0,1.0,1.0,1.0,1.0,1.0,1.0,1.0,1.0,CALL,factory_call_supplement
CALL_TRAP_FLAT_001,0.0,1.0,120.0,30.0,0.2,0.25,3.0,5.0,1.0,9.0,1.64,1.0,0.0,0.0,0.0,0.0,0.0,0.0,0.0,1.0,0.0,0.0,2.0,13.0,0.0,0.0,0.0,0.668,0.668,0.092606,0.896231,0.468,0.8333,0.0,0.0,0.0,1.0,2.0,0.2405,0.0,0.3234,1.0,0.0595,0.0,0.0,0.0,6.0,0.234043,0.954329,1.0,0.57684,0.0,1.0,0.4362,1.0,1.0,1.0,1.0,1.0,1.0,1.0,1.0,1.0,1.0,1.0,1.0,1.0,1.0,1.0,1.0,1.0,1.0,1.0,1.0,1.0,1.0,1.0,1.0,1.0,1.0,1.0,1.0,1.0,1.0,1.0,1.0,1.0,1.0,1.0,1.0,1.0,1.0,1.0,1.0,1.0,1.0,1.0,1.0,1.0,1.0,1.0,1.0,1.0,1.0,1.0,1.0,1.0,1.0,CALL,factory_call_supplement
CALL_TRAP_FLAT_002,0.0,1.0,120.0,30.0,0.2,0.25,3.0,5.0,1.0,9.0,1.64,1.0,0.0,0.0,0.0,0.0,0.0,0.0,0.0,1.0,0.0,0.0,2.0,13.0,0.0,0.0,0.0,0.6605,0.6605,0.091595,0.897363,0.4605,0.8333,0.0,0.0,0.0,1.0,2.0,0.2405,0.0,0.3234,1.0,0.0595,0.0,0.0,0.0,6.0,0.234043,0.954329,1.0,0.57684,0.0,1.0,0.4362,1.0,1.0,1.0,1.0,1.0,1.0,1.0,1.0,1.0,1.0,1.0,1.0,1.0,1.0,1.0,1.0,1.0,1.0,1.0,1.0,1.0,1.0,1.0,1.0,1.0,1.0,1.0,1.0,1.0,1.0,1.0,1.0,1.0,1.0,1.0,1.0,1.0,1.0,1.0,1.0,1.0,1.0,1.0,1.0,1.0,1.0,1.0,1.0,1.0,1.0,1.0,1.0,1.0,1.0,CALL,factory_call_supplement
CALL_TRAP_FLAT_003,0.0,1.0,120.0,30.0,0.2,0.25,3.0,5.0,1.0,9.0,1.64,1.0,0.0,0.0,0.0,0.0,0.0,0.0,0.0,1.0,0.0,0.0,2.0,13.0,0.0,0.0,0.0,0.7335,0.7335,0.034054,0.95548,0.5335,0.8333,0.0,0.0,0.0,1.0,2.0,0.223,0.0,0.3465,1.0,0.077,0.0,0.0,0.0,6.0,0.234043,0.971528,1.0,0.603729,0.0,1.0,0.4305,1.0,1.0,1.0,1.0,1.0,1.0,1.0,1.0,1.0,1.0,1.0,1.0,1.0,1.0,1.0,1.0,1.0,1.0,1.0,1.0,1.0,1.0,1.0,1.0,1.0,1.0,1.0,1.0,1.0,1.0,1.0,1.0,1.0,1.0,1.0,1.0,1.0,1.0,1.0,1.0,1.0,1.0,1.0,1.0,1.0,1.0,1.0,1.0,1.0,1.0,1.0,1.0,1.0,1.0,CALL,factory_call_supplement
CALL_TRAP_FLAT_004,0.0,1.0,120.0,30.0,0.2,0.25,3.0,5.0,1.0,9.0,1.64,1.0,0.0,0.0,0.0,0.0,0.0,0.0,0.0,1.0,0.0,0.0,2.0,13.0,0.0,0.0,0.0,0.7355,0.7355,0.034054,0.95548,0.5355,0.8333,0.0,0.0,0.0,1.0,2.0,0.223,0.0,0.3465,1.0,0.077,0.0,0.0,0.0,6.0,0.234043,0.971528,1.0,0.603729,0.0,1.0,0.4305,1.0,1.0,1.0,1.0,1.0,1.0,1.0,1.0,1.0,1.0,1.0,1.0,1.0,1.0,1.0,1.0,1.0,1.0,1.0,1.0,1.0,1.0,1.0,1.0,1.0,1.0,1.0,1.0,1.0,1.0,1.0,1.0,1.0,1.0,1.0,1.0,1.0,1.0,1.0,1.0,1.0,1.0,1.0,1.0,1.0,1.0,1.0,1.0,1.0,1.0,1.0,1.0,1.0,1.0,CALL,factory_call_supplement
CALL_TRAP_FLAT_005,0.0,1.0,120.0,30.0,0.2,0.25,3.0,5.0,1.0,9.0,1.64,1.0,0.0,0.0,0.0,0.0,0.0,0.0,0.0,1.0,0.0,0.0,2.0,13.0,0.0,0.0,0.0,0.71375,0.71375,0.055028,0.934391,0.51375,0.8333,0.0,0.0,0.0,1.0,2.0,0.2207,0.0,0.3294,1.0,0.0793,0.0,0.0,0.0,6.0,0.234043,0.954778,1.0,0.607308,0.0,1.0,0.4499,1.0,1.0,1.0,1.0,1.0,1.0,1.0,1.0,1.0,1.0,1.0,1.0,1.0,1.0,1.0,1.0,1.0,1.0,1.0,1.0,1.0,1.0,1.0,1.0,1.0,1.0,1.0,1.0,1.0,1.0,1.0,1.0,1.0,1.0,1.0,1.0,1.0,1.0,1.0,1.0,1.0,1.0,1.0,1.0,1.0,1.0,1.0,1.0,1.0,1.0,1.0,1.0,1.0,1.0,CALL,factory_call_supplement
CALL_TRAP_FLAT_006,0.0,1.0,120.0,30.0,0.2,0.25,3.0,5.0,1.0,9.0,1.64,1.0,0.0,0.0,0.0,0.0,0.0,0.0,0.0,1.0,0.0,0.0,2.0,13.0,0.0,0.0,0.0,0.71275,0.71275,0.055609,0.933698,0.51275,0.8333,0.0,0.0,0.0,1.0,2.0,0.2207,0.0,0.3294,1.0,0.0793,0.0,0.0,0.0,6.0,0.234043,0.954778,1.0,0.607308,0.0,1.0,0.4499,1.0,1.0,1.0,1.0,1.0,1.0,1.0,1.0,1.0,1.0,1.0,1.0,1.0,1.0,1.0,1.0,1.0,1.0,1.0,1.0,1.0,1.0,1.0,1.0,1.0,1.0,1.0,1.0,1.0,1.0,1.0,1.0,1.0,1.0,1.0,1.0,1.0,1.0,1.0,1.0,1.0,1.0,1.0,1.0,1.0,1.0,1.0,1.0,1.0,1.0,1.0,1.0,1.0,1.0,CALL,factory_call_supplement
CALL_TRAP_FLAT_007,0.0,1.0,120.0,30.0,0.2,0.25,3.0,5.0,1.0,9.0,1.64,1.0,0.0,0.0,0.0,0.0,0.0,0.0,0.0,1.0,0.0,0.0,2.0,12.0,0.0,0.0,0.0,0.763,0.763,0.033182,0.956468,0.563,0.8333,0.0,0.0,0.0,1.0,2.0,0.223,0.0,0.3774,1.0,0.077,0.0,0.0,0.0,6.0,0.234043,0.975563,1.0,0.603729,0.0,1.0,0.3997,1.0,1.0,1.0,1.0,1.0,1.0,1.0,1.0,1.0,1.0,1.0,1.0,1.0,1.0,1.0,1.0,1.0,1.0,1.0,1.0,1.0,1.0,1.0,1.0,1.0,1.0,1.0,1.0,1.0,1.0,1.0,1.0,1.0,1.0,1.0,1.0,1.0,1.0,1.0,1.0,1.0,1.0,1.0,1.0,1.0,1.0,1.0,1.0,1.0,1.0,1.0,1.0,1.0,1.0,CALL,factory_call_supplement
CALL_TRAP_FLAT_008,0.0,1.0,120.0,30.0,0.2,0.25,3.0,5.0,1.0,9.0,1.64,1.0,0.0,0.0,0.0,0.0,0.0,0.0,0.0,1.0,0.0,0.0,2.0,12.0,0.0,0.0,0.0,0.74075,0.74075,0.032846,0.956908,0.54075,0.8333,0.0,0.0,0.0,1.0,2.0,0.223,0.0,0.3774,1.0,0.077,0.0,0.0,0.0,6.0,0.234043,0.975563,1.0,0.603729,0.0,1.0,0.3997,1.0,1.0,1.0,1.0,1.0,1.0,1.0,1.0,1.0,1.0,1.0,1.0,1.0,1.0,1.0,1.0,1.0,1.0,1.0,1.0,1.0,1.0,1.0,1.0,1.0,1.0,1.0,1.0,1.0,1.0,1.0,1.0,1.0,1.0,1.0,1.0,1.0,1.0,1.0,1.0,1.0,1.0,1.0,1.0,1.0,1.0,1.0,1.0,1.0,1.0,1.0,1.0,1.0,1.0,CALL,factory_call_supplement
